,0,1,2,3,4,5,6,7,8,9,10,11,12,13,14,15,16,17,18,19,20,21,22,23,24,25,26,27,28,29,30,31,32,33,34,35,36,37,38,39,40,41,42,43,44,45,46,47,48,49,50,51,52,53,54,55,56,57,58,59,60,61,62,63,64,65,66,67,68,69,70,71,72,73,74,75,76,77,78,79,80,81,82,83,84,85,86,87,88,89,90,91,92,93,94,95,96,97,98,99,100,101,102,103,104,105,106,107,108,109,110,111,112,113,114,115,116,117,118,119,120,121,122,123,124,125,126,127,128,129,130,131,132,133,134,135,136,137,138,139,140,141,142,143,144,145,146,147,148,149,150,151,152
0,-1.0,1013360292.0,1015079670.0,103875671.0,1052911226.0,106796508.0,108309054.0,110400856.0,111116700.0,111503992.0,113547701.0,121087915.0,121368094.0,121802757.0,121870491.0,126046494.0,128777534.0,132102853.0,1346855293.0,1355021.0,135662673.0,137599238.0,1401700627.0,140402241.0,142132911.0,145622254.0,14601998.0,147525488.0,1526782062.0,1555882280.0,1613467909.0,1623352940.0,1673941226.0,168165602.0,168733133.0,16882312.0,16997713.0,183446972.0,18951775.0,193317832.0,1954655652.0,19657658.0,197637989.0,198411583.0,203646787.0,204212788.0,20560375.0,208885112.0,21252352.0,213502125.0,21704676.0,2182964016.0,221649838.0,222639514.0,2283621361.0,228447145.0,22921015.0,231143441.0,2341232977.0,237589260.0,2380425654.0,241816077.0,24837617.0,255314415.0,256429474.0,265650277.0,268317263.0,2698202942.0,2729894654.0,279854362.0,280845979.0,2834214000.0,283630711.0,285498769.0,2861284476.0,289732963.0,2912840665.0,2913777039.0,29153853.0,293436203.0,2948175271.0,296802328.0,2971298278.0,298801560.0,298978752.0,299533471.0,300454931.0,300872627.0,3179338645.0,321908610.0,323349728.0,3247317675.0,3289014529.0,3316409420.0,333393117.0,337600534.0,33841072.0,3402781883.0,344307661.0,34626356.0,36131579.0,36226373.0,376322010.0,390364845.0,39250934.0,410809934.0,411402689.0,433506102.0,442689691.0,449777937.0,451395108.0,45312342.0,453603539.0,455092249.0,462010647.0,464820696.0,47253341.0,4834837039.0,48416262.0,49310742.0,49790325.0,542266257.0,54585605.0,553015505.0,553332944.0,56286660.0,56561193.0,570675729.0,57673488.0,58666078.0,611471436.0,615970966.0,65208791.0,65230284.0,65644622.0,67092484.0,67205874.0,70119061.0,735556038.0,74259793.0,77162533.0,77213437.0,77258339.0,77904658.0,78049645.0,81031721.0,8.118654945211556e+17,82163419.0,83855061.0,8.600338213784658e+17,888986803.0,905065902.0,940683308.0
1,1013360292.0,0.0,1.0,0.0,0.0,0.0,23.0,0.0,0.0,8.0,0.0,0.0,0.0,0.0,0.0,0.0,0.0,0.0,0.0,0.0,0.0,0.0,0.0,1.0,0.0,3.0,4.0,0.0,0.0,0.0,3.0,1.0,0.0,1.0,0.0,3.0,2.0,1.0,2.0,0.0,0.0,1.0,1.0,0.0,2.0,0.0,1.0,2.0,2.0,0.0,2.0,2.0,0.0,1.0,0.0,0.0,0.0,0.0,0.0,2.0,1.0,5.0,0.0,1.0,1.0,3.0,3.0,0.0,1.0,0.0,3.0,1.0,0.0,0.0,1.0,0.0,1.0,1.0,0.0,1.0,0.0,2.0,2.0,0.0,5.0,1.0,0.0,0.0,0.0,0.0,1.0,3.0,0.0,0.0,1.0,0.0,0.0,1.0,0.0,1.0,1.0,0.0,1.0,0.0,1.0,5.0,0.0,2.0,0.0,0.0,0.0,1.0,2.0,0.0,18.0,2.0,0.0,1.0,0.0,0.0,1.0,2.0,0.0,0.0,0.0,0.0,0.0,0.0,0.0,7.0,0.0,1.0,1.0,1.0,1.0,2.0,1.0,1.0,0.0,0.0,2.0,6.0,0.0,1.0,0.0,0.0,0.0,0.0,0.0,2.0,0.0,1.0,1.0
2,1015079670.0,1.0,0.0,0.0,0.0,0.0,4.0,0.0,2.0,2.0,1.0,0.0,2.0,0.0,0.0,2.0,0.0,2.0,0.0,1.0,1.0,0.0,0.0,2.0,3.0,0.0,1.0,5.0,0.0,0.0,6.0,2.0,2.0,5.0,0.0,2.0,1.0,1.0,5.0,0.0,1.0,6.0,3.0,1.0,9.0,2.0,1.0,12.0,10.0,0.0,2.0,5.0,8.0,2.0,8.0,1.0,0.0,1.0,1.0,3.0,0.0,1.0,0.0,1.0,3.0,4.0,5.0,0.0,1.0,0.0,0.0,3.0,2.0,2.0,0.0,1.0,0.0,2.0,1.0,2.0,0.0,1.0,7.0,3.0,0.0,4.0,1.0,1.0,0.0,1.0,4.0,9.0,0.0,0.0,3.0,0.0,0.0,3.0,0.0,3.0,2.0,2.0,0.0,0.0,1.0,9.0,0.0,5.0,0.0,1.0,1.0,4.0,0.0,0.0,2.0,2.0,1.0,0.0,0.0,1.0,0.0,5.0,1.0,0.0,0.0,0.0,0.0,0.0,2.0,10.0,1.0,3.0,0.0,2.0,2.0,3.0,0.0,1.0,1.0,1.0,7.0,0.0,1.0,6.0,0.0,0.0,0.0,0.0,0.0,5.0,0.0,0.0,2.0
3,103875671.0,0.0,0.0,0.0,0.0,0.0,0.0,0.0,0.0,0.0,0.0,0.0,0.0,0.0,0.0,0.0,0.0,0.0,0.0,0.0,0.0,0.0,0.0,0.0,0.0,0.0,0.0,0.0,0.0,0.0,0.0,0.0,0.0,0.0,0.0,0.0,0.0,0.0,0.0,0.0,0.0,0.0,0.0,0.0,0.0,0.0,0.0,0.0,0.0,0.0,0.0,0.0,0.0,0.0,0.0,0.0,0.0,0.0,0.0,0.0,0.0,0.0,0.0,0.0,0.0,0.0,0.0,0.0,0.0,0.0,0.0,0.0,0.0,0.0,0.0,0.0,0.0,0.0,0.0,0.0,0.0,0.0,0.0,0.0,0.0,0.0,0.0,0.0,0.0,0.0,0.0,0.0,0.0,0.0,0.0,0.0,0.0,0.0,0.0,0.0,0.0,0.0,0.0,0.0,0.0,0.0,0.0,0.0,0.0,0.0,0.0,0.0,0.0,0.0,0.0,0.0,0.0,0.0,0.0,0.0,0.0,0.0,0.0,0.0,0.0,0.0,0.0,0.0,0.0,0.0,0.0,0.0,0.0,0.0,0.0,0.0,0.0,0.0,0.0,0.0,0.0,0.0,0.0,0.0,0.0,0.0,0.0,0.0,0.0,0.0,0.0,0.0,0.0
4,1052911226.0,0.0,0.0,0.0,0.0,0.0,0.0,0.0,1.0,0.0,0.0,0.0,0.0,0.0,0.0,0.0,0.0,1.0,0.0,0.0,0.0,3.0,0.0,0.0,0.0,0.0,0.0,0.0,0.0,0.0,0.0,0.0,1.0,1.0,0.0,0.0,3.0,2.0,0.0,0.0,0.0,0.0,0.0,0.0,0.0,0.0,1.0,0.0,23.0,0.0,0.0,0.0,0.0,0.0,0.0,0.0,0.0,0.0,0.0,0.0,0.0,0.0,0.0,1.0,1.0,0.0,2.0,0.0,9.0,0.0,0.0,0.0,0.0,0.0,2.0,0.0,0.0,0.0,0.0,0.0,0.0,1.0,36.0,2.0,0.0,0.0,0.0,0.0,1.0,2.0,0.0,2.0,0.0,0.0,1.0,0.0,29.0,0.0,0.0,0.0,0.0,0.0,0.0,0.0,0.0,0.0,0.0,0.0,1.0,0.0,0.0,1.0,1.0,15.0,0.0,0.0,0.0,0.0,0.0,0.0,0.0,0.0,0.0,0.0,0.0,0.0,0.0,0.0,0.0,2.0,0.0,0.0,1.0,1.0,0.0,0.0,0.0,0.0,0.0,2.0,8.0,0.0,0.0,0.0,0.0,0.0,0.0,0.0,0.0,1.0,23.0,0.0,0.0
5,106796508.0,0.0,0.0,0.0,0.0,0.0,0.0,0.0,0.0,0.0,17.0,0.0,0.0,0.0,0.0,66.0,0.0,0.0,0.0,0.0,0.0,0.0,0.0,16.0,0.0,53.0,9.0,0.0,0.0,0.0,0.0,2.0,0.0,0.0,0.0,61.0,0.0,0.0,0.0,0.0,4.0,0.0,0.0,1.0,0.0,0.0,0.0,50.0,0.0,0.0,0.0,0.0,0.0,10.0,6.0,0.0,0.0,0.0,3.0,0.0,6.0,0.0,0.0,0.0,0.0,0.0,0.0,0.0,0.0,33.0,0.0,0.0,0.0,0.0,0.0,0.0,0.0,0.0,0.0,18.0,7.0,0.0,0.0,0.0,0.0,8.0,0.0,14.0,0.0,0.0,4.0,0.0,5.0,0.0,1.0,2.0,0.0,0.0,0.0,0.0,21.0,0.0,0.0,0.0,0.0,0.0,0.0,16.0,0.0,0.0,0.0,12.0,0.0,0.0,0.0,0.0,7.0,0.0,0.0,0.0,0.0,0.0,0.0,3.0,0.0,0.0,6.0,0.0,41.0,0.0,0.0,19.0,0.0,0.0,12.0,0.0,2.0,4.0,0.0,0.0,18.0,0.0,0.0,0.0,0.0,0.0,1.0,0.0,25.0,0.0,0.0,0.0,0.0
6,108309054.0,23.0,4.0,0.0,0.0,0.0,0.0,0.0,1.0,11.0,0.0,0.0,2.0,0.0,1.0,3.0,0.0,0.0,0.0,1.0,0.0,0.0,0.0,3.0,3.0,4.0,5.0,2.0,0.0,0.0,2.0,0.0,3.0,2.0,1.0,5.0,1.0,0.0,3.0,0.0,1.0,2.0,3.0,1.0,5.0,2.0,1.0,6.0,2.0,0.0,2.0,4.0,3.0,2.0,3.0,3.0,0.0,1.0,0.0,1.0,1.0,9.0,0.0,3.0,2.0,5.0,4.0,0.0,1.0,0.0,46.0,2.0,0.0,3.0,0.0,1.0,0.0,2.0,2.0,1.0,0.0,1.0,3.0,1.0,3.0,0.0,1.0,1.0,2.0,1.0,3.0,5.0,0.0,0.0,1.0,0.0,3.0,1.0,0.0,1.0,3.0,1.0,1.0,0.0,0.0,24.0,0.0,3.0,0.0,0.0,0.0,3.0,1.0,1.0,37.0,2.0,1.0,0.0,0.0,0.0,0.0,4.0,1.0,0.0,0.0,0.0,1.0,0.0,0.0,5.0,1.0,2.0,0.0,2.0,3.0,2.0,1.0,2.0,0.0,0.0,5.0,8.0,0.0,2.0,2.0,0.0,0.0,0.0,0.0,2.0,0.0,0.0,2.0
7,110400856.0,0.0,0.0,0.0,0.0,0.0,0.0,0.0,0.0,0.0,0.0,0.0,0.0,0.0,0.0,0.0,0.0,0.0,0.0,0.0,0.0,0.0,0.0,0.0,0.0,0.0,0.0,0.0,0.0,0.0,0.0,0.0,0.0,0.0,0.0,0.0,0.0,0.0,0.0,0.0,0.0,0.0,0.0,0.0,0.0,0.0,0.0,0.0,0.0,0.0,0.0,0.0,0.0,0.0,0.0,0.0,0.0,0.0,0.0,0.0,0.0,0.0,0.0,0.0,0.0,0.0,0.0,1.0,0.0,0.0,0.0,0.0,0.0,0.0,0.0,0.0,0.0,0.0,0.0,0.0,0.0,0.0,0.0,0.0,0.0,0.0,0.0,0.0,0.0,0.0,0.0,0.0,0.0,0.0,0.0,0.0,0.0,0.0,0.0,0.0,0.0,0.0,0.0,0.0,0.0,0.0,0.0,0.0,0.0,0.0,0.0,0.0,0.0,0.0,0.0,0.0,0.0,0.0,0.0,0.0,0.0,0.0,0.0,0.0,0.0,0.0,0.0,0.0,0.0,0.0,0.0,0.0,0.0,0.0,0.0,0.0,0.0,0.0,0.0,0.0,0.0,0.0,0.0,0.0,0.0,0.0,0.0,0.0,0.0,0.0,0.0,0.0,0.0
8,111116700.0,0.0,2.0,0.0,1.0,0.0,1.0,0.0,0.0,1.0,0.0,0.0,7.0,2.0,0.0,0.0,0.0,0.0,0.0,2.0,1.0,1.0,3.0,2.0,1.0,1.0,3.0,3.0,0.0,0.0,1.0,4.0,3.0,2.0,0.0,3.0,0.0,2.0,4.0,0.0,1.0,2.0,1.0,1.0,1.0,1.0,3.0,2.0,4.0,0.0,1.0,2.0,2.0,1.0,2.0,1.0,0.0,0.0,0.0,1.0,1.0,0.0,0.0,1.0,0.0,3.0,10.0,0.0,0.0,0.0,0.0,1.0,0.0,2.0,10.0,0.0,0.0,3.0,1.0,0.0,0.0,1.0,0.0,7.0,1.0,0.0,1.0,1.0,0.0,3.0,1.0,3.0,0.0,0.0,0.0,0.0,2.0,1.0,0.0,2.0,1.0,1.0,0.0,0.0,0.0,2.0,0.0,1.0,0.0,0.0,0.0,2.0,2.0,0.0,0.0,2.0,1.0,0.0,0.0,0.0,0.0,1.0,0.0,0.0,0.0,0.0,0.0,0.0,0.0,7.0,2.0,0.0,0.0,0.0,1.0,1.0,0.0,1.0,1.0,2.0,3.0,0.0,0.0,1.0,0.0,0.0,0.0,0.0,0.0,0.0,1.0,0.0,1.0
9,111503992.0,8.0,2.0,0.0,0.0,0.0,11.0,0.0,1.0,0.0,1.0,0.0,7.0,7.0,2.0,3.0,0.0,6.0,0.0,4.0,0.0,1.0,0.0,5.0,6.0,4.0,4.0,5.0,0.0,1.0,3.0,0.0,0.0,5.0,6.0,11.0,3.0,4.0,6.0,0.0,2.0,2.0,5.0,6.0,8.0,1.0,3.0,9.0,10.0,0.0,6.0,6.0,2.0,5.0,5.0,3.0,0.0,1.0,0.0,3.0,3.0,2.0,0.0,4.0,9.0,12.0,14.0,0.0,0.0,0.0,1.0,3.0,0.0,1.0,2.0,0.0,0.0,4.0,3.0,1.0,0.0,8.0,6.0,5.0,3.0,0.0,3.0,1.0,2.0,2.0,9.0,11.0,0.0,2.0,0.0,5.0,2.0,4.0,0.0,6.0,5.0,1.0,1.0,0.0,1.0,8.0,0.0,13.0,0.0,0.0,1.0,4.0,0.0,3.0,3.0,3.0,1.0,0.0,0.0,0.0,0.0,4.0,0.0,1.0,0.0,3.0,0.0,2.0,4.0,11.0,2.0,2.0,0.0,8.0,4.0,2.0,1.0,1.0,0.0,4.0,11.0,2.0,0.0,7.0,4.0,0.0,0.0,1.0,0.0,7.0,1.0,0.0,5.0
10,113547701.0,0.0,1.0,0.0,0.0,17.0,0.0,0.0,0.0,1.0,0.0,0.0,2.0,1.0,4.0,31.0,0.0,3.0,0.0,1.0,0.0,0.0,0.0,24.0,4.0,14.0,7.0,2.0,0.0,0.0,2.0,4.0,1.0,4.0,1.0,19.0,1.0,0.0,5.0,0.0,1.0,5.0,1.0,1.0,5.0,0.0,1.0,23.0,4.0,0.0,0.0,2.0,0.0,2.0,13.0,0.0,1.0,0.0,6.0,2.0,12.0,6.0,0.0,1.0,4.0,3.0,4.0,0.0,0.0,18.0,0.0,0.0,0.0,0.0,0.0,0.0,2.0,0.0,0.0,19.0,9.0,2.0,3.0,2.0,1.0,24.0,0.0,6.0,0.0,3.0,0.0,6.0,16.0,0.0,5.0,3.0,0.0,1.0,1.0,3.0,19.0,0.0,0.0,1.0,0.0,2.0,0.0,14.0,0.0,0.0,0.0,30.0,0.0,0.0,0.0,0.0,2.0,0.0,1.0,1.0,3.0,3.0,0.0,10.0,0.0,0.0,16.0,0.0,32.0,2.0,0.0,17.0,0.0,3.0,11.0,0.0,3.0,4.0,0.0,1.0,15.0,0.0,1.0,5.0,0.0,0.0,2.0,0.0,22.0,5.0,0.0,0.0,0.0
11,121087915.0,0.0,0.0,0.0,0.0,0.0,0.0,0.0,0.0,0.0,0.0,0.0,0.0,0.0,0.0,0.0,0.0,0.0,0.0,0.0,0.0,0.0,0.0,0.0,0.0,0.0,0.0,0.0,0.0,0.0,0.0,0.0,0.0,0.0,0.0,0.0,0.0,0.0,0.0,0.0,0.0,0.0,0.0,0.0,0.0,0.0,0.0,0.0,0.0,0.0,0.0,0.0,0.0,0.0,0.0,0.0,0.0,0.0,0.0,0.0,0.0,0.0,0.0,0.0,0.0,0.0,0.0,0.0,0.0,0.0,0.0,0.0,0.0,0.0,0.0,0.0,0.0,0.0,0.0,0.0,0.0,0.0,0.0,0.0,0.0,0.0,0.0,0.0,0.0,0.0,0.0,0.0,0.0,0.0,0.0,0.0,0.0,0.0,0.0,0.0,0.0,0.0,0.0,0.0,0.0,0.0,0.0,0.0,0.0,0.0,0.0,0.0,0.0,0.0,0.0,0.0,0.0,0.0,0.0,0.0,0.0,0.0,0.0,0.0,0.0,0.0,0.0,0.0,0.0,0.0,0.0,0.0,0.0,0.0,0.0,0.0,0.0,0.0,0.0,0.0,0.0,0.0,0.0,0.0,0.0,0.0,0.0,0.0,0.0,0.0,0.0,0.0,0.0
12,121368094.0,0.0,2.0,0.0,0.0,0.0,2.0,0.0,7.0,7.0,2.0,0.0,0.0,5.0,0.0,4.0,0.0,1.0,0.0,3.0,0.0,0.0,1.0,3.0,4.0,4.0,10.0,6.0,0.0,0.0,5.0,3.0,2.0,24.0,4.0,7.0,2.0,0.0,8.0,0.0,1.0,4.0,5.0,1.0,11.0,6.0,4.0,6.0,16.0,0.0,2.0,3.0,1.0,2.0,6.0,2.0,2.0,1.0,0.0,1.0,2.0,2.0,0.0,7.0,7.0,5.0,17.0,0.0,1.0,0.0,0.0,2.0,0.0,1.0,4.0,0.0,2.0,2.0,4.0,1.0,0.0,4.0,5.0,4.0,2.0,0.0,2.0,1.0,1.0,3.0,2.0,10.0,1.0,0.0,9.0,3.0,2.0,3.0,0.0,4.0,2.0,1.0,1.0,0.0,1.0,7.0,0.0,9.0,0.0,0.0,1.0,7.0,1.0,0.0,0.0,3.0,1.0,1.0,0.0,1.0,1.0,7.0,1.0,0.0,0.0,5.0,0.0,1.0,8.0,14.0,1.0,4.0,1.0,6.0,0.0,1.0,1.0,1.0,0.0,3.0,11.0,1.0,3.0,18.0,0.0,0.0,0.0,0.0,0.0,4.0,0.0,4.0,1.0
13,121802757.0,0.0,0.0,0.0,0.0,0.0,0.0,0.0,2.0,7.0,1.0,0.0,5.0,0.0,3.0,1.0,0.0,1.0,0.0,5.0,2.0,1.0,1.0,3.0,3.0,2.0,149.0,2.0,0.0,0.0,2.0,1.0,5.0,6.0,2.0,6.0,6.0,6.0,6.0,0.0,0.0,1.0,1.0,2.0,7.0,0.0,4.0,7.0,12.0,0.0,1.0,2.0,0.0,5.0,3.0,0.0,2.0,3.0,0.0,3.0,4.0,3.0,0.0,1.0,7.0,3.0,28.0,0.0,5.0,0.0,0.0,0.0,0.0,0.0,19.0,2.0,0.0,5.0,5.0,0.0,0.0,6.0,12.0,16.0,1.0,0.0,1.0,0.0,4.0,6.0,0.0,9.0,1.0,2.0,0.0,5.0,10.0,3.0,0.0,5.0,4.0,0.0,2.0,0.0,1.0,2.0,1.0,15.0,0.0,0.0,2.0,3.0,2.0,1.0,0.0,7.0,0.0,0.0,0.0,0.0,0.0,1.0,0.0,0.0,0.0,6.0,0.0,2.0,5.0,17.0,14.0,0.0,2.0,5.0,2.0,0.0,0.0,0.0,0.0,3.0,11.0,1.0,0.0,7.0,2.0,0.0,1.0,0.0,0.0,8.0,29.0,0.0,1.0
14,121870491.0,0.0,0.0,0.0,0.0,0.0,1.0,0.0,0.0,2.0,4.0,0.0,0.0,3.0,0.0,5.0,1.0,6.0,0.0,2.0,0.0,1.0,0.0,2.0,35.0,0.0,0.0,9.0,0.0,0.0,1.0,0.0,6.0,8.0,1.0,4.0,5.0,1.0,9.0,0.0,0.0,15.0,0.0,1.0,30.0,1.0,2.0,6.0,11.0,0.0,1.0,4.0,0.0,1.0,4.0,0.0,0.0,1.0,0.0,5.0,1.0,1.0,0.0,5.0,11.0,5.0,14.0,0.0,0.0,0.0,1.0,0.0,0.0,1.0,1.0,0.0,0.0,0.0,0.0,0.0,0.0,4.0,3.0,4.0,1.0,6.0,1.0,0.0,1.0,3.0,0.0,21.0,0.0,3.0,5.0,1.0,3.0,7.0,0.0,6.0,3.0,0.0,0.0,1.0,6.0,22.0,0.0,11.0,0.0,0.0,5.0,5.0,1.0,0.0,0.0,1.0,0.0,0.0,0.0,0.0,1.0,3.0,1.0,0.0,0.0,2.0,0.0,3.0,2.0,4.0,1.0,2.0,0.0,4.0,1.0,0.0,0.0,1.0,1.0,2.0,14.0,0.0,5.0,20.0,1.0,0.0,0.0,0.0,0.0,12.0,2.0,0.0,1.0
15,126046494.0,0.0,2.0,0.0,0.0,66.0,3.0,0.0,0.0,3.0,31.0,0.0,4.0,1.0,5.0,0.0,0.0,5.0,0.0,1.0,0.0,1.0,0.0,50.0,4.0,64.0,35.0,5.0,0.0,1.0,5.0,8.0,5.0,7.0,3.0,69.0,3.0,1.0,6.0,0.0,5.0,6.0,3.0,2.0,15.0,3.0,1.0,70.0,10.0,0.0,3.0,4.0,0.0,11.0,19.0,2.0,1.0,0.0,13.0,5.0,15.0,7.0,0.0,5.0,8.0,5.0,10.0,3.0,0.0,39.0,1.0,1.0,2.0,3.0,0.0,1.0,1.0,0.0,0.0,33.0,13.0,2.0,5.0,2.0,1.0,19.0,1.0,24.0,1.0,2.0,3.0,10.0,13.0,0.0,9.0,9.0,2.0,6.0,0.0,9.0,47.0,0.0,2.0,1.0,2.0,12.0,0.0,43.0,0.0,1.0,0.0,37.0,0.0,0.0,0.0,0.0,8.0,0.0,1.0,1.0,3.0,6.0,1.0,21.0,0.0,3.0,14.0,1.0,63.0,5.0,0.0,32.0,0.0,6.0,32.0,3.0,13.0,11.0,0.0,1.0,34.0,0.0,5.0,19.0,1.0,0.0,3.0,0.0,53.0,6.0,0.0,1.0,1.0
16,128777534.0,0.0,0.0,0.0,0.0,0.0,0.0,0.0,0.0,0.0,0.0,0.0,0.0,0.0,1.0,0.0,0.0,1.0,0.0,1.0,0.0,1.0,0.0,0.0,0.0,1.0,1.0,1.0,0.0,0.0,1.0,0.0,1.0,2.0,0.0,0.0,1.0,1.0,0.0,0.0,0.0,3.0,0.0,0.0,1.0,0.0,0.0,0.0,2.0,0.0,1.0,1.0,0.0,1.0,1.0,0.0,0.0,0.0,0.0,1.0,0.0,0.0,0.0,0.0,1.0,2.0,3.0,0.0,1.0,0.0,1.0,1.0,0.0,0.0,0.0,0.0,1.0,2.0,0.0,0.0,0.0,0.0,0.0,0.0,1.0,0.0,0.0,0.0,0.0,0.0,0.0,1.0,1.0,1.0,0.0,0.0,4.0,1.0,0.0,0.0,0.0,0.0,0.0,0.0,0.0,3.0,0.0,1.0,0.0,0.0,0.0,3.0,0.0,0.0,0.0,0.0,0.0,0.0,0.0,0.0,1.0,0.0,0.0,0.0,0.0,0.0,1.0,0.0,1.0,1.0,0.0,1.0,0.0,1.0,0.0,0.0,1.0,1.0,0.0,0.0,3.0,0.0,1.0,1.0,0.0,0.0,0.0,0.0,0.0,2.0,0.0,0.0,0.0
17,132102853.0,0.0,2.0,0.0,1.0,0.0,0.0,0.0,0.0,6.0,3.0,0.0,1.0,1.0,6.0,5.0,1.0,0.0,0.0,4.0,0.0,1.0,0.0,3.0,6.0,2.0,1.0,26.0,0.0,1.0,8.0,3.0,5.0,8.0,5.0,5.0,3.0,11.0,6.0,0.0,0.0,9.0,1.0,2.0,17.0,0.0,4.0,6.0,13.0,0.0,5.0,3.0,0.0,1.0,11.0,2.0,1.0,1.0,0.0,6.0,0.0,2.0,1.0,2.0,22.0,12.0,11.0,2.0,0.0,0.0,1.0,3.0,1.0,0.0,3.0,1.0,2.0,3.0,0.0,0.0,0.0,14.0,8.0,3.0,2.0,6.0,56.0,0.0,0.0,2.0,2.0,19.0,0.0,2.0,5.0,0.0,3.0,9.0,0.0,9.0,3.0,0.0,1.0,1.0,3.0,12.0,0.0,9.0,0.0,1.0,2.0,5.0,1.0,2.0,1.0,0.0,0.0,1.0,0.0,1.0,4.0,8.0,4.0,0.0,0.0,2.0,1.0,3.0,3.0,6.0,1.0,6.0,1.0,7.0,0.0,1.0,2.0,1.0,0.0,2.0,12.0,0.0,1.0,16.0,0.0,0.0,0.0,9.0,0.0,15.0,1.0,0.0,3.0
18,1346855293.0,0.0,0.0,0.0,0.0,0.0,0.0,0.0,0.0,0.0,0.0,0.0,0.0,0.0,0.0,0.0,0.0,0.0,0.0,0.0,0.0,0.0,0.0,0.0,0.0,0.0,0.0,0.0,0.0,0.0,0.0,0.0,0.0,0.0,0.0,0.0,0.0,0.0,0.0,0.0,0.0,0.0,0.0,0.0,0.0,0.0,0.0,0.0,0.0,0.0,0.0,0.0,0.0,0.0,0.0,0.0,0.0,0.0,0.0,0.0,0.0,0.0,0.0,0.0,0.0,0.0,0.0,0.0,0.0,0.0,0.0,0.0,0.0,0.0,0.0,0.0,0.0,0.0,0.0,0.0,0.0,0.0,0.0,0.0,0.0,0.0,0.0,0.0,0.0,0.0,0.0,0.0,0.0,0.0,0.0,0.0,0.0,0.0,0.0,0.0,0.0,0.0,0.0,0.0,0.0,0.0,0.0,0.0,0.0,1.0,0.0,0.0,0.0,0.0,0.0,0.0,0.0,0.0,0.0,0.0,0.0,0.0,0.0,0.0,0.0,0.0,0.0,0.0,0.0,0.0,0.0,0.0,0.0,0.0,0.0,0.0,0.0,0.0,0.0,0.0,0.0,0.0,0.0,0.0,0.0,0.0,0.0,0.0,0.0,0.0,0.0,0.0,0.0
19,1355021.0,0.0,1.0,0.0,0.0,0.0,1.0,0.0,2.0,4.0,1.0,0.0,3.0,5.0,2.0,1.0,1.0,4.0,0.0,0.0,5.0,1.0,0.0,4.0,3.0,2.0,8.0,5.0,0.0,0.0,1.0,0.0,2.0,8.0,6.0,6.0,2.0,1.0,4.0,0.0,1.0,2.0,2.0,1.0,5.0,1.0,3.0,5.0,9.0,0.0,4.0,3.0,1.0,4.0,3.0,36.0,0.0,0.0,0.0,1.0,5.0,2.0,0.0,1.0,26.0,8.0,16.0,0.0,2.0,0.0,1.0,1.0,0.0,1.0,4.0,0.0,0.0,2.0,1.0,0.0,0.0,3.0,7.0,6.0,1.0,0.0,2.0,1.0,1.0,4.0,1.0,10.0,1.0,1.0,0.0,3.0,3.0,4.0,0.0,9.0,3.0,1.0,3.0,0.0,1.0,2.0,0.0,9.0,3.0,0.0,3.0,4.0,1.0,1.0,0.0,4.0,1.0,0.0,0.0,0.0,9.0,1.0,1.0,0.0,0.0,2.0,2.0,0.0,4.0,15.0,2.0,0.0,0.0,7.0,2.0,1.0,2.0,2.0,0.0,2.0,8.0,0.0,2.0,6.0,1.0,0.0,2.0,0.0,0.0,8.0,2.0,0.0,2.0
20,135662673.0,0.0,1.0,0.0,0.0,0.0,0.0,0.0,1.0,0.0,0.0,0.0,0.0,2.0,0.0,0.0,0.0,0.0,0.0,5.0,0.0,0.0,0.0,1.0,0.0,0.0,3.0,2.0,0.0,0.0,1.0,1.0,3.0,1.0,2.0,4.0,3.0,0.0,1.0,0.0,0.0,1.0,0.0,0.0,2.0,0.0,0.0,2.0,2.0,0.0,1.0,1.0,1.0,3.0,1.0,4.0,0.0,0.0,0.0,3.0,1.0,0.0,0.0,0.0,9.0,22.0,5.0,0.0,2.0,0.0,0.0,0.0,0.0,1.0,4.0,0.0,0.0,0.0,0.0,0.0,0.0,1.0,4.0,3.0,0.0,0.0,1.0,0.0,4.0,3.0,0.0,2.0,1.0,0.0,0.0,0.0,3.0,1.0,0.0,5.0,1.0,1.0,1.0,0.0,0.0,1.0,0.0,3.0,1.0,0.0,0.0,3.0,0.0,1.0,0.0,2.0,0.0,0.0,0.0,0.0,1.0,1.0,0.0,0.0,0.0,0.0,0.0,0.0,0.0,3.0,0.0,0.0,0.0,3.0,2.0,0.0,0.0,0.0,1.0,1.0,3.0,0.0,0.0,1.0,0.0,0.0,2.0,0.0,0.0,5.0,3.0,0.0,2.0
21,137599238.0,0.0,0.0,0.0,3.0,0.0,0.0,0.0,1.0,1.0,0.0,0.0,0.0,1.0,1.0,1.0,1.0,1.0,0.0,1.0,0.0,0.0,0.0,3.0,3.0,0.0,0.0,4.0,0.0,0.0,4.0,0.0,0.0,6.0,0.0,3.0,12.0,1.0,3.0,0.0,0.0,2.0,1.0,1.0,2.0,1.0,3.0,1.0,10.0,0.0,1.0,2.0,0.0,0.0,2.0,0.0,0.0,2.0,0.0,2.0,1.0,1.0,0.0,2.0,2.0,3.0,6.0,0.0,0.0,0.0,0.0,0.0,0.0,0.0,1.0,0.0,0.0,4.0,1.0,0.0,0.0,3.0,0.0,1.0,2.0,0.0,1.0,0.0,0.0,1.0,0.0,4.0,0.0,0.0,3.0,1.0,4.0,2.0,0.0,1.0,1.0,0.0,0.0,0.0,2.0,1.0,0.0,3.0,0.0,0.0,0.0,1.0,0.0,0.0,0.0,3.0,0.0,0.0,0.0,0.0,0.0,2.0,1.0,0.0,0.0,2.0,0.0,0.0,1.0,8.0,0.0,0.0,1.0,3.0,0.0,0.0,0.0,0.0,1.0,2.0,9.0,0.0,1.0,4.0,0.0,0.0,0.0,0.0,0.0,3.0,0.0,0.0,1.0
22,1401700627.0,0.0,0.0,0.0,0.0,0.0,0.0,0.0,3.0,0.0,0.0,0.0,1.0,1.0,0.0,0.0,0.0,0.0,0.0,0.0,0.0,0.0,0.0,0.0,0.0,0.0,0.0,1.0,0.0,0.0,0.0,0.0,2.0,2.0,0.0,0.0,2.0,0.0,0.0,0.0,0.0,2.0,0.0,0.0,0.0,0.0,3.0,0.0,0.0,0.0,0.0,0.0,0.0,0.0,0.0,0.0,1.0,0.0,0.0,0.0,0.0,0.0,0.0,0.0,0.0,2.0,1.0,0.0,0.0,0.0,0.0,0.0,0.0,0.0,2.0,0.0,2.0,1.0,0.0,0.0,0.0,0.0,1.0,0.0,1.0,0.0,0.0,0.0,0.0,0.0,0.0,6.0,0.0,1.0,1.0,0.0,0.0,1.0,0.0,0.0,0.0,0.0,0.0,0.0,0.0,1.0,0.0,1.0,0.0,0.0,0.0,0.0,0.0,0.0,0.0,1.0,0.0,0.0,0.0,0.0,0.0,20.0,0.0,0.0,0.0,0.0,0.0,1.0,0.0,1.0,1.0,1.0,2.0,0.0,0.0,0.0,0.0,0.0,0.0,0.0,3.0,0.0,0.0,0.0,0.0,0.0,0.0,0.0,0.0,1.0,3.0,0.0,0.0
23,140402241.0,1.0,2.0,0.0,0.0,16.0,3.0,0.0,2.0,5.0,24.0,0.0,3.0,3.0,2.0,50.0,0.0,3.0,0.0,4.0,1.0,3.0,0.0,0.0,4.0,43.0,41.0,4.0,0.0,0.0,4.0,3.0,1.0,5.0,0.0,66.0,6.0,1.0,5.0,0.0,6.0,3.0,2.0,3.0,9.0,2.0,4.0,33.0,8.0,0.0,4.0,6.0,1.0,8.0,12.0,1.0,1.0,0.0,12.0,3.0,14.0,7.0,0.0,3.0,2.0,8.0,9.0,0.0,2.0,16.0,1.0,0.0,1.0,1.0,5.0,3.0,1.0,0.0,1.0,26.0,17.0,3.0,3.0,4.0,1.0,23.0,3.0,15.0,0.0,3.0,3.0,10.0,21.0,1.0,2.0,6.0,1.0,4.0,0.0,6.0,39.0,2.0,2.0,1.0,1.0,4.0,0.0,40.0,0.0,1.0,0.0,53.0,1.0,1.0,0.0,3.0,5.0,0.0,0.0,1.0,1.0,5.0,0.0,13.0,0.0,1.0,16.0,0.0,56.0,12.0,3.0,25.0,0.0,4.0,18.0,1.0,11.0,19.0,0.0,2.0,31.0,0.0,0.0,11.0,2.0,0.0,4.0,0.0,38.0,8.0,0.0,0.0,2.0
24,142132911.0,0.0,3.0,0.0,0.0,0.0,3.0,0.0,1.0,6.0,4.0,0.0,4.0,3.0,35.0,4.0,0.0,6.0,0.0,3.0,0.0,3.0,0.0,4.0,0.0,2.0,3.0,8.0,0.0,0.0,5.0,2.0,7.0,16.0,4.0,7.0,5.0,3.0,11.0,0.0,1.0,15.0,5.0,2.0,30.0,2.0,6.0,9.0,24.0,0.0,2.0,6.0,1.0,2.0,10.0,1.0,4.0,15.0,0.0,8.0,2.0,2.0,0.0,5.0,15.0,15.0,18.0,1.0,0.0,0.0,2.0,1.0,0.0,3.0,0.0,0.0,7.0,1.0,2.0,0.0,0.0,8.0,4.0,4.0,3.0,4.0,3.0,1.0,0.0,2.0,3.0,41.0,0.0,1.0,1.0,2.0,9.0,4.0,0.0,8.0,6.0,2.0,0.0,0.0,7.0,21.0,0.0,20.0,0.0,0.0,10.0,6.0,1.0,1.0,0.0,5.0,1.0,1.0,0.0,1.0,1.0,8.0,3.0,0.0,0.0,3.0,0.0,3.0,6.0,8.0,1.0,4.0,0.0,5.0,2.0,2.0,0.0,1.0,3.0,4.0,34.0,0.0,1.0,17.0,0.0,0.0,0.0,0.0,0.0,17.0,1.0,0.0,2.0
25,145622254.0,3.0,0.0,0.0,0.0,53.0,4.0,0.0,1.0,4.0,14.0,0.0,4.0,2.0,0.0,64.0,1.0,2.0,0.0,2.0,0.0,0.0,0.0,43.0,2.0,0.0,58.0,2.0,0.0,1.0,1.0,2.0,1.0,5.0,0.0,191.0,2.0,0.0,2.0,0.0,15.0,0.0,0.0,1.0,4.0,0.0,0.0,46.0,5.0,0.0,3.0,0.0,0.0,15.0,16.0,0.0,1.0,2.0,8.0,2.0,20.0,9.0,0.0,1.0,6.0,5.0,12.0,0.0,1.0,18.0,2.0,3.0,0.0,0.0,2.0,1.0,1.0,1.0,0.0,29.0,12.0,4.0,1.0,0.0,1.0,11.0,0.0,12.0,0.0,1.0,6.0,4.0,12.0,0.0,1.0,18.0,2.0,2.0,0.0,3.0,38.0,0.0,0.0,0.0,0.0,12.0,0.0,42.0,0.0,0.0,0.0,41.0,0.0,0.0,1.0,3.0,6.0,0.0,0.0,1.0,1.0,1.0,0.0,10.0,0.0,2.0,12.0,0.0,63.0,8.0,1.0,24.0,2.0,4.0,16.0,1.0,12.0,13.0,0.0,2.0,32.0,0.0,0.0,4.0,5.0,0.0,6.0,2.0,38.0,3.0,0.0,0.0,0.0
26,14601998.0,4.0,1.0,0.0,0.0,9.0,5.0,0.0,3.0,4.0,7.0,0.0,10.0,149.0,0.0,35.0,1.0,1.0,0.0,8.0,3.0,0.0,0.0,41.0,3.0,58.0,0.0,4.0,0.0,0.0,8.0,5.0,7.0,14.0,4.0,97.0,9.0,2.0,8.0,0.0,4.0,12.0,10.0,4.0,12.0,1.0,9.0,34.0,43.0,0.0,3.0,7.0,1.0,6.0,10.0,1.0,0.0,2.0,6.0,6.0,24.0,13.0,1.0,2.0,6.0,17.0,42.0,0.0,3.0,8.0,1.0,2.0,0.0,1.0,16.0,3.0,7.0,11.0,5.0,19.0,9.0,8.0,5.0,12.0,2.0,9.0,2.0,11.0,2.0,5.0,5.0,27.0,9.0,0.0,6.0,11.0,11.0,5.0,0.0,8.0,25.0,2.0,2.0,0.0,2.0,9.0,0.0,44.0,0.0,0.0,2.0,32.0,3.0,0.0,1.0,6.0,7.0,1.0,1.0,0.0,3.0,3.0,2.0,15.0,0.0,6.0,10.0,0.0,67.0,32.0,21.0,21.0,2.0,8.0,11.0,3.0,16.0,14.0,0.0,1.0,78.0,3.0,0.0,19.0,1.0,0.0,8.0,0.0,29.0,9.0,5.0,1.0,1.0
27,147525488.0,0.0,5.0,0.0,0.0,0.0,2.0,0.0,3.0,5.0,2.0,0.0,6.0,2.0,9.0,5.0,1.0,26.0,0.0,5.0,2.0,4.0,1.0,4.0,8.0,2.0,4.0,0.0,0.0,0.0,12.0,4.0,4.0,12.0,4.0,3.0,4.0,2.0,15.0,0.0,1.0,14.0,7.0,2.0,19.0,1.0,3.0,7.0,20.0,0.0,4.0,7.0,2.0,1.0,14.0,2.0,1.0,2.0,0.0,7.0,2.0,5.0,0.0,7.0,13.0,15.0,21.0,0.0,1.0,0.0,1.0,2.0,2.0,2.0,1.0,1.0,3.0,2.0,1.0,1.0,0.0,10.0,9.0,6.0,2.0,2.0,8.0,1.0,1.0,2.0,6.0,23.0,1.0,5.0,3.0,3.0,5.0,18.0,0.0,10.0,3.0,3.0,1.0,0.0,3.0,29.0,0.0,13.0,0.0,0.0,4.0,13.0,2.0,0.0,1.0,2.0,1.0,0.0,0.0,1.0,1.0,9.0,1.0,0.0,0.0,3.0,0.0,2.0,4.0,11.0,1.0,8.0,0.0,7.0,1.0,1.0,0.0,1.0,2.0,3.0,32.0,0.0,9.0,20.0,2.0,0.0,0.0,1.0,0.0,14.0,0.0,1.0,4.0
28,1526782062.0,0.0,0.0,0.0,0.0,0.0,0.0,0.0,0.0,0.0,0.0,0.0,0.0,0.0,0.0,0.0,0.0,0.0,0.0,0.0,0.0,0.0,0.0,0.0,0.0,0.0,0.0,0.0,0.0,0.0,0.0,0.0,0.0,0.0,0.0,0.0,0.0,2.0,0.0,0.0,0.0,0.0,0.0,0.0,0.0,0.0,0.0,0.0,0.0,0.0,0.0,0.0,0.0,0.0,0.0,0.0,0.0,0.0,0.0,0.0,0.0,0.0,0.0,0.0,0.0,0.0,0.0,0.0,0.0,0.0,0.0,0.0,0.0,0.0,0.0,0.0,0.0,0.0,0.0,0.0,0.0,0.0,0.0,0.0,0.0,0.0,0.0,0.0,0.0,0.0,0.0,0.0,0.0,0.0,0.0,0.0,0.0,0.0,0.0,0.0,0.0,0.0,0.0,0.0,0.0,0.0,0.0,0.0,0.0,0.0,0.0,0.0,0.0,0.0,0.0,0.0,0.0,0.0,0.0,0.0,0.0,0.0,0.0,0.0,0.0,0.0,0.0,0.0,0.0,0.0,0.0,0.0,0.0,0.0,0.0,0.0,0.0,0.0,0.0,0.0,0.0,0.0,0.0,0.0,0.0,0.0,0.0,0.0,0.0,0.0,1.0,0.0,0.0
29,1555882280.0,0.0,0.0,0.0,0.0,0.0,0.0,0.0,0.0,1.0,0.0,0.0,0.0,0.0,0.0,1.0,0.0,1.0,0.0,0.0,0.0,0.0,0.0,0.0,0.0,1.0,0.0,0.0,0.0,0.0,0.0,9.0,2.0,0.0,0.0,0.0,0.0,2.0,0.0,0.0,0.0,0.0,0.0,0.0,7.0,0.0,0.0,2.0,0.0,0.0,0.0,0.0,0.0,0.0,0.0,2.0,0.0,0.0,0.0,0.0,0.0,0.0,0.0,0.0,1.0,1.0,0.0,2.0,0.0,0.0,0.0,0.0,0.0,0.0,0.0,0.0,0.0,0.0,0.0,0.0,0.0,0.0,0.0,3.0,0.0,0.0,0.0,0.0,1.0,0.0,0.0,0.0,0.0,0.0,1.0,0.0,1.0,5.0,0.0,1.0,1.0,0.0,0.0,0.0,0.0,3.0,0.0,1.0,0.0,0.0,1.0,3.0,0.0,0.0,0.0,0.0,1.0,0.0,0.0,0.0,0.0,0.0,4.0,0.0,0.0,0.0,0.0,0.0,0.0,0.0,0.0,0.0,0.0,0.0,0.0,0.0,0.0,0.0,0.0,0.0,0.0,0.0,0.0,7.0,2.0,0.0,0.0,0.0,0.0,0.0,1.0,0.0,0.0
30,1613467909.0,3.0,6.0,0.0,0.0,0.0,2.0,0.0,1.0,3.0,2.0,0.0,5.0,2.0,1.0,5.0,1.0,8.0,0.0,1.0,1.0,4.0,0.0,4.0,5.0,1.0,8.0,12.0,0.0,0.0,0.0,7.0,8.0,17.0,4.0,3.0,8.0,4.0,11.0,0.0,0.0,12.0,7.0,1.0,27.0,0.0,1.0,13.0,26.0,0.0,3.0,7.0,1.0,1.0,14.0,1.0,1.0,1.0,0.0,10.0,1.0,9.0,0.0,6.0,11.0,14.0,19.0,0.0,0.0,0.0,0.0,3.0,3.0,1.0,0.0,0.0,4.0,3.0,1.0,2.0,0.0,2.0,8.0,3.0,3.0,7.0,1.0,0.0,0.0,1.0,4.0,26.0,3.0,1.0,14.0,0.0,7.0,10.0,0.0,8.0,3.0,0.0,0.0,1.0,3.0,51.0,0.0,8.0,0.0,0.0,1.0,11.0,1.0,0.0,3.0,4.0,0.0,0.0,0.0,1.0,2.0,10.0,3.0,0.0,0.0,1.0,0.0,2.0,4.0,12.0,0.0,12.0,0.0,15.0,2.0,3.0,1.0,1.0,2.0,2.0,27.0,0.0,2.0,13.0,1.0,0.0,0.0,0.0,0.0,9.0,0.0,3.0,2.0
31,1623352940.0,1.0,2.0,0.0,0.0,2.0,0.0,0.0,4.0,0.0,4.0,0.0,3.0,1.0,0.0,8.0,0.0,3.0,0.0,0.0,1.0,0.0,0.0,3.0,2.0,2.0,5.0,4.0,0.0,9.0,7.0,0.0,15.0,4.0,1.0,1.0,1.0,3.0,3.0,0.0,0.0,2.0,3.0,0.0,30.0,1.0,0.0,16.0,10.0,0.0,1.0,1.0,0.0,1.0,6.0,0.0,0.0,1.0,0.0,2.0,2.0,5.0,0.0,0.0,1.0,4.0,10.0,3.0,0.0,2.0,1.0,2.0,1.0,0.0,7.0,1.0,0.0,1.0,0.0,4.0,0.0,2.0,3.0,5.0,1.0,7.0,0.0,0.0,1.0,2.0,3.0,12.0,1.0,0.0,9.0,1.0,1.0,23.0,0.0,4.0,3.0,1.0,1.0,0.0,0.0,12.0,0.0,4.0,0.0,1.0,1.0,9.0,5.0,0.0,0.0,0.0,0.0,0.0,1.0,1.0,0.0,2.0,10.0,0.0,0.0,2.0,1.0,0.0,6.0,4.0,0.0,9.0,0.0,3.0,0.0,0.0,0.0,0.0,0.0,1.0,9.0,1.0,2.0,32.0,1.0,0.0,0.0,0.0,0.0,3.0,0.0,2.0,2.0
32,1673941226.0,0.0,2.0,0.0,1.0,0.0,3.0,0.0,3.0,0.0,1.0,0.0,2.0,5.0,6.0,5.0,1.0,5.0,0.0,2.0,3.0,0.0,2.0,1.0,7.0,1.0,7.0,4.0,0.0,2.0,8.0,15.0,0.0,14.0,4.0,4.0,4.0,11.0,12.0,0.0,0.0,13.0,1.0,1.0,46.0,0.0,3.0,8.0,16.0,0.0,1.0,1.0,2.0,1.0,3.0,0.0,5.0,5.0,0.0,5.0,2.0,4.0,0.0,0.0,10.0,10.0,17.0,3.0,2.0,1.0,1.0,2.0,0.0,1.0,8.0,2.0,1.0,4.0,0.0,0.0,0.0,4.0,11.0,4.0,1.0,2.0,1.0,0.0,1.0,1.0,1.0,28.0,2.0,2.0,13.0,0.0,10.0,18.0,0.0,7.0,2.0,1.0,3.0,3.0,6.0,20.0,0.0,3.0,1.0,0.0,1.0,14.0,1.0,1.0,0.0,1.0,0.0,1.0,2.0,2.0,1.0,8.0,9.0,0.0,0.0,2.0,1.0,10.0,1.0,9.0,3.0,3.0,3.0,16.0,2.0,2.0,0.0,0.0,3.0,3.0,20.0,0.0,1.0,51.0,0.0,0.0,0.0,0.0,0.0,7.0,3.0,1.0,1.0
33,168165602.0,1.0,5.0,0.0,1.0,0.0,2.0,0.0,2.0,5.0,4.0,0.0,24.0,6.0,8.0,7.0,2.0,8.0,0.0,8.0,1.0,6.0,2.0,5.0,16.0,5.0,14.0,12.0,0.0,0.0,17.0,4.0,14.0,0.0,8.0,10.0,9.0,8.0,20.0,0.0,1.0,21.0,7.0,2.0,30.0,16.0,8.0,14.0,41.0,0.0,4.0,6.0,4.0,3.0,17.0,1.0,5.0,8.0,1.0,10.0,8.0,7.0,0.0,19.0,24.0,38.0,49.0,0.0,2.0,0.0,2.0,9.0,2.0,4.0,4.0,2.0,10.0,7.0,4.0,1.0,0.0,10.0,11.0,5.0,5.0,8.0,3.0,1.0,4.0,3.0,3.0,37.0,5.0,1.0,41.0,3.0,11.0,4.0,0.0,13.0,4.0,3.0,0.0,2.0,10.0,53.0,0.0,15.0,0.0,0.0,2.0,18.0,4.0,0.0,0.0,10.0,2.0,2.0,1.0,2.0,6.0,15.0,6.0,0.0,0.0,8.0,2.0,3.0,12.0,31.0,2.0,14.0,2.0,14.0,4.0,5.0,1.0,4.0,3.0,4.0,72.0,2.0,15.0,60.0,2.0,0.0,0.0,0.0,0.0,15.0,2.0,8.0,2.0
34,168733133.0,0.0,0.0,0.0,0.0,0.0,1.0,0.0,0.0,6.0,1.0,0.0,4.0,2.0,1.0,3.0,0.0,5.0,0.0,6.0,2.0,0.0,0.0,0.0,4.0,0.0,4.0,4.0,0.0,0.0,4.0,1.0,4.0,8.0,0.0,4.0,2.0,7.0,3.0,0.0,0.0,3.0,3.0,0.0,13.0,0.0,4.0,4.0,8.0,6.0,0.0,0.0,0.0,0.0,5.0,5.0,1.0,2.0,0.0,1.0,3.0,1.0,0.0,0.0,11.0,24.0,6.0,0.0,0.0,0.0,0.0,2.0,0.0,0.0,1.0,0.0,2.0,2.0,0.0,0.0,0.0,9.0,5.0,0.0,1.0,4.0,1.0,0.0,0.0,0.0,2.0,9.0,0.0,0.0,3.0,0.0,10.0,1.0,0.0,5.0,0.0,2.0,0.0,1.0,1.0,12.0,0.0,1.0,0.0,0.0,1.0,5.0,0.0,1.0,0.0,0.0,0.0,1.0,0.0,0.0,4.0,6.0,2.0,0.0,0.0,3.0,0.0,3.0,1.0,5.0,2.0,3.0,0.0,13.0,0.0,0.0,0.0,0.0,0.0,1.0,10.0,0.0,9.0,9.0,0.0,0.0,0.0,0.0,0.0,2.0,0.0,1.0,3.0
35,16882312.0,3.0,2.0,0.0,0.0,61.0,5.0,0.0,3.0,11.0,19.0,0.0,7.0,6.0,4.0,69.0,0.0,5.0,0.0,6.0,4.0,3.0,0.0,66.0,7.0,191.0,97.0,3.0,0.0,0.0,3.0,1.0,4.0,10.0,4.0,0.0,12.0,7.0,15.0,0.0,26.0,8.0,3.0,6.0,8.0,3.0,12.0,67.0,22.0,0.0,7.0,10.0,1.0,19.0,21.0,3.0,2.0,2.0,9.0,6.0,26.0,11.0,1.0,4.0,15.0,11.0,26.0,1.0,8.0,13.0,4.0,4.0,0.0,4.0,6.0,8.0,1.0,5.0,4.0,28.0,15.0,10.0,7.0,8.0,3.0,11.0,3.0,20.0,2.0,4.0,9.0,13.0,16.0,0.0,3.0,20.0,11.0,8.0,0.0,13.0,62.0,2.0,5.0,0.0,2.0,11.0,0.0,52.0,0.0,0.0,0.0,36.0,2.0,3.0,0.0,10.0,6.0,0.0,1.0,1.0,1.0,7.0,1.0,17.0,0.0,5.0,12.0,0.0,87.0,22.0,2.0,30.0,1.0,6.0,26.0,4.0,13.0,15.0,0.0,4.0,58.0,0.0,3.0,13.0,6.0,0.0,6.0,1.0,46.0,9.0,8.0,0.0,3.0
36,16997713.0,2.0,1.0,0.0,3.0,0.0,1.0,0.0,0.0,3.0,1.0,0.0,2.0,6.0,5.0,3.0,1.0,3.0,0.0,2.0,3.0,12.0,2.0,6.0,5.0,2.0,9.0,4.0,0.0,0.0,8.0,1.0,4.0,9.0,2.0,12.0,0.0,3.0,12.0,0.0,0.0,8.0,4.0,1.0,10.0,1.0,9.0,6.0,32.0,0.0,2.0,5.0,0.0,3.0,5.0,0.0,2.0,2.0,0.0,11.0,1.0,1.0,0.0,7.0,16.0,8.0,28.0,0.0,5.0,0.0,0.0,1.0,0.0,0.0,13.0,2.0,1.0,3.0,2.0,1.0,0.0,5.0,8.0,6.0,2.0,1.0,1.0,0.0,8.0,7.0,1.0,21.0,2.0,2.0,5.0,1.0,17.0,5.0,0.0,10.0,5.0,1.0,1.0,0.0,3.0,11.0,3.0,10.0,0.0,0.0,0.0,7.0,11.0,0.0,0.0,7.0,0.0,0.0,0.0,1.0,2.0,6.0,0.0,0.0,0.0,6.0,0.0,1.0,4.0,17.0,2.0,3.0,2.0,6.0,2.0,3.0,0.0,2.0,0.0,5.0,27.0,0.0,2.0,12.0,2.0,0.0,1.0,0.0,0.0,12.0,9.0,1.0,3.0
37,183446972.0,1.0,1.0,0.0,2.0,0.0,0.0,0.0,2.0,4.0,0.0,0.0,0.0,6.0,1.0,1.0,1.0,11.0,0.0,1.0,0.0,1.0,0.0,1.0,3.0,0.0,2.0,2.0,2.0,2.0,4.0,3.0,11.0,8.0,7.0,7.0,3.0,0.0,4.0,0.0,0.0,12.0,2.0,4.0,15.0,1.0,5.0,6.0,14.0,0.0,3.0,2.0,1.0,2.0,5.0,2.0,2.0,0.0,0.0,3.0,1.0,2.0,1.0,2.0,15.0,4.0,11.0,0.0,7.0,0.0,0.0,3.0,0.0,1.0,16.0,5.0,1.0,5.0,0.0,0.0,0.0,17.0,15.0,11.0,2.0,8.0,1.0,0.0,2.0,5.0,1.0,12.0,0.0,2.0,4.0,0.0,18.0,3.0,0.0,4.0,1.0,1.0,1.0,0.0,3.0,11.0,0.0,4.0,1.0,1.0,2.0,8.0,2.0,4.0,0.0,0.0,0.0,1.0,0.0,1.0,2.0,5.0,2.0,0.0,0.0,3.0,0.0,7.0,2.0,4.0,4.0,3.0,2.0,10.0,0.0,3.0,0.0,0.0,0.0,3.0,18.0,0.0,0.0,7.0,4.0,0.0,2.0,1.0,0.0,3.0,14.0,0.0,1.0
38,18951775.0,2.0,5.0,0.0,0.0,0.0,3.0,0.0,4.0,6.0,5.0,0.0,8.0,6.0,9.0,6.0,0.0,6.0,0.0,4.0,1.0,3.0,0.0,5.0,11.0,2.0,8.0,15.0,0.0,0.0,11.0,3.0,12.0,20.0,3.0,15.0,12.0,4.0,0.0,0.0,1.0,17.0,7.0,2.0,27.0,2.0,8.0,15.0,28.0,0.0,5.0,11.0,2.0,3.0,9.0,1.0,3.0,3.0,0.0,14.0,1.0,5.0,0.0,7.0,16.0,11.0,46.0,0.0,1.0,0.0,1.0,2.0,0.0,2.0,5.0,2.0,1.0,6.0,4.0,1.0,0.0,7.0,18.0,29.0,1.0,4.0,2.0,1.0,1.0,2.0,3.0,33.0,0.0,0.0,8.0,2.0,11.0,12.0,0.0,19.0,6.0,1.0,2.0,2.0,5.0,21.0,0.0,12.0,0.0,0.0,1.0,12.0,4.0,0.0,0.0,10.0,1.0,0.0,0.0,5.0,5.0,9.0,6.0,0.0,0.0,4.0,1.0,3.0,4.0,13.0,3.0,5.0,1.0,9.0,3.0,4.0,0.0,1.0,2.0,6.0,34.0,2.0,5.0,30.0,2.0,0.0,0.0,0.0,0.0,14.0,2.0,1.0,3.0
39,193317832.0,0.0,0.0,0.0,0.0,0.0,0.0,0.0,0.0,0.0,0.0,0.0,0.0,0.0,0.0,0.0,0.0,0.0,0.0,0.0,0.0,0.0,0.0,0.0,0.0,0.0,0.0,0.0,0.0,0.0,0.0,0.0,0.0,0.0,0.0,0.0,0.0,0.0,0.0,0.0,0.0,0.0,0.0,0.0,0.0,0.0,0.0,0.0,0.0,0.0,0.0,0.0,0.0,0.0,0.0,0.0,0.0,0.0,0.0,0.0,0.0,0.0,0.0,0.0,0.0,0.0,0.0,0.0,0.0,0.0,0.0,0.0,0.0,0.0,0.0,0.0,0.0,0.0,0.0,0.0,0.0,0.0,0.0,0.0,0.0,0.0,0.0,0.0,0.0,0.0,0.0,0.0,0.0,0.0,0.0,0.0,0.0,0.0,0.0,0.0,0.0,0.0,0.0,0.0,0.0,0.0,0.0,0.0,0.0,0.0,0.0,0.0,0.0,0.0,0.0,0.0,0.0,0.0,0.0,0.0,0.0,0.0,0.0,0.0,0.0,0.0,0.0,0.0,0.0,0.0,0.0,0.0,0.0,0.0,0.0,0.0,0.0,0.0,0.0,0.0,0.0,0.0,0.0,0.0,0.0,0.0,0.0,0.0,0.0,0.0,0.0,0.0,0.0
40,1954655652.0,0.0,1.0,0.0,0.0,4.0,1.0,0.0,1.0,2.0,1.0,0.0,1.0,0.0,0.0,5.0,0.0,0.0,0.0,1.0,0.0,0.0,0.0,6.0,1.0,15.0,4.0,1.0,0.0,0.0,0.0,0.0,0.0,1.0,0.0,26.0,0.0,0.0,1.0,0.0,0.0,1.0,1.0,5.0,0.0,1.0,1.0,8.0,1.0,0.0,0.0,1.0,1.0,3.0,3.0,1.0,0.0,0.0,1.0,0.0,3.0,1.0,0.0,1.0,0.0,2.0,1.0,0.0,0.0,2.0,0.0,0.0,0.0,1.0,0.0,0.0,1.0,0.0,1.0,2.0,0.0,0.0,1.0,1.0,0.0,0.0,1.0,2.0,0.0,1.0,4.0,1.0,2.0,0.0,0.0,5.0,0.0,0.0,0.0,0.0,7.0,1.0,0.0,0.0,0.0,1.0,0.0,4.0,0.0,0.0,0.0,1.0,0.0,0.0,0.0,1.0,1.0,0.0,0.0,0.0,0.0,1.0,0.0,2.0,0.0,0.0,1.0,0.0,5.0,1.0,1.0,1.0,0.0,0.0,1.0,1.0,3.0,2.0,0.0,0.0,6.0,0.0,0.0,0.0,0.0,0.0,0.0,0.0,8.0,0.0,0.0,0.0,1.0
41,19657658.0,1.0,6.0,0.0,0.0,0.0,2.0,0.0,2.0,2.0,5.0,0.0,4.0,1.0,15.0,6.0,3.0,9.0,0.0,2.0,1.0,2.0,2.0,3.0,15.0,0.0,12.0,14.0,0.0,0.0,12.0,2.0,13.0,21.0,3.0,8.0,8.0,12.0,17.0,0.0,1.0,0.0,5.0,3.0,25.0,3.0,8.0,19.0,29.0,0.0,4.0,7.0,2.0,2.0,12.0,3.0,3.0,2.0,0.0,13.0,3.0,4.0,0.0,4.0,22.0,24.0,35.0,1.0,0.0,0.0,2.0,1.0,2.0,3.0,3.0,1.0,7.0,1.0,1.0,1.0,0.0,5.0,9.0,5.0,3.0,9.0,3.0,1.0,2.0,1.0,6.0,38.0,5.0,3.0,10.0,0.0,6.0,8.0,0.0,10.0,3.0,1.0,1.0,4.0,5.0,41.0,0.0,11.0,0.0,0.0,2.0,10.0,5.0,1.0,1.0,5.0,1.0,1.0,0.0,2.0,6.0,14.0,3.0,0.0,0.0,3.0,1.0,6.0,3.0,10.0,2.0,10.0,3.0,13.0,2.0,3.0,0.0,1.0,3.0,4.0,56.0,0.0,6.0,31.0,2.0,0.0,0.0,1.0,0.0,16.0,2.0,1.0,1.0
42,197637989.0,1.0,3.0,0.0,0.0,0.0,3.0,0.0,1.0,5.0,1.0,0.0,5.0,1.0,0.0,3.0,0.0,1.0,0.0,2.0,0.0,1.0,0.0,2.0,5.0,0.0,10.0,7.0,0.0,0.0,7.0,3.0,1.0,7.0,3.0,3.0,4.0,2.0,7.0,0.0,1.0,5.0,0.0,1.0,7.0,1.0,5.0,7.0,15.0,0.0,2.0,5.0,1.0,2.0,7.0,1.0,0.0,0.0,0.0,1.0,2.0,1.0,0.0,2.0,5.0,7.0,10.0,0.0,0.0,0.0,0.0,3.0,0.0,1.0,0.0,0.0,0.0,4.0,1.0,2.0,0.0,2.0,6.0,3.0,2.0,1.0,2.0,1.0,0.0,1.0,5.0,17.0,0.0,0.0,3.0,1.0,6.0,4.0,0.0,3.0,2.0,2.0,1.0,0.0,2.0,12.0,0.0,4.0,0.0,0.0,2.0,8.0,1.0,0.0,0.0,3.0,1.0,1.0,0.0,0.0,0.0,5.0,0.0,0.0,0.0,3.0,0.0,0.0,2.0,7.0,1.0,9.0,0.0,3.0,1.0,2.0,0.0,1.0,0.0,1.0,15.0,0.0,3.0,6.0,0.0,0.0,0.0,0.0,0.0,3.0,0.0,1.0,2.0
43,198411583.0,0.0,1.0,0.0,0.0,1.0,1.0,0.0,1.0,6.0,1.0,0.0,1.0,2.0,1.0,2.0,0.0,2.0,0.0,1.0,0.0,1.0,0.0,3.0,2.0,1.0,4.0,2.0,0.0,0.0,1.0,0.0,1.0,2.0,0.0,6.0,1.0,4.0,2.0,0.0,5.0,3.0,1.0,0.0,1.0,1.0,6.0,5.0,3.0,0.0,3.0,3.0,1.0,2.0,4.0,2.0,0.0,0.0,0.0,1.0,0.0,0.0,0.0,4.0,4.0,3.0,6.0,0.0,0.0,0.0,0.0,1.0,0.0,1.0,0.0,1.0,0.0,0.0,1.0,0.0,0.0,0.0,1.0,2.0,2.0,1.0,2.0,1.0,0.0,2.0,5.0,3.0,0.0,0.0,0.0,0.0,2.0,2.0,0.0,3.0,6.0,1.0,0.0,0.0,1.0,3.0,0.0,1.0,0.0,0.0,0.0,1.0,0.0,0.0,0.0,1.0,1.0,0.0,1.0,0.0,0.0,2.0,0.0,1.0,0.0,2.0,0.0,0.0,5.0,5.0,1.0,0.0,0.0,2.0,1.0,1.0,1.0,2.0,0.0,2.0,3.0,0.0,0.0,1.0,1.0,0.0,0.0,0.0,0.0,1.0,0.0,0.0,2.0
44,203646787.0,2.0,9.0,0.0,0.0,0.0,5.0,0.0,1.0,8.0,5.0,0.0,11.0,7.0,30.0,15.0,1.0,17.0,0.0,5.0,2.0,2.0,0.0,9.0,30.0,4.0,12.0,19.0,0.0,7.0,27.0,30.0,46.0,30.0,13.0,8.0,10.0,15.0,27.0,0.0,0.0,25.0,7.0,1.0,0.0,2.0,3.0,30.0,37.0,0.0,6.0,10.0,1.0,4.0,26.0,1.0,3.0,5.0,1.0,15.0,6.0,18.0,0.0,6.0,48.0,22.0,50.0,6.0,1.0,1.0,1.0,6.0,1.0,3.0,2.0,1.0,4.0,2.0,0.0,2.0,0.0,16.0,20.0,7.0,3.0,22.0,2.0,0.0,0.0,1.0,8.0,80.0,1.0,5.0,25.0,5.0,4.0,52.0,0.0,27.0,8.0,3.0,2.0,2.0,9.0,88.0,0.0,19.0,0.0,1.0,2.0,26.0,0.0,1.0,0.0,4.0,0.0,1.0,2.0,6.0,7.0,37.0,27.0,0.0,0.0,4.0,0.0,18.0,12.0,16.0,0.0,15.0,0.0,20.0,4.0,6.0,0.0,0.0,2.0,7.0,56.0,0.0,9.0,95.0,0.0,0.0,0.0,0.0,0.0,24.0,1.0,3.0,4.0
45,204212788.0,0.0,2.0,0.0,0.0,0.0,2.0,0.0,1.0,1.0,0.0,0.0,6.0,0.0,1.0,3.0,0.0,0.0,0.0,1.0,0.0,1.0,0.0,2.0,2.0,0.0,1.0,1.0,0.0,0.0,0.0,1.0,0.0,16.0,0.0,3.0,1.0,1.0,2.0,0.0,1.0,3.0,1.0,1.0,2.0,0.0,1.0,5.0,3.0,0.0,0.0,1.0,1.0,1.0,2.0,2.0,0.0,0.0,0.0,1.0,0.0,0.0,0.0,4.0,1.0,1.0,1.0,0.0,0.0,0.0,1.0,0.0,1.0,2.0,1.0,0.0,0.0,0.0,1.0,0.0,0.0,0.0,1.0,1.0,0.0,1.0,1.0,1.0,0.0,1.0,1.0,3.0,0.0,0.0,10.0,0.0,0.0,1.0,0.0,3.0,3.0,1.0,0.0,0.0,1.0,4.0,0.0,1.0,0.0,1.0,0.0,2.0,0.0,0.0,0.0,1.0,1.0,0.0,0.0,0.0,0.0,2.0,0.0,0.0,0.0,1.0,0.0,0.0,0.0,2.0,1.0,0.0,0.0,0.0,1.0,1.0,0.0,1.0,0.0,0.0,2.0,0.0,1.0,33.0,0.0,0.0,0.0,0.0,0.0,2.0,0.0,6.0,1.0
46,20560375.0,1.0,1.0,0.0,1.0,0.0,1.0,0.0,3.0,3.0,1.0,0.0,4.0,4.0,2.0,1.0,0.0,4.0,0.0,3.0,0.0,3.0,3.0,4.0,6.0,0.0,9.0,3.0,0.0,0.0,1.0,0.0,3.0,8.0,4.0,12.0,9.0,5.0,8.0,0.0,1.0,8.0,5.0,6.0,3.0,1.0,0.0,4.0,15.0,0.0,4.0,3.0,1.0,2.0,3.0,2.0,0.0,1.0,0.0,2.0,3.0,0.0,0.0,5.0,3.0,8.0,22.0,0.0,0.0,0.0,1.0,1.0,0.0,1.0,0.0,0.0,3.0,6.0,2.0,0.0,0.0,1.0,0.0,4.0,4.0,1.0,3.0,1.0,1.0,5.0,1.0,14.0,1.0,2.0,1.0,1.0,4.0,2.0,0.0,5.0,3.0,1.0,0.0,1.0,2.0,3.0,0.0,5.0,0.0,0.0,1.0,2.0,1.0,0.0,0.0,7.0,1.0,1.0,0.0,0.0,0.0,3.0,0.0,0.0,0.0,3.0,0.0,2.0,3.0,19.0,1.0,0.0,3.0,6.0,1.0,1.0,0.0,1.0,1.0,4.0,36.0,1.0,0.0,4.0,6.0,0.0,0.0,0.0,0.0,6.0,1.0,0.0,2.0
47,208885112.0,2.0,12.0,0.0,0.0,50.0,6.0,0.0,2.0,9.0,23.0,0.0,6.0,7.0,6.0,70.0,0.0,6.0,0.0,5.0,2.0,1.0,0.0,33.0,9.0,46.0,34.0,7.0,0.0,2.0,13.0,16.0,8.0,14.0,4.0,67.0,6.0,6.0,15.0,0.0,8.0,19.0,7.0,5.0,30.0,5.0,4.0,0.0,24.0,0.0,5.0,8.0,2.0,15.0,28.0,2.0,0.0,1.0,6.0,9.0,16.0,7.0,0.0,4.0,14.0,10.0,36.0,2.0,2.0,30.0,3.0,6.0,2.0,3.0,5.0,5.0,1.0,3.0,1.0,18.0,9.0,9.0,16.0,8.0,0.0,17.0,1.0,9.0,1.0,4.0,17.0,33.0,7.0,0.0,10.0,12.0,6.0,10.0,0.0,14.0,37.0,4.0,6.0,2.0,5.0,35.0,0.0,37.0,0.0,1.0,0.0,42.0,4.0,0.0,2.0,3.0,6.0,0.0,0.0,1.0,3.0,13.0,2.0,14.0,0.0,4.0,8.0,2.0,34.0,14.0,1.0,31.0,0.0,9.0,33.0,4.0,8.0,7.0,1.0,3.0,55.0,2.0,3.0,29.0,1.0,0.0,4.0,0.0,33.0,19.0,1.0,2.0,3.0
48,21252352.0,2.0,10.0,0.0,23.0,0.0,2.0,0.0,4.0,10.0,4.0,0.0,16.0,12.0,11.0,10.0,2.0,13.0,0.0,9.0,2.0,10.0,0.0,8.0,24.0,5.0,43.0,20.0,0.0,0.0,26.0,10.0,16.0,41.0,8.0,22.0,32.0,14.0,28.0,0.0,1.0,29.0,15.0,3.0,37.0,3.0,15.0,24.0,0.0,0.0,5.0,12.0,1.0,6.0,20.0,4.0,3.0,8.0,1.0,17.0,9.0,12.0,1.0,9.0,35.0,35.0,64.0,4.0,2.0,0.0,1.0,5.0,2.0,3.0,6.0,1.0,20.0,8.0,5.0,2.0,0.0,18.0,24.0,9.0,6.0,12.0,4.0,1.0,0.0,5.0,9.0,68.0,9.0,2.0,21.0,6.0,33.0,15.0,0.0,16.0,8.0,2.0,5.0,1.0,7.0,55.0,0.0,30.0,0.0,2.0,5.0,16.0,4.0,7.0,1.0,8.0,1.0,1.0,1.0,2.0,7.0,20.0,5.0,0.0,0.0,6.0,0.0,3.0,13.0,28.0,1.0,20.0,4.0,26.0,5.0,7.0,1.0,3.0,4.0,10.0,135.0,0.0,7.0,40.0,1.0,0.0,1.0,0.0,0.0,23.0,7.0,2.0,5.0
49,213502125.0,0.0,0.0,0.0,0.0,0.0,0.0,0.0,0.0,0.0,0.0,0.0,0.0,0.0,0.0,0.0,0.0,0.0,0.0,0.0,0.0,0.0,0.0,0.0,0.0,0.0,0.0,0.0,0.0,0.0,0.0,0.0,0.0,0.0,6.0,0.0,0.0,0.0,0.0,0.0,0.0,0.0,0.0,0.0,0.0,0.0,0.0,0.0,0.0,0.0,0.0,0.0,0.0,0.0,0.0,0.0,0.0,0.0,0.0,0.0,0.0,0.0,0.0,0.0,0.0,1.0,0.0,0.0,0.0,0.0,0.0,0.0,0.0,0.0,0.0,0.0,0.0,0.0,0.0,0.0,0.0,0.0,0.0,0.0,0.0,0.0,0.0,0.0,0.0,0.0,0.0,0.0,0.0,0.0,0.0,0.0,0.0,0.0,0.0,0.0,0.0,0.0,0.0,0.0,0.0,0.0,0.0,0.0,0.0,0.0,0.0,0.0,0.0,0.0,0.0,0.0,0.0,0.0,0.0,0.0,0.0,0.0,0.0,0.0,0.0,0.0,0.0,0.0,0.0,0.0,0.0,0.0,0.0,0.0,0.0,0.0,0.0,0.0,0.0,0.0,0.0,0.0,0.0,0.0,0.0,0.0,0.0,0.0,0.0,0.0,0.0,0.0,0.0
50,21704676.0,2.0,2.0,0.0,0.0,0.0,2.0,0.0,1.0,6.0,0.0,0.0,2.0,1.0,1.0,3.0,1.0,5.0,0.0,4.0,1.0,1.0,0.0,4.0,2.0,3.0,3.0,4.0,0.0,0.0,3.0,1.0,1.0,4.0,0.0,7.0,2.0,3.0,5.0,0.0,0.0,4.0,2.0,3.0,6.0,0.0,4.0,5.0,5.0,0.0,0.0,4.0,1.0,5.0,8.0,0.0,0.0,3.0,0.0,3.0,2.0,0.0,0.0,2.0,8.0,6.0,13.0,0.0,0.0,0.0,2.0,3.0,0.0,1.0,3.0,0.0,0.0,2.0,0.0,1.0,0.0,2.0,2.0,2.0,2.0,1.0,3.0,0.0,0.0,1.0,1.0,8.0,0.0,2.0,0.0,0.0,2.0,4.0,0.0,7.0,2.0,0.0,1.0,0.0,1.0,5.0,0.0,9.0,0.0,0.0,3.0,3.0,0.0,0.0,0.0,2.0,0.0,0.0,0.0,0.0,0.0,3.0,0.0,0.0,0.0,4.0,1.0,0.0,4.0,13.0,1.0,2.0,1.0,7.0,2.0,1.0,3.0,1.0,1.0,5.0,7.0,0.0,0.0,4.0,3.0,0.0,0.0,0.0,0.0,5.0,0.0,0.0,2.0
51,2182964016.0,2.0,5.0,0.0,0.0,0.0,4.0,0.0,2.0,6.0,2.0,0.0,3.0,2.0,4.0,4.0,1.0,3.0,0.0,3.0,1.0,2.0,0.0,6.0,6.0,0.0,7.0,7.0,0.0,0.0,7.0,1.0,1.0,6.0,0.0,10.0,5.0,2.0,11.0,0.0,1.0,7.0,5.0,3.0,10.0,1.0,3.0,8.0,12.0,0.0,4.0,0.0,2.0,3.0,4.0,1.0,0.0,1.0,0.0,8.0,1.0,2.0,0.0,5.0,6.0,10.0,17.0,2.0,5.0,0.0,1.0,3.0,0.0,4.0,1.0,2.0,0.0,4.0,2.0,2.0,0.0,4.0,26.0,6.0,2.0,2.0,3.0,1.0,0.0,2.0,4.0,11.0,0.0,2.0,4.0,1.0,20.0,7.0,0.0,6.0,4.0,1.0,3.0,0.0,2.0,8.0,0.0,9.0,0.0,0.0,0.0,4.0,1.0,4.0,0.0,5.0,1.0,0.0,1.0,0.0,1.0,3.0,0.0,0.0,0.0,1.0,0.0,1.0,4.0,9.0,1.0,4.0,0.0,6.0,4.0,5.0,1.0,3.0,4.0,3.0,18.0,0.0,4.0,8.0,1.0,0.0,0.0,0.0,0.0,8.0,10.0,1.0,3.0
52,221649838.0,0.0,8.0,0.0,0.0,0.0,3.0,0.0,2.0,2.0,0.0,0.0,1.0,0.0,0.0,0.0,0.0,0.0,0.0,1.0,1.0,0.0,0.0,1.0,1.0,0.0,1.0,2.0,0.0,0.0,1.0,0.0,2.0,4.0,0.0,1.0,0.0,1.0,2.0,0.0,1.0,2.0,1.0,1.0,1.0,1.0,1.0,2.0,1.0,0.0,1.0,2.0,0.0,1.0,2.0,1.0,0.0,0.0,0.0,1.0,0.0,0.0,0.0,1.0,0.0,3.0,1.0,0.0,1.0,0.0,1.0,0.0,0.0,3.0,0.0,0.0,0.0,0.0,1.0,0.0,0.0,0.0,0.0,2.0,0.0,0.0,1.0,1.0,1.0,1.0,1.0,2.0,0.0,0.0,1.0,0.0,1.0,0.0,0.0,1.0,1.0,1.0,1.0,0.0,0.0,2.0,0.0,0.0,0.0,0.0,0.0,2.0,0.0,0.0,0.0,1.0,1.0,0.0,0.0,0.0,0.0,1.0,0.0,0.0,0.0,0.0,1.0,0.0,0.0,3.0,1.0,0.0,0.0,0.0,1.0,1.0,0.0,2.0,1.0,1.0,2.0,0.0,0.0,0.0,0.0,0.0,0.0,0.0,0.0,0.0,0.0,0.0,1.0
53,222639514.0,1.0,2.0,0.0,0.0,10.0,2.0,0.0,1.0,5.0,2.0,0.0,2.0,5.0,1.0,11.0,1.0,1.0,0.0,4.0,3.0,0.0,0.0,8.0,2.0,15.0,6.0,1.0,0.0,0.0,1.0,1.0,1.0,3.0,0.0,19.0,3.0,2.0,3.0,0.0,3.0,2.0,2.0,2.0,4.0,1.0,2.0,15.0,6.0,0.0,5.0,3.0,1.0,0.0,11.0,1.0,0.0,1.0,2.0,2.0,6.0,4.0,0.0,1.0,4.0,5.0,9.0,0.0,0.0,2.0,1.0,4.0,0.0,1.0,2.0,0.0,0.0,2.0,1.0,7.0,5.0,3.0,2.0,3.0,1.0,5.0,1.0,6.0,0.0,3.0,3.0,6.0,3.0,0.0,0.0,4.0,1.0,1.0,0.0,2.0,6.0,1.0,1.0,0.0,0.0,4.0,0.0,18.0,0.0,0.0,0.0,5.0,0.0,0.0,0.0,2.0,2.0,0.0,0.0,0.0,0.0,3.0,0.0,7.0,0.0,2.0,5.0,0.0,11.0,12.0,1.0,10.0,0.0,4.0,7.0,2.0,5.0,6.0,0.0,2.0,12.0,0.0,0.0,2.0,2.0,0.0,2.0,0.0,6.0,5.0,0.0,0.0,2.0
54,2283621361.0,0.0,8.0,0.0,0.0,6.0,3.0,0.0,2.0,5.0,13.0,0.0,6.0,3.0,4.0,19.0,1.0,11.0,0.0,3.0,1.0,2.0,0.0,12.0,10.0,16.0,10.0,14.0,0.0,0.0,14.0,6.0,3.0,17.0,5.0,21.0,5.0,5.0,9.0,0.0,3.0,12.0,7.0,4.0,26.0,2.0,3.0,28.0,20.0,0.0,8.0,4.0,2.0,11.0,0.0,1.0,2.0,3.0,5.0,8.0,10.0,10.0,0.0,4.0,19.0,12.0,21.0,1.0,1.0,3.0,1.0,5.0,1.0,2.0,2.0,0.0,3.0,2.0,1.0,4.0,5.0,5.0,9.0,4.0,3.0,17.0,2.0,7.0,0.0,1.0,6.0,25.0,5.0,3.0,10.0,6.0,4.0,9.0,0.0,11.0,14.0,2.0,0.0,1.0,5.0,32.0,0.0,21.0,0.0,0.0,1.0,21.0,0.0,1.0,2.0,1.0,3.0,0.0,0.0,1.0,3.0,12.0,1.0,4.0,0.0,5.0,8.0,0.0,19.0,15.0,1.0,16.0,0.0,11.0,13.0,2.0,4.0,4.0,1.0,2.0,24.0,0.0,5.0,15.0,2.0,0.0,2.0,0.0,16.0,16.0,0.0,2.0,2.0
55,228447145.0,0.0,1.0,0.0,0.0,0.0,3.0,0.0,1.0,3.0,0.0,0.0,2.0,0.0,0.0,2.0,0.0,2.0,0.0,36.0,4.0,0.0,0.0,1.0,1.0,0.0,1.0,2.0,0.0,2.0,1.0,0.0,0.0,1.0,5.0,3.0,0.0,2.0,1.0,0.0,1.0,3.0,1.0,2.0,1.0,2.0,2.0,2.0,4.0,0.0,0.0,1.0,1.0,1.0,1.0,0.0,0.0,0.0,0.0,1.0,1.0,1.0,0.0,2.0,54.0,7.0,3.0,0.0,11.0,0.0,1.0,0.0,0.0,2.0,0.0,0.0,0.0,0.0,1.0,0.0,0.0,1.0,34.0,1.0,0.0,0.0,1.0,1.0,3.0,1.0,1.0,1.0,0.0,0.0,0.0,0.0,6.0,0.0,0.0,3.0,2.0,2.0,0.0,0.0,0.0,1.0,0.0,1.0,9.0,0.0,0.0,2.0,1.0,1.0,0.0,2.0,1.0,0.0,0.0,0.0,39.0,1.0,0.0,0.0,0.0,0.0,0.0,1.0,0.0,1.0,1.0,0.0,0.0,1.0,2.0,1.0,0.0,1.0,0.0,1.0,2.0,0.0,1.0,1.0,2.0,0.0,0.0,0.0,0.0,0.0,1.0,0.0,2.0
56,22921015.0,0.0,0.0,0.0,0.0,0.0,0.0,0.0,0.0,0.0,1.0,0.0,2.0,2.0,0.0,1.0,0.0,1.0,0.0,0.0,0.0,0.0,1.0,1.0,4.0,1.0,0.0,1.0,0.0,0.0,1.0,0.0,5.0,5.0,1.0,2.0,2.0,2.0,3.0,0.0,0.0,3.0,0.0,0.0,3.0,0.0,0.0,0.0,3.0,0.0,0.0,0.0,0.0,0.0,2.0,0.0,0.0,0.0,0.0,3.0,0.0,0.0,0.0,1.0,2.0,15.0,10.0,0.0,0.0,0.0,0.0,1.0,0.0,0.0,1.0,1.0,2.0,2.0,0.0,0.0,0.0,0.0,0.0,2.0,0.0,0.0,0.0,0.0,0.0,0.0,0.0,5.0,0.0,1.0,0.0,0.0,0.0,0.0,0.0,2.0,1.0,0.0,0.0,0.0,1.0,1.0,0.0,2.0,0.0,0.0,0.0,1.0,0.0,0.0,0.0,1.0,0.0,0.0,0.0,1.0,2.0,1.0,0.0,0.0,0.0,0.0,0.0,2.0,1.0,1.0,1.0,1.0,2.0,2.0,0.0,12.0,0.0,0.0,0.0,3.0,8.0,0.0,0.0,4.0,0.0,0.0,0.0,0.0,0.0,1.0,0.0,0.0,0.0
57,231143441.0,0.0,1.0,0.0,0.0,0.0,1.0,0.0,0.0,1.0,0.0,0.0,1.0,3.0,1.0,0.0,0.0,1.0,0.0,0.0,0.0,2.0,0.0,0.0,15.0,2.0,2.0,2.0,0.0,0.0,1.0,1.0,5.0,8.0,2.0,2.0,2.0,0.0,3.0,0.0,0.0,2.0,0.0,0.0,5.0,0.0,1.0,1.0,8.0,0.0,3.0,1.0,0.0,1.0,3.0,0.0,0.0,0.0,0.0,3.0,2.0,2.0,0.0,1.0,5.0,4.0,8.0,0.0,0.0,0.0,0.0,1.0,0.0,0.0,1.0,1.0,0.0,1.0,0.0,0.0,0.0,4.0,0.0,1.0,1.0,1.0,1.0,0.0,0.0,1.0,0.0,7.0,0.0,2.0,0.0,2.0,1.0,1.0,0.0,4.0,1.0,0.0,0.0,1.0,0.0,2.0,0.0,6.0,0.0,0.0,1.0,0.0,0.0,0.0,0.0,11.0,0.0,0.0,0.0,0.0,0.0,2.0,2.0,0.0,0.0,2.0,0.0,0.0,3.0,4.0,1.0,0.0,1.0,5.0,0.0,1.0,0.0,0.0,1.0,0.0,9.0,0.0,1.0,7.0,1.0,0.0,0.0,1.0,0.0,5.0,0.0,0.0,0.0
58,2341232977.0,0.0,1.0,0.0,0.0,3.0,0.0,0.0,0.0,0.0,6.0,0.0,0.0,0.0,0.0,13.0,0.0,0.0,0.0,0.0,0.0,0.0,0.0,12.0,0.0,8.0,6.0,0.0,0.0,0.0,0.0,0.0,0.0,1.0,0.0,9.0,0.0,0.0,0.0,0.0,1.0,0.0,0.0,0.0,1.0,0.0,0.0,6.0,1.0,0.0,0.0,0.0,0.0,2.0,5.0,0.0,0.0,0.0,0.0,0.0,4.0,4.0,0.0,0.0,1.0,0.0,0.0,0.0,1.0,4.0,0.0,0.0,0.0,0.0,0.0,0.0,0.0,0.0,0.0,7.0,1.0,0.0,0.0,0.0,0.0,2.0,0.0,6.0,0.0,0.0,1.0,1.0,3.0,0.0,0.0,2.0,0.0,0.0,0.0,0.0,7.0,1.0,0.0,0.0,0.0,1.0,0.0,9.0,0.0,0.0,0.0,4.0,0.0,0.0,0.0,0.0,0.0,0.0,0.0,0.0,0.0,1.0,0.0,5.0,0.0,0.0,3.0,0.0,15.0,0.0,0.0,6.0,0.0,0.0,5.0,0.0,4.0,3.0,0.0,0.0,6.0,0.0,0.0,1.0,0.0,0.0,1.0,0.0,14.0,0.0,0.0,0.0,0.0
59,237589260.0,2.0,3.0,0.0,0.0,0.0,1.0,0.0,1.0,3.0,2.0,0.0,1.0,3.0,5.0,5.0,1.0,6.0,0.0,1.0,3.0,2.0,0.0,3.0,8.0,2.0,6.0,7.0,0.0,0.0,10.0,2.0,5.0,10.0,1.0,6.0,11.0,3.0,14.0,0.0,0.0,13.0,1.0,1.0,15.0,1.0,2.0,9.0,17.0,0.0,3.0,8.0,1.0,2.0,8.0,1.0,3.0,3.0,0.0,0.0,2.0,3.0,0.0,4.0,12.0,8.0,24.0,0.0,0.0,0.0,0.0,1.0,0.0,1.0,2.0,0.0,1.0,4.0,0.0,1.0,0.0,4.0,7.0,5.0,1.0,5.0,1.0,0.0,4.0,3.0,1.0,17.0,1.0,0.0,6.0,1.0,9.0,9.0,0.0,11.0,6.0,1.0,3.0,0.0,5.0,13.0,0.0,9.0,0.0,0.0,0.0,10.0,5.0,0.0,0.0,6.0,0.0,0.0,0.0,1.0,3.0,7.0,1.0,0.0,0.0,3.0,0.0,1.0,3.0,10.0,0.0,4.0,1.0,6.0,3.0,5.0,0.0,1.0,2.0,4.0,14.0,0.0,2.0,13.0,2.0,0.0,0.0,0.0,0.0,12.0,0.0,1.0,2.0
60,2380425654.0,1.0,0.0,0.0,0.0,6.0,1.0,0.0,1.0,3.0,12.0,0.0,2.0,4.0,1.0,15.0,0.0,0.0,0.0,5.0,1.0,1.0,0.0,14.0,2.0,20.0,24.0,2.0,0.0,0.0,1.0,2.0,2.0,8.0,3.0,26.0,1.0,1.0,1.0,0.0,3.0,3.0,2.0,0.0,6.0,0.0,3.0,16.0,9.0,0.0,2.0,1.0,0.0,6.0,10.0,1.0,0.0,2.0,4.0,2.0,0.0,7.0,0.0,1.0,4.0,7.0,9.0,0.0,1.0,12.0,1.0,1.0,0.0,0.0,2.0,0.0,8.0,2.0,0.0,5.0,13.0,3.0,4.0,2.0,0.0,8.0,0.0,8.0,0.0,2.0,1.0,6.0,13.0,0.0,2.0,6.0,3.0,1.0,0.0,3.0,11.0,0.0,1.0,1.0,1.0,5.0,0.0,20.0,0.0,0.0,1.0,25.0,0.0,0.0,1.0,1.0,2.0,0.0,0.0,0.0,1.0,1.0,1.0,4.0,0.0,3.0,3.0,0.0,20.0,12.0,0.0,14.0,0.0,6.0,11.0,0.0,7.0,5.0,0.0,1.0,28.0,0.0,2.0,5.0,1.0,0.0,2.0,0.0,23.0,4.0,3.0,1.0,0.0
61,241816077.0,5.0,1.0,0.0,0.0,0.0,9.0,0.0,0.0,2.0,6.0,0.0,2.0,3.0,1.0,7.0,0.0,2.0,0.0,2.0,0.0,1.0,0.0,7.0,2.0,9.0,13.0,5.0,0.0,0.0,9.0,5.0,4.0,7.0,1.0,11.0,1.0,2.0,5.0,0.0,1.0,4.0,1.0,0.0,18.0,0.0,0.0,7.0,12.0,0.0,0.0,2.0,0.0,4.0,10.0,1.0,0.0,2.0,4.0,3.0,7.0,0.0,0.0,0.0,10.0,4.0,5.0,1.0,3.0,1.0,1.0,1.0,0.0,0.0,0.0,0.0,1.0,0.0,0.0,2.0,3.0,8.0,5.0,2.0,1.0,9.0,0.0,5.0,0.0,1.0,2.0,16.0,5.0,3.0,5.0,3.0,1.0,10.0,0.0,3.0,5.0,1.0,2.0,1.0,0.0,39.0,0.0,7.0,0.0,0.0,1.0,10.0,0.0,0.0,1.0,1.0,0.0,0.0,1.0,0.0,0.0,8.0,4.0,3.0,0.0,1.0,2.0,2.0,11.0,4.0,0.0,9.0,0.0,4.0,5.0,0.0,3.0,3.0,1.0,0.0,12.0,0.0,2.0,12.0,0.0,0.0,3.0,0.0,10.0,6.0,0.0,1.0,0.0
62,24837617.0,0.0,0.0,0.0,0.0,0.0,0.0,0.0,0.0,0.0,0.0,0.0,0.0,0.0,0.0,0.0,0.0,1.0,0.0,0.0,0.0,0.0,0.0,0.0,0.0,0.0,1.0,0.0,0.0,0.0,0.0,0.0,0.0,0.0,0.0,1.0,0.0,1.0,0.0,0.0,0.0,0.0,0.0,0.0,0.0,0.0,0.0,0.0,1.0,0.0,0.0,0.0,0.0,0.0,0.0,0.0,0.0,0.0,0.0,0.0,0.0,0.0,0.0,1.0,0.0,0.0,0.0,0.0,0.0,0.0,0.0,0.0,0.0,0.0,1.0,0.0,0.0,1.0,0.0,0.0,0.0,0.0,0.0,1.0,0.0,0.0,0.0,0.0,0.0,0.0,0.0,1.0,0.0,0.0,0.0,0.0,0.0,0.0,0.0,0.0,0.0,0.0,0.0,0.0,0.0,0.0,0.0,0.0,0.0,0.0,0.0,0.0,1.0,0.0,0.0,0.0,0.0,0.0,0.0,0.0,0.0,0.0,0.0,0.0,0.0,0.0,0.0,1.0,0.0,0.0,0.0,0.0,0.0,0.0,0.0,0.0,0.0,0.0,0.0,0.0,0.0,0.0,0.0,0.0,0.0,0.0,0.0,0.0,0.0,0.0,1.0,0.0,0.0
63,255314415.0,1.0,1.0,0.0,1.0,0.0,3.0,0.0,1.0,4.0,1.0,0.0,7.0,1.0,5.0,5.0,0.0,2.0,0.0,1.0,0.0,2.0,0.0,3.0,5.0,1.0,2.0,7.0,0.0,0.0,6.0,0.0,0.0,19.0,0.0,4.0,7.0,2.0,7.0,0.0,1.0,4.0,2.0,4.0,6.0,4.0,5.0,4.0,9.0,0.0,2.0,5.0,1.0,1.0,4.0,2.0,1.0,1.0,0.0,4.0,1.0,0.0,1.0,0.0,7.0,5.0,11.0,0.0,1.0,0.0,1.0,0.0,1.0,1.0,0.0,0.0,1.0,0.0,1.0,0.0,0.0,2.0,2.0,2.0,2.0,2.0,2.0,1.0,2.0,1.0,2.0,9.0,0.0,0.0,13.0,0.0,2.0,3.0,0.0,4.0,3.0,1.0,0.0,0.0,2.0,15.0,0.0,6.0,0.0,0.0,0.0,5.0,0.0,0.0,0.0,3.0,3.0,0.0,2.0,1.0,2.0,4.0,0.0,0.0,0.0,1.0,0.0,1.0,2.0,4.0,1.0,2.0,0.0,4.0,1.0,2.0,0.0,2.0,0.0,2.0,25.0,0.0,8.0,14.0,2.0,0.0,0.0,0.0,0.0,4.0,2.0,1.0,2.0
64,256429474.0,1.0,3.0,0.0,1.0,0.0,2.0,0.0,0.0,9.0,4.0,0.0,7.0,7.0,11.0,8.0,1.0,22.0,0.0,26.0,9.0,2.0,0.0,2.0,15.0,6.0,6.0,13.0,0.0,1.0,11.0,1.0,10.0,24.0,11.0,15.0,16.0,15.0,16.0,0.0,0.0,22.0,5.0,4.0,48.0,1.0,3.0,14.0,35.0,0.0,8.0,6.0,0.0,4.0,19.0,54.0,2.0,5.0,1.0,12.0,4.0,10.0,0.0,7.0,0.0,14.0,47.0,1.0,7.0,0.0,2.0,4.0,0.0,2.0,6.0,0.0,5.0,1.0,7.0,1.0,0.0,16.0,28.0,5.0,2.0,13.0,2.0,0.0,10.0,8.0,3.0,41.0,1.0,1.0,12.0,3.0,21.0,12.0,0.0,26.0,4.0,5.0,3.0,1.0,4.0,38.0,2.0,18.0,10.0,0.0,3.0,13.0,3.0,5.0,0.0,5.0,0.0,0.0,0.0,1.0,22.0,23.0,13.0,0.0,0.0,9.0,1.0,6.0,10.0,17.0,1.0,11.0,0.0,22.0,0.0,4.0,1.0,3.0,1.0,14.0,42.0,0.0,4.0,36.0,7.0,0.0,3.0,0.0,0.0,21.0,19.0,1.0,5.0
65,265650277.0,3.0,4.0,0.0,0.0,0.0,5.0,0.0,3.0,12.0,3.0,0.0,5.0,3.0,5.0,5.0,2.0,12.0,0.0,8.0,22.0,3.0,2.0,8.0,15.0,5.0,17.0,15.0,0.0,1.0,14.0,4.0,10.0,38.0,24.0,11.0,8.0,4.0,11.0,0.0,2.0,24.0,7.0,3.0,22.0,1.0,8.0,10.0,35.0,1.0,6.0,10.0,3.0,5.0,12.0,7.0,15.0,4.0,0.0,8.0,7.0,4.0,0.0,5.0,14.0,0.0,45.0,3.0,1.0,0.0,4.0,6.0,0.0,4.0,1.0,3.0,23.0,13.0,3.0,1.0,0.0,10.0,4.0,6.0,6.0,3.0,3.0,1.0,0.0,5.0,9.0,35.0,9.0,3.0,6.0,4.0,20.0,4.0,0.0,16.0,4.0,5.0,3.0,4.0,2.0,33.0,0.0,19.0,0.0,2.0,6.0,8.0,4.0,2.0,0.0,6.0,1.0,0.0,0.0,2.0,4.0,26.0,2.0,0.0,0.0,3.0,1.0,8.0,6.0,18.0,1.0,17.0,0.0,16.0,3.0,5.0,2.0,3.0,1.0,6.0,107.0,0.0,6.0,23.0,2.0,0.0,0.0,0.0,0.0,9.0,1.0,1.0,6.0
66,268317263.0,3.0,5.0,0.0,2.0,0.0,4.0,0.0,10.0,14.0,4.0,0.0,17.0,28.0,14.0,10.0,3.0,11.0,0.0,16.0,5.0,6.0,1.0,9.0,18.0,12.0,42.0,21.0,0.0,0.0,19.0,10.0,17.0,49.0,6.0,26.0,28.0,11.0,46.0,0.0,1.0,35.0,10.0,6.0,50.0,1.0,22.0,36.0,64.0,0.0,13.0,17.0,1.0,9.0,21.0,3.0,10.0,8.0,0.0,24.0,9.0,5.0,0.0,11.0,47.0,45.0,0.0,0.0,4.0,0.0,3.0,9.0,1.0,1.0,24.0,2.0,8.0,12.0,11.0,2.0,0.0,14.0,21.0,25.0,4.0,5.0,3.0,0.0,7.0,11.0,16.0,69.0,5.0,5.0,16.0,9.0,18.0,20.0,0.0,28.0,7.0,0.0,5.0,0.0,7.0,43.0,1.0,33.0,0.0,0.0,2.0,22.0,7.0,0.0,0.0,25.0,0.0,14.0,0.0,2.0,7.0,14.0,5.0,0.0,0.0,31.0,1.0,12.0,16.0,49.0,2.0,12.0,4.0,29.0,6.0,4.0,1.0,4.0,4.0,10.0,102.0,4.0,10.0,56.0,5.0,0.0,2.0,1.0,0.0,54.0,3.0,2.0,3.0
67,2698202942.0,0.0,0.0,0.0,0.0,0.0,0.0,1.0,0.0,0.0,0.0,0.0,0.0,0.0,0.0,3.0,0.0,2.0,0.0,0.0,0.0,0.0,0.0,0.0,1.0,0.0,0.0,0.0,0.0,2.0,0.0,3.0,3.0,0.0,0.0,1.0,0.0,0.0,0.0,0.0,0.0,1.0,0.0,0.0,6.0,0.0,0.0,2.0,4.0,0.0,0.0,2.0,0.0,0.0,1.0,0.0,0.0,0.0,0.0,0.0,0.0,1.0,0.0,0.0,1.0,3.0,0.0,0.0,0.0,1.0,0.0,0.0,0.0,2.0,0.0,0.0,249.0,0.0,0.0,0.0,0.0,0.0,0.0,0.0,0.0,1.0,0.0,0.0,0.0,0.0,1.0,3.0,0.0,0.0,2.0,0.0,0.0,4.0,0.0,0.0,1.0,0.0,2.0,0.0,0.0,5.0,0.0,1.0,0.0,0.0,0.0,2.0,0.0,1.0,0.0,0.0,0.0,0.0,1.0,0.0,0.0,1.0,2.0,0.0,0.0,0.0,0.0,0.0,0.0,0.0,0.0,1.0,0.0,0.0,0.0,2.0,0.0,0.0,0.0,0.0,2.0,0.0,2.0,4.0,0.0,0.0,0.0,0.0,0.0,1.0,0.0,0.0,0.0
68,2729894654.0,1.0,1.0,0.0,9.0,0.0,1.0,0.0,0.0,0.0,0.0,0.0,1.0,5.0,0.0,0.0,1.0,0.0,0.0,2.0,2.0,0.0,0.0,2.0,0.0,1.0,3.0,1.0,0.0,0.0,0.0,0.0,2.0,2.0,0.0,8.0,5.0,7.0,1.0,0.0,0.0,0.0,0.0,0.0,1.0,0.0,0.0,2.0,2.0,0.0,0.0,5.0,1.0,0.0,1.0,11.0,0.0,0.0,1.0,0.0,1.0,3.0,0.0,1.0,7.0,1.0,4.0,0.0,0.0,0.0,3.0,0.0,0.0,0.0,3.0,3.0,0.0,0.0,1.0,0.0,0.0,0.0,548.0,27.0,0.0,1.0,0.0,0.0,23.0,0.0,0.0,1.0,0.0,0.0,1.0,0.0,477.0,0.0,0.0,1.0,0.0,1.0,1.0,0.0,0.0,11.0,6.0,1.0,92.0,0.0,0.0,1.0,1.0,82.0,0.0,0.0,0.0,0.0,0.0,0.0,3.0,1.0,0.0,0.0,0.0,2.0,1.0,1.0,3.0,0.0,0.0,0.0,0.0,2.0,1.0,0.0,0.0,0.0,1.0,0.0,0.0,0.0,0.0,1.0,0.0,0.0,1.0,0.0,1.0,19.0,256.0,0.0,3.0
69,279854362.0,0.0,0.0,0.0,0.0,33.0,0.0,0.0,0.0,0.0,18.0,0.0,0.0,0.0,0.0,39.0,0.0,0.0,0.0,0.0,0.0,0.0,0.0,16.0,0.0,18.0,8.0,0.0,0.0,0.0,0.0,2.0,1.0,0.0,0.0,13.0,0.0,0.0,0.0,0.0,2.0,0.0,0.0,0.0,1.0,0.0,0.0,30.0,0.0,0.0,0.0,0.0,0.0,2.0,3.0,0.0,0.0,0.0,4.0,0.0,12.0,1.0,0.0,0.0,0.0,0.0,0.0,1.0,0.0,0.0,0.0,0.0,0.0,0.0,0.0,0.0,0.0,0.0,0.0,10.0,29.0,0.0,0.0,0.0,0.0,21.0,0.0,9.0,0.0,0.0,1.0,1.0,12.0,0.0,2.0,5.0,0.0,1.0,0.0,0.0,21.0,0.0,0.0,0.0,0.0,0.0,0.0,8.0,0.0,0.0,0.0,25.0,0.0,0.0,0.0,0.0,5.0,0.0,0.0,0.0,0.0,0.0,0.0,3.0,0.0,0.0,5.0,0.0,20.0,0.0,0.0,16.0,0.0,0.0,13.0,0.0,3.0,4.0,0.0,0.0,9.0,0.0,0.0,2.0,0.0,0.0,0.0,0.0,32.0,0.0,0.0,0.0,0.0
70,280845979.0,3.0,0.0,0.0,0.0,0.0,46.0,0.0,0.0,1.0,0.0,0.0,0.0,0.0,1.0,1.0,1.0,1.0,0.0,1.0,0.0,0.0,0.0,1.0,2.0,2.0,1.0,1.0,0.0,0.0,0.0,1.0,1.0,2.0,0.0,4.0,0.0,0.0,1.0,0.0,0.0,2.0,0.0,0.0,1.0,1.0,1.0,3.0,1.0,0.0,2.0,1.0,1.0,1.0,1.0,1.0,0.0,0.0,0.0,0.0,1.0,1.0,0.0,1.0,2.0,4.0,3.0,0.0,3.0,0.0,0.0,1.0,0.0,2.0,0.0,0.0,1.0,3.0,0.0,0.0,0.0,0.0,0.0,0.0,2.0,0.0,0.0,0.0,1.0,0.0,4.0,2.0,0.0,0.0,1.0,0.0,3.0,1.0,0.0,1.0,1.0,0.0,1.0,0.0,1.0,6.0,0.0,2.0,0.0,0.0,2.0,1.0,0.0,0.0,21.0,0.0,0.0,0.0,1.0,0.0,0.0,1.0,0.0,0.0,0.0,0.0,2.0,0.0,1.0,2.0,0.0,0.0,0.0,1.0,1.0,0.0,1.0,1.0,0.0,0.0,2.0,2.0,0.0,2.0,1.0,0.0,0.0,0.0,0.0,0.0,1.0,0.0,0.0
71,2834214000.0,1.0,3.0,0.0,0.0,0.0,2.0,0.0,1.0,3.0,0.0,0.0,2.0,0.0,0.0,1.0,1.0,3.0,0.0,1.0,0.0,0.0,0.0,0.0,1.0,3.0,2.0,2.0,0.0,0.0,3.0,2.0,2.0,9.0,2.0,4.0,1.0,3.0,2.0,0.0,0.0,1.0,3.0,1.0,6.0,0.0,1.0,6.0,5.0,0.0,3.0,3.0,0.0,4.0,5.0,0.0,1.0,1.0,0.0,1.0,1.0,1.0,0.0,0.0,4.0,6.0,9.0,0.0,0.0,0.0,1.0,0.0,0.0,0.0,1.0,1.0,0.0,3.0,1.0,1.0,0.0,0.0,3.0,1.0,2.0,0.0,0.0,0.0,0.0,0.0,3.0,5.0,0.0,1.0,2.0,0.0,3.0,2.0,0.0,3.0,1.0,0.0,0.0,1.0,0.0,4.0,0.0,6.0,0.0,0.0,0.0,2.0,0.0,0.0,0.0,1.0,0.0,0.0,0.0,0.0,0.0,1.0,0.0,0.0,0.0,6.0,1.0,0.0,1.0,10.0,1.0,3.0,2.0,2.0,1.0,1.0,1.0,1.0,2.0,0.0,7.0,0.0,2.0,3.0,1.0,0.0,1.0,1.0,0.0,12.0,0.0,1.0,1.0
72,283630711.0,0.0,2.0,0.0,0.0,0.0,0.0,0.0,0.0,0.0,0.0,0.0,0.0,0.0,0.0,2.0,0.0,1.0,0.0,0.0,0.0,0.0,0.0,1.0,0.0,0.0,0.0,2.0,0.0,0.0,3.0,1.0,0.0,2.0,0.0,0.0,0.0,0.0,0.0,0.0,0.0,2.0,0.0,0.0,1.0,1.0,0.0,2.0,2.0,0.0,0.0,0.0,0.0,0.0,1.0,0.0,0.0,0.0,0.0,0.0,0.0,0.0,0.0,1.0,0.0,0.0,1.0,0.0,0.0,0.0,0.0,0.0,0.0,0.0,0.0,0.0,0.0,0.0,0.0,0.0,0.0,0.0,2.0,0.0,0.0,2.0,0.0,0.0,0.0,0.0,1.0,1.0,0.0,0.0,2.0,0.0,0.0,1.0,0.0,1.0,0.0,0.0,0.0,0.0,0.0,2.0,0.0,2.0,0.0,1.0,0.0,0.0,0.0,0.0,1.0,0.0,0.0,0.0,0.0,0.0,0.0,2.0,0.0,0.0,1.0,0.0,0.0,0.0,0.0,0.0,0.0,1.0,0.0,1.0,0.0,0.0,0.0,0.0,0.0,0.0,3.0,0.0,0.0,2.0,0.0,0.0,0.0,0.0,0.0,2.0,0.0,0.0,0.0
73,285498769.0,0.0,2.0,0.0,0.0,0.0,3.0,0.0,2.0,1.0,0.0,0.0,1.0,0.0,1.0,3.0,0.0,0.0,0.0,1.0,1.0,0.0,0.0,1.0,3.0,0.0,1.0,2.0,0.0,0.0,1.0,0.0,1.0,4.0,0.0,4.0,0.0,1.0,2.0,0.0,1.0,3.0,1.0,1.0,3.0,2.0,1.0,3.0,3.0,0.0,1.0,4.0,3.0,1.0,2.0,2.0,0.0,0.0,0.0,1.0,0.0,0.0,0.0,1.0,2.0,4.0,1.0,2.0,0.0,0.0,2.0,0.0,0.0,0.0,0.0,0.0,0.0,0.0,2.0,0.0,0.0,0.0,2.0,2.0,0.0,1.0,1.0,1.0,0.0,1.0,1.0,3.0,0.0,0.0,0.0,0.0,3.0,0.0,0.0,2.0,2.0,1.0,2.0,0.0,1.0,8.0,0.0,0.0,0.0,0.0,0.0,3.0,0.0,0.0,0.0,1.0,1.0,0.0,1.0,0.0,0.0,3.0,0.0,0.0,0.0,0.0,0.0,0.0,0.0,3.0,1.0,0.0,0.0,0.0,2.0,3.0,0.0,1.0,1.0,1.0,7.0,0.0,2.0,2.0,0.0,0.0,0.0,0.0,0.0,0.0,6.0,0.0,1.0
74,2861284476.0,1.0,0.0,0.0,2.0,0.0,0.0,0.0,10.0,2.0,0.0,0.0,4.0,19.0,1.0,0.0,0.0,3.0,0.0,4.0,4.0,1.0,2.0,5.0,0.0,2.0,16.0,1.0,0.0,0.0,0.0,7.0,8.0,4.0,1.0,6.0,13.0,16.0,5.0,0.0,0.0,3.0,0.0,0.0,2.0,1.0,0.0,5.0,6.0,0.0,3.0,1.0,0.0,2.0,2.0,0.0,1.0,1.0,0.0,2.0,2.0,0.0,1.0,0.0,6.0,1.0,24.0,0.0,3.0,0.0,0.0,1.0,0.0,0.0,0.0,0.0,0.0,3.0,1.0,0.0,0.0,2.0,11.0,23.0,0.0,0.0,2.0,0.0,17.0,14.0,0.0,5.0,1.0,2.0,0.0,1.0,13.0,3.0,0.0,4.0,1.0,0.0,1.0,0.0,1.0,0.0,2.0,9.0,0.0,0.0,0.0,5.0,8.0,3.0,0.0,7.0,0.0,0.0,0.0,0.0,0.0,1.0,0.0,1.0,0.0,10.0,0.0,1.0,4.0,8.0,6.0,0.0,2.0,2.0,1.0,0.0,2.0,1.0,0.0,0.0,2.0,1.0,0.0,6.0,3.0,0.0,3.0,1.0,0.0,10.0,10.0,0.0,2.0
75,289732963.0,0.0,1.0,0.0,0.0,0.0,1.0,0.0,0.0,0.0,0.0,0.0,0.0,2.0,0.0,1.0,0.0,1.0,0.0,0.0,0.0,0.0,0.0,3.0,0.0,1.0,3.0,1.0,0.0,0.0,0.0,1.0,2.0,2.0,0.0,8.0,2.0,5.0,2.0,0.0,0.0,1.0,0.0,1.0,1.0,0.0,0.0,5.0,1.0,0.0,0.0,2.0,0.0,0.0,0.0,0.0,1.0,1.0,0.0,0.0,0.0,0.0,0.0,0.0,0.0,3.0,2.0,0.0,3.0,0.0,0.0,1.0,0.0,0.0,0.0,0.0,0.0,1.0,2.0,0.0,0.0,0.0,1.0,1.0,0.0,0.0,0.0,0.0,0.0,0.0,1.0,0.0,0.0,0.0,0.0,0.0,2.0,1.0,0.0,0.0,1.0,0.0,1.0,0.0,0.0,1.0,0.0,0.0,0.0,0.0,0.0,2.0,0.0,0.0,0.0,1.0,0.0,0.0,0.0,0.0,0.0,0.0,0.0,0.0,0.0,0.0,0.0,0.0,1.0,0.0,0.0,0.0,0.0,0.0,1.0,0.0,1.0,2.0,0.0,2.0,2.0,0.0,0.0,1.0,0.0,0.0,0.0,0.0,0.0,0.0,0.0,0.0,0.0
76,2912840665.0,1.0,0.0,0.0,0.0,0.0,0.0,0.0,0.0,0.0,2.0,0.0,2.0,0.0,0.0,1.0,1.0,2.0,0.0,0.0,0.0,0.0,2.0,1.0,7.0,1.0,7.0,3.0,0.0,0.0,4.0,0.0,1.0,10.0,2.0,1.0,1.0,1.0,1.0,0.0,1.0,7.0,0.0,0.0,4.0,0.0,3.0,1.0,20.0,0.0,0.0,0.0,0.0,0.0,3.0,0.0,2.0,0.0,0.0,1.0,8.0,1.0,0.0,1.0,5.0,23.0,8.0,249.0,0.0,0.0,1.0,0.0,0.0,0.0,0.0,0.0,0.0,3.0,0.0,3.0,0.0,2.0,2.0,0.0,0.0,3.0,0.0,0.0,0.0,0.0,7.0,8.0,11.0,0.0,4.0,0.0,12.0,0.0,0.0,1.0,1.0,0.0,0.0,2.0,0.0,13.0,0.0,4.0,0.0,3.0,0.0,2.0,1.0,1.0,0.0,0.0,0.0,0.0,0.0,1.0,1.0,12.0,0.0,0.0,0.0,0.0,0.0,0.0,3.0,4.0,0.0,10.0,1.0,0.0,0.0,0.0,1.0,0.0,0.0,0.0,48.0,0.0,0.0,3.0,0.0,0.0,0.0,0.0,0.0,2.0,0.0,0.0,0.0
77,2913777039.0,1.0,2.0,0.0,0.0,0.0,2.0,0.0,3.0,4.0,0.0,0.0,2.0,5.0,0.0,0.0,2.0,3.0,0.0,2.0,0.0,4.0,1.0,0.0,1.0,1.0,11.0,2.0,0.0,0.0,3.0,1.0,4.0,7.0,2.0,5.0,3.0,5.0,6.0,0.0,0.0,1.0,4.0,0.0,2.0,0.0,6.0,3.0,8.0,0.0,2.0,4.0,0.0,2.0,2.0,0.0,2.0,1.0,0.0,4.0,2.0,0.0,1.0,0.0,1.0,13.0,12.0,0.0,0.0,0.0,3.0,3.0,0.0,0.0,3.0,1.0,3.0,0.0,0.0,1.0,0.0,4.0,2.0,7.0,2.0,1.0,0.0,0.0,1.0,1.0,5.0,1.0,1.0,0.0,1.0,1.0,7.0,1.0,0.0,0.0,1.0,0.0,0.0,0.0,1.0,2.0,0.0,7.0,0.0,0.0,1.0,2.0,1.0,0.0,0.0,1.0,0.0,0.0,0.0,0.0,0.0,1.0,1.0,0.0,0.0,3.0,1.0,1.0,1.0,9.0,2.0,2.0,2.0,1.0,1.0,1.0,1.0,1.0,0.0,0.0,11.0,1.0,1.0,3.0,1.0,0.0,0.0,0.0,0.0,2.0,2.0,0.0,2.0
78,29153853.0,0.0,1.0,0.0,0.0,0.0,2.0,0.0,1.0,3.0,0.0,0.0,4.0,5.0,0.0,0.0,0.0,0.0,0.0,1.0,0.0,1.0,0.0,1.0,2.0,0.0,5.0,1.0,0.0,0.0,1.0,0.0,0.0,4.0,0.0,4.0,2.0,0.0,4.0,0.0,1.0,1.0,1.0,1.0,0.0,1.0,2.0,1.0,5.0,0.0,0.0,2.0,1.0,1.0,1.0,1.0,0.0,0.0,0.0,0.0,0.0,0.0,0.0,1.0,7.0,3.0,11.0,0.0,1.0,0.0,0.0,1.0,0.0,2.0,1.0,2.0,0.0,0.0,0.0,0.0,0.0,1.0,2.0,3.0,0.0,0.0,1.0,1.0,0.0,1.0,1.0,4.0,0.0,0.0,1.0,0.0,4.0,1.0,0.0,0.0,1.0,1.0,1.0,0.0,0.0,4.0,0.0,3.0,0.0,0.0,0.0,1.0,0.0,1.0,0.0,3.0,1.0,3.0,0.0,0.0,0.0,1.0,0.0,0.0,0.0,12.0,0.0,0.0,0.0,4.0,2.0,0.0,0.0,0.0,0.0,1.0,0.0,3.0,1.0,4.0,5.0,0.0,0.0,0.0,2.0,0.0,0.0,0.0,0.0,9.0,0.0,0.0,1.0
79,293436203.0,1.0,2.0,0.0,0.0,18.0,1.0,0.0,0.0,1.0,19.0,0.0,1.0,0.0,0.0,33.0,0.0,0.0,0.0,0.0,0.0,0.0,0.0,26.0,0.0,29.0,19.0,1.0,0.0,0.0,2.0,4.0,0.0,1.0,0.0,28.0,1.0,0.0,1.0,0.0,2.0,1.0,2.0,0.0,2.0,0.0,0.0,18.0,2.0,0.0,1.0,2.0,0.0,7.0,4.0,0.0,0.0,0.0,7.0,1.0,5.0,2.0,0.0,0.0,1.0,1.0,2.0,0.0,0.0,10.0,0.0,1.0,0.0,0.0,0.0,0.0,3.0,1.0,0.0,0.0,16.0,0.0,2.0,1.0,0.0,14.0,0.0,12.0,0.0,0.0,4.0,2.0,12.0,0.0,1.0,3.0,0.0,2.0,0.0,1.0,19.0,0.0,0.0,0.0,0.0,2.0,0.0,21.0,0.0,0.0,0.0,23.0,0.0,0.0,0.0,1.0,5.0,0.0,0.0,0.0,0.0,1.0,0.0,7.0,0.0,0.0,10.0,0.0,27.0,1.0,0.0,24.0,0.0,1.0,7.0,2.0,6.0,6.0,0.0,0.0,13.0,0.0,1.0,1.0,0.0,0.0,6.0,0.0,29.0,1.0,0.0,0.0,2.0
80,2948175271.0,0.0,0.0,0.0,0.0,7.0,0.0,0.0,0.0,0.0,9.0,0.0,0.0,0.0,0.0,13.0,0.0,0.0,0.0,0.0,0.0,0.0,0.0,17.0,0.0,12.0,9.0,0.0,0.0,0.0,0.0,0.0,0.0,0.0,0.0,15.0,0.0,0.0,0.0,0.0,0.0,0.0,0.0,0.0,0.0,0.0,0.0,9.0,0.0,0.0,0.0,0.0,0.0,5.0,5.0,0.0,0.0,0.0,1.0,0.0,13.0,3.0,0.0,0.0,0.0,0.0,0.0,0.0,0.0,29.0,0.0,0.0,0.0,0.0,0.0,0.0,0.0,0.0,0.0,16.0,0.0,0.0,0.0,0.0,0.0,33.0,0.0,19.0,0.0,0.0,1.0,0.0,22.0,0.0,3.0,2.0,0.0,0.0,0.0,0.0,17.0,0.0,0.0,0.0,0.0,0.0,0.0,14.0,0.0,0.0,0.0,32.0,0.0,0.0,0.0,0.0,3.0,0.0,0.0,0.0,0.0,0.0,0.0,5.0,0.0,0.0,6.0,0.0,14.0,0.0,0.0,16.0,0.0,0.0,8.0,0.0,2.0,7.0,0.0,0.0,4.0,0.0,0.0,0.0,0.0,0.0,4.0,0.0,47.0,0.0,0.0,0.0,0.0
81,296802328.0,2.0,1.0,0.0,1.0,0.0,1.0,0.0,1.0,8.0,2.0,0.0,4.0,6.0,4.0,2.0,0.0,14.0,0.0,3.0,1.0,3.0,0.0,3.0,8.0,4.0,8.0,10.0,0.0,0.0,2.0,2.0,4.0,10.0,9.0,10.0,5.0,17.0,7.0,0.0,0.0,5.0,2.0,0.0,16.0,0.0,1.0,9.0,18.0,0.0,2.0,4.0,0.0,3.0,5.0,1.0,0.0,4.0,0.0,4.0,3.0,8.0,0.0,2.0,16.0,10.0,14.0,0.0,0.0,0.0,0.0,0.0,0.0,0.0,2.0,0.0,2.0,4.0,1.0,0.0,0.0,0.0,7.0,13.0,0.0,5.0,0.0,1.0,1.0,2.0,1.0,16.0,0.0,0.0,3.0,4.0,2.0,2.0,0.0,7.0,2.0,1.0,3.0,1.0,2.0,10.0,0.0,12.0,0.0,1.0,1.0,12.0,4.0,0.0,0.0,1.0,0.0,0.0,0.0,2.0,1.0,7.0,5.0,1.0,0.0,3.0,0.0,3.0,5.0,6.0,1.0,2.0,0.0,7.0,1.0,2.0,0.0,3.0,3.0,2.0,17.0,1.0,1.0,14.0,2.0,0.0,1.0,0.0,0.0,10.0,2.0,0.0,0.0
82,2971298278.0,2.0,7.0,0.0,36.0,0.0,3.0,0.0,0.0,6.0,3.0,0.0,5.0,12.0,3.0,5.0,0.0,8.0,0.0,7.0,4.0,0.0,1.0,3.0,4.0,1.0,5.0,9.0,0.0,0.0,8.0,3.0,11.0,11.0,5.0,7.0,8.0,15.0,18.0,0.0,1.0,9.0,6.0,1.0,20.0,1.0,0.0,16.0,24.0,0.0,2.0,26.0,0.0,2.0,9.0,34.0,0.0,0.0,0.0,7.0,4.0,5.0,0.0,2.0,28.0,4.0,21.0,0.0,548.0,0.0,0.0,3.0,2.0,2.0,11.0,1.0,2.0,2.0,2.0,2.0,0.0,7.0,0.0,41.0,0.0,11.0,0.0,0.0,24.0,1.0,7.0,29.0,1.0,1.0,8.0,2.0,1588.0,8.0,0.0,6.0,2.0,0.0,3.0,3.0,6.0,31.0,4.0,11.0,27.0,1.0,1.0,8.0,2.0,193.0,1.0,4.0,0.0,0.0,0.0,1.0,5.0,10.0,2.0,0.0,0.0,5.0,0.0,2.0,3.0,7.0,1.0,7.0,0.0,7.0,6.0,3.0,0.0,0.0,3.0,1.0,14.0,0.0,3.0,20.0,1.0,0.0,1.0,1.0,0.0,27.0,1077.0,0.0,3.0
83,298801560.0,0.0,3.0,0.0,2.0,0.0,1.0,0.0,7.0,5.0,2.0,0.0,4.0,16.0,4.0,2.0,0.0,3.0,0.0,6.0,3.0,1.0,0.0,4.0,4.0,0.0,12.0,6.0,0.0,3.0,3.0,5.0,4.0,5.0,0.0,8.0,6.0,11.0,29.0,0.0,1.0,5.0,3.0,2.0,7.0,1.0,4.0,8.0,9.0,0.0,2.0,6.0,2.0,3.0,4.0,1.0,2.0,1.0,0.0,5.0,2.0,2.0,1.0,2.0,5.0,6.0,25.0,0.0,27.0,0.0,0.0,1.0,0.0,2.0,23.0,1.0,0.0,7.0,3.0,1.0,0.0,13.0,41.0,0.0,2.0,2.0,2.0,1.0,19.0,9.0,1.0,9.0,1.0,1.0,4.0,2.0,47.0,4.0,0.0,8.0,4.0,1.0,3.0,1.0,2.0,8.0,1.0,11.0,0.0,0.0,2.0,8.0,3.0,11.0,0.0,7.0,1.0,0.0,0.0,0.0,0.0,3.0,0.0,0.0,0.0,12.0,1.0,4.0,3.0,9.0,5.0,1.0,0.0,10.0,3.0,2.0,0.0,2.0,1.0,4.0,11.0,4.0,1.0,10.0,3.0,0.0,0.0,0.0,0.0,13.0,43.0,0.0,3.0
84,298978752.0,5.0,0.0,0.0,0.0,0.0,3.0,0.0,1.0,3.0,1.0,0.0,2.0,1.0,1.0,1.0,1.0,2.0,0.0,1.0,0.0,2.0,1.0,1.0,3.0,1.0,2.0,2.0,0.0,0.0,3.0,1.0,1.0,5.0,1.0,3.0,2.0,2.0,1.0,0.0,0.0,3.0,2.0,2.0,3.0,0.0,4.0,0.0,6.0,0.0,2.0,2.0,0.0,1.0,3.0,0.0,0.0,1.0,0.0,1.0,0.0,1.0,0.0,2.0,2.0,6.0,4.0,0.0,0.0,0.0,2.0,2.0,0.0,0.0,0.0,0.0,0.0,2.0,0.0,0.0,0.0,0.0,0.0,2.0,0.0,1.0,2.0,0.0,0.0,0.0,0.0,3.0,0.0,0.0,1.0,0.0,2.0,2.0,0.0,2.0,1.0,0.0,0.0,0.0,3.0,4.0,0.0,2.0,0.0,0.0,0.0,1.0,0.0,0.0,4.0,0.0,0.0,1.0,1.0,0.0,0.0,1.0,0.0,0.0,0.0,2.0,1.0,0.0,5.0,4.0,0.0,2.0,0.0,2.0,0.0,0.0,1.0,1.0,0.0,2.0,4.0,2.0,0.0,2.0,0.0,0.0,0.0,0.0,0.0,1.0,0.0,0.0,1.0
85,299533471.0,1.0,4.0,0.0,0.0,8.0,0.0,0.0,0.0,0.0,24.0,0.0,0.0,0.0,6.0,19.0,0.0,6.0,0.0,0.0,0.0,0.0,0.0,23.0,4.0,11.0,9.0,2.0,0.0,0.0,7.0,7.0,2.0,8.0,4.0,11.0,1.0,8.0,4.0,0.0,0.0,9.0,1.0,1.0,22.0,1.0,1.0,17.0,12.0,0.0,1.0,2.0,0.0,5.0,17.0,0.0,0.0,1.0,2.0,5.0,8.0,9.0,0.0,2.0,13.0,3.0,5.0,1.0,1.0,21.0,0.0,0.0,2.0,1.0,0.0,0.0,3.0,1.0,0.0,14.0,33.0,5.0,11.0,2.0,1.0,0.0,0.0,7.0,0.0,1.0,5.0,16.0,18.0,0.0,15.0,1.0,1.0,3.0,0.0,5.0,13.0,1.0,0.0,2.0,4.0,24.0,0.0,17.0,0.0,1.0,0.0,30.0,0.0,1.0,1.0,1.0,1.0,0.0,2.0,1.0,2.0,10.0,2.0,6.0,0.0,0.0,10.0,3.0,21.0,2.0,0.0,29.0,0.0,6.0,7.0,2.0,2.0,7.0,0.0,0.0,12.0,0.0,1.0,15.0,0.0,0.0,2.0,0.0,38.0,9.0,0.0,1.0,0.0
86,300454931.0,0.0,1.0,0.0,0.0,0.0,1.0,0.0,1.0,3.0,0.0,0.0,2.0,1.0,1.0,1.0,0.0,56.0,0.0,2.0,1.0,1.0,0.0,3.0,3.0,0.0,2.0,8.0,0.0,0.0,1.0,0.0,1.0,3.0,1.0,3.0,1.0,1.0,2.0,0.0,1.0,3.0,2.0,2.0,2.0,1.0,3.0,1.0,4.0,0.0,3.0,3.0,1.0,1.0,2.0,1.0,0.0,1.0,0.0,1.0,0.0,0.0,0.0,2.0,2.0,3.0,3.0,0.0,0.0,0.0,0.0,0.0,0.0,1.0,2.0,0.0,0.0,0.0,1.0,0.0,0.0,0.0,0.0,2.0,2.0,0.0,0.0,1.0,0.0,1.0,1.0,3.0,0.0,1.0,0.0,0.0,1.0,2.0,0.0,2.0,2.0,1.0,0.0,0.0,2.0,2.0,0.0,3.0,0.0,0.0,0.0,2.0,0.0,0.0,0.0,1.0,1.0,1.0,0.0,0.0,0.0,2.0,0.0,0.0,0.0,2.0,0.0,0.0,2.0,2.0,1.0,0.0,0.0,2.0,0.0,1.0,1.0,1.0,0.0,2.0,3.0,0.0,0.0,2.0,0.0,0.0,0.0,4.0,0.0,2.0,0.0,0.0,5.0
87,300872627.0,0.0,1.0,0.0,0.0,14.0,1.0,0.0,1.0,1.0,6.0,0.0,1.0,0.0,0.0,24.0,0.0,0.0,0.0,1.0,0.0,0.0,0.0,15.0,1.0,12.0,11.0,1.0,0.0,0.0,0.0,0.0,0.0,1.0,0.0,20.0,0.0,0.0,1.0,0.0,2.0,1.0,1.0,1.0,0.0,1.0,1.0,9.0,1.0,0.0,0.0,1.0,1.0,6.0,7.0,1.0,0.0,0.0,6.0,0.0,8.0,5.0,0.0,1.0,0.0,1.0,0.0,0.0,0.0,9.0,0.0,0.0,0.0,1.0,0.0,0.0,0.0,0.0,1.0,12.0,19.0,1.0,0.0,1.0,0.0,7.0,1.0,0.0,0.0,1.0,1.0,1.0,6.0,0.0,2.0,2.0,0.0,0.0,0.0,0.0,11.0,1.0,0.0,0.0,0.0,1.0,0.0,11.0,0.0,0.0,0.0,18.0,0.0,0.0,0.0,1.0,2.0,0.0,0.0,0.0,0.0,1.0,0.0,6.0,0.0,0.0,8.0,0.0,17.0,1.0,1.0,8.0,0.0,0.0,10.0,1.0,4.0,9.0,0.0,0.0,6.0,0.0,0.0,0.0,0.0,0.0,3.0,0.0,23.0,0.0,0.0,0.0,1.0
88,3179338645.0,0.0,0.0,0.0,1.0,0.0,2.0,0.0,0.0,2.0,0.0,0.0,1.0,4.0,1.0,1.0,0.0,0.0,0.0,1.0,4.0,0.0,0.0,0.0,0.0,0.0,2.0,1.0,0.0,1.0,0.0,1.0,1.0,4.0,0.0,2.0,8.0,2.0,1.0,0.0,0.0,2.0,0.0,0.0,0.0,0.0,1.0,1.0,0.0,0.0,0.0,0.0,1.0,0.0,0.0,3.0,0.0,0.0,0.0,4.0,0.0,0.0,0.0,2.0,10.0,0.0,7.0,0.0,23.0,0.0,1.0,0.0,0.0,0.0,17.0,0.0,0.0,1.0,0.0,0.0,0.0,1.0,24.0,19.0,0.0,0.0,0.0,0.0,0.0,14.0,0.0,0.0,0.0,0.0,2.0,0.0,65.0,1.0,0.0,2.0,0.0,0.0,1.0,0.0,0.0,0.0,5.0,3.0,0.0,0.0,0.0,3.0,6.0,6.0,0.0,5.0,0.0,0.0,0.0,0.0,0.0,0.0,0.0,0.0,0.0,14.0,1.0,0.0,1.0,2.0,2.0,0.0,2.0,0.0,1.0,0.0,0.0,0.0,0.0,1.0,0.0,1.0,0.0,1.0,8.0,0.0,2.0,2.0,0.0,12.0,46.0,0.0,1.0
89,321908610.0,0.0,1.0,0.0,2.0,0.0,1.0,0.0,3.0,2.0,3.0,0.0,3.0,6.0,3.0,2.0,0.0,2.0,0.0,4.0,3.0,1.0,0.0,3.0,2.0,1.0,5.0,2.0,0.0,0.0,1.0,2.0,1.0,3.0,0.0,4.0,7.0,5.0,2.0,0.0,1.0,1.0,1.0,2.0,1.0,1.0,5.0,4.0,5.0,0.0,1.0,2.0,1.0,3.0,1.0,1.0,0.0,1.0,0.0,3.0,2.0,1.0,0.0,1.0,8.0,5.0,11.0,0.0,0.0,0.0,0.0,0.0,0.0,1.0,14.0,0.0,0.0,1.0,1.0,0.0,0.0,2.0,1.0,9.0,0.0,1.0,1.0,1.0,14.0,0.0,1.0,4.0,0.0,0.0,0.0,1.0,5.0,0.0,1.0,6.0,2.0,1.0,1.0,0.0,0.0,2.0,2.0,5.0,0.0,1.0,0.0,4.0,5.0,0.0,0.0,8.0,1.0,0.0,0.0,0.0,0.0,1.0,0.0,0.0,0.0,10.0,1.0,0.0,1.0,8.0,3.0,2.0,0.0,4.0,1.0,1.0,0.0,1.0,0.0,4.0,2.0,1.0,0.0,5.0,2.0,0.0,3.0,0.0,0.0,7.0,5.0,0.0,3.0
90,323349728.0,1.0,4.0,0.0,0.0,4.0,3.0,0.0,1.0,9.0,0.0,0.0,2.0,0.0,0.0,3.0,0.0,2.0,0.0,1.0,0.0,0.0,0.0,3.0,3.0,6.0,5.0,6.0,0.0,0.0,4.0,3.0,1.0,3.0,2.0,9.0,1.0,1.0,3.0,0.0,4.0,6.0,5.0,5.0,8.0,1.0,1.0,17.0,9.0,0.0,1.0,4.0,1.0,3.0,6.0,1.0,0.0,0.0,1.0,1.0,1.0,2.0,0.0,2.0,3.0,9.0,16.0,1.0,0.0,1.0,4.0,3.0,1.0,1.0,0.0,1.0,7.0,5.0,1.0,4.0,1.0,1.0,7.0,1.0,0.0,5.0,1.0,1.0,0.0,1.0,0.0,11.0,0.0,1.0,2.0,0.0,7.0,2.0,0.0,0.0,3.0,1.0,0.0,0.0,0.0,19.0,0.0,3.0,0.0,0.0,0.0,6.0,0.0,1.0,1.0,5.0,1.0,0.0,0.0,0.0,0.0,4.0,0.0,0.0,0.0,0.0,0.0,1.0,2.0,4.0,1.0,9.0,0.0,1.0,4.0,2.0,0.0,1.0,0.0,0.0,16.0,0.0,1.0,3.0,1.0,0.0,0.0,1.0,3.0,4.0,0.0,1.0,2.0
91,3247317675.0,3.0,9.0,0.0,2.0,0.0,5.0,0.0,3.0,11.0,6.0,0.0,10.0,9.0,21.0,10.0,1.0,19.0,0.0,10.0,2.0,4.0,6.0,10.0,41.0,4.0,27.0,23.0,0.0,0.0,26.0,12.0,28.0,37.0,9.0,13.0,21.0,12.0,33.0,0.0,1.0,38.0,17.0,3.0,80.0,3.0,14.0,33.0,68.0,0.0,8.0,11.0,2.0,6.0,25.0,1.0,5.0,7.0,1.0,17.0,6.0,16.0,1.0,9.0,41.0,35.0,69.0,3.0,1.0,1.0,2.0,5.0,1.0,3.0,5.0,0.0,8.0,1.0,4.0,2.0,0.0,16.0,29.0,9.0,3.0,16.0,3.0,1.0,0.0,4.0,11.0,0.0,5.0,6.0,21.0,6.0,21.0,25.0,0.0,27.0,8.0,4.0,4.0,3.0,9.0,68.0,0.0,35.0,0.0,1.0,5.0,23.0,5.0,1.0,0.0,12.0,1.0,0.0,1.0,3.0,6.0,27.0,7.0,0.0,0.0,7.0,0.0,10.0,8.0,27.0,2.0,15.0,1.0,21.0,4.0,4.0,0.0,1.0,11.0,9.0,90.0,0.0,7.0,62.0,1.0,0.0,0.0,0.0,0.0,41.0,2.0,1.0,4.0
92,3289014529.0,0.0,0.0,0.0,0.0,5.0,0.0,0.0,0.0,0.0,16.0,0.0,1.0,1.0,0.0,13.0,1.0,0.0,0.0,1.0,1.0,0.0,0.0,21.0,0.0,12.0,9.0,1.0,0.0,0.0,3.0,1.0,2.0,5.0,0.0,16.0,2.0,0.0,0.0,0.0,2.0,5.0,0.0,0.0,1.0,0.0,1.0,7.0,9.0,0.0,0.0,0.0,0.0,3.0,5.0,0.0,0.0,0.0,3.0,1.0,13.0,5.0,0.0,0.0,1.0,9.0,5.0,0.0,0.0,12.0,0.0,0.0,0.0,0.0,1.0,0.0,11.0,1.0,0.0,12.0,22.0,0.0,1.0,1.0,0.0,18.0,0.0,6.0,0.0,0.0,0.0,5.0,0.0,0.0,4.0,0.0,4.0,0.0,0.0,0.0,12.0,0.0,1.0,1.0,0.0,7.0,0.0,8.0,0.0,0.0,0.0,24.0,0.0,0.0,0.0,0.0,1.0,0.0,0.0,0.0,0.0,5.0,0.0,5.0,0.0,0.0,11.0,0.0,11.0,4.0,0.0,16.0,0.0,0.0,7.0,0.0,3.0,2.0,0.0,0.0,14.0,0.0,0.0,2.0,0.0,0.0,3.0,0.0,34.0,1.0,0.0,0.0,0.0
93,3316409420.0,0.0,0.0,0.0,0.0,0.0,0.0,0.0,0.0,2.0,0.0,0.0,0.0,2.0,3.0,0.0,1.0,2.0,0.0,1.0,0.0,0.0,1.0,1.0,1.0,0.0,0.0,5.0,0.0,0.0,1.0,0.0,2.0,1.0,0.0,0.0,2.0,2.0,0.0,0.0,0.0,3.0,0.0,0.0,5.0,0.0,2.0,0.0,2.0,0.0,2.0,2.0,0.0,0.0,3.0,0.0,1.0,2.0,0.0,0.0,0.0,3.0,0.0,0.0,1.0,3.0,5.0,0.0,0.0,0.0,0.0,1.0,0.0,0.0,2.0,0.0,0.0,0.0,0.0,0.0,0.0,0.0,1.0,1.0,0.0,0.0,1.0,0.0,0.0,0.0,1.0,6.0,0.0,0.0,2.0,0.0,3.0,5.0,0.0,3.0,0.0,0.0,0.0,0.0,0.0,5.0,0.0,1.0,0.0,0.0,0.0,0.0,0.0,0.0,0.0,2.0,0.0,0.0,0.0,0.0,0.0,0.0,0.0,0.0,0.0,0.0,0.0,2.0,0.0,2.0,6.0,1.0,1.0,1.0,1.0,0.0,1.0,0.0,0.0,2.0,1.0,0.0,3.0,2.0,0.0,0.0,0.0,0.0,0.0,7.0,2.0,0.0,0.0
94,333393117.0,1.0,3.0,0.0,1.0,1.0,1.0,0.0,0.0,0.0,5.0,0.0,9.0,0.0,5.0,9.0,0.0,5.0,0.0,0.0,0.0,3.0,1.0,2.0,1.0,1.0,6.0,3.0,0.0,1.0,14.0,9.0,13.0,41.0,3.0,3.0,5.0,4.0,8.0,0.0,0.0,10.0,3.0,0.0,25.0,10.0,1.0,10.0,21.0,0.0,0.0,4.0,1.0,0.0,10.0,0.0,0.0,0.0,0.0,6.0,2.0,5.0,0.0,13.0,12.0,6.0,16.0,2.0,1.0,2.0,1.0,2.0,2.0,0.0,0.0,0.0,4.0,1.0,1.0,1.0,3.0,3.0,8.0,4.0,1.0,15.0,0.0,2.0,2.0,0.0,2.0,21.0,4.0,2.0,0.0,0.0,5.0,10.0,0.0,6.0,2.0,0.0,0.0,2.0,2.0,32.0,0.0,6.0,0.0,1.0,0.0,21.0,0.0,2.0,0.0,3.0,1.0,0.0,3.0,1.0,3.0,15.0,4.0,0.0,0.0,0.0,0.0,2.0,6.0,6.0,0.0,10.0,0.0,8.0,1.0,4.0,0.0,2.0,1.0,0.0,18.0,0.0,5.0,80.0,1.0,0.0,0.0,0.0,0.0,9.0,1.0,18.0,0.0
95,337600534.0,0.0,0.0,0.0,0.0,2.0,0.0,0.0,0.0,5.0,3.0,0.0,3.0,5.0,1.0,9.0,0.0,0.0,0.0,3.0,0.0,1.0,0.0,6.0,2.0,18.0,11.0,3.0,0.0,0.0,0.0,1.0,0.0,3.0,0.0,20.0,1.0,0.0,2.0,0.0,5.0,0.0,1.0,0.0,5.0,0.0,1.0,12.0,6.0,0.0,0.0,1.0,0.0,4.0,6.0,0.0,0.0,2.0,2.0,1.0,6.0,3.0,0.0,0.0,3.0,4.0,9.0,0.0,0.0,5.0,0.0,0.0,0.0,0.0,1.0,0.0,0.0,1.0,0.0,3.0,2.0,4.0,2.0,2.0,0.0,1.0,0.0,2.0,0.0,1.0,0.0,6.0,0.0,0.0,0.0,0.0,1.0,2.0,0.0,3.0,9.0,0.0,1.0,0.0,0.0,1.0,0.0,13.0,0.0,0.0,1.0,4.0,0.0,0.0,0.0,0.0,1.0,0.0,0.0,0.0,0.0,0.0,1.0,3.0,0.0,1.0,2.0,0.0,16.0,5.0,0.0,2.0,0.0,4.0,4.0,0.0,2.0,2.0,0.0,2.0,14.0,0.0,0.0,6.0,0.0,0.0,1.0,0.0,6.0,2.0,0.0,0.0,0.0
96,33841072.0,0.0,0.0,0.0,29.0,0.0,3.0,0.0,2.0,2.0,0.0,0.0,2.0,10.0,3.0,2.0,4.0,3.0,0.0,3.0,3.0,4.0,0.0,1.0,9.0,2.0,11.0,5.0,0.0,1.0,7.0,1.0,10.0,11.0,10.0,11.0,17.0,18.0,11.0,0.0,0.0,6.0,6.0,2.0,4.0,0.0,4.0,6.0,33.0,0.0,2.0,20.0,1.0,1.0,4.0,6.0,0.0,1.0,0.0,9.0,3.0,1.0,0.0,2.0,21.0,20.0,18.0,0.0,477.0,0.0,3.0,3.0,0.0,3.0,13.0,2.0,12.0,7.0,4.0,0.0,0.0,2.0,1588.0,47.0,2.0,1.0,1.0,0.0,65.0,5.0,7.0,21.0,4.0,3.0,5.0,1.0,0.0,5.0,0.0,4.0,1.0,0.0,8.0,5.0,5.0,16.0,6.0,5.0,5.0,0.0,2.0,7.0,6.0,230.0,0.0,7.0,0.0,0.0,0.0,0.0,2.0,10.0,0.0,0.0,0.0,8.0,2.0,0.0,6.0,8.0,5.0,4.0,0.0,4.0,3.0,1.0,1.0,3.0,1.0,3.0,38.0,0.0,0.0,4.0,6.0,0.0,1.0,0.0,0.0,126.0,1790.0,0.0,4.0
97,3402781883.0,1.0,3.0,0.0,0.0,0.0,1.0,0.0,1.0,4.0,1.0,0.0,3.0,3.0,7.0,6.0,1.0,9.0,0.0,4.0,1.0,2.0,1.0,4.0,4.0,2.0,5.0,18.0,0.0,5.0,10.0,23.0,18.0,4.0,1.0,8.0,5.0,3.0,12.0,0.0,0.0,8.0,4.0,2.0,52.0,1.0,2.0,10.0,15.0,0.0,4.0,7.0,0.0,1.0,9.0,0.0,0.0,1.0,0.0,9.0,1.0,10.0,0.0,3.0,12.0,4.0,20.0,4.0,0.0,1.0,1.0,2.0,1.0,0.0,3.0,1.0,0.0,1.0,1.0,2.0,0.0,2.0,8.0,4.0,2.0,3.0,2.0,0.0,1.0,0.0,2.0,25.0,0.0,5.0,10.0,2.0,5.0,0.0,0.0,9.0,5.0,0.0,4.0,0.0,2.0,27.0,0.0,10.0,0.0,0.0,2.0,10.0,2.0,0.0,1.0,2.0,0.0,0.0,3.0,1.0,0.0,4.0,13.0,0.0,0.0,3.0,0.0,1.0,5.0,10.0,0.0,5.0,1.0,6.0,1.0,2.0,0.0,1.0,0.0,1.0,13.0,0.0,7.0,43.0,0.0,0.0,0.0,1.0,0.0,11.0,4.0,0.0,3.0
98,344307661.0,0.0,0.0,0.0,0.0,0.0,0.0,0.0,0.0,0.0,1.0,0.0,0.0,0.0,0.0,0.0,0.0,0.0,0.0,0.0,0.0,0.0,0.0,0.0,0.0,0.0,0.0,0.0,0.0,0.0,0.0,0.0,0.0,0.0,0.0,0.0,0.0,0.0,0.0,0.0,0.0,0.0,0.0,0.0,0.0,0.0,0.0,0.0,0.0,0.0,0.0,0.0,0.0,0.0,0.0,0.0,0.0,0.0,0.0,0.0,0.0,0.0,0.0,0.0,0.0,0.0,0.0,0.0,0.0,0.0,0.0,0.0,0.0,0.0,0.0,0.0,0.0,0.0,0.0,0.0,0.0,0.0,0.0,0.0,0.0,0.0,0.0,0.0,0.0,1.0,0.0,0.0,0.0,0.0,0.0,0.0,0.0,0.0,0.0,0.0,0.0,0.0,0.0,0.0,0.0,0.0,0.0,0.0,0.0,0.0,0.0,0.0,0.0,0.0,0.0,0.0,0.0,0.0,0.0,0.0,0.0,0.0,0.0,0.0,0.0,0.0,0.0,0.0,0.0,0.0,0.0,0.0,0.0,0.0,0.0,0.0,0.0,0.0,0.0,0.0,0.0,0.0,0.0,0.0,0.0,0.0,0.0,0.0,0.0,0.0,0.0,0.0,0.0
99,34626356.0,1.0,3.0,0.0,0.0,0.0,1.0,0.0,2.0,6.0,3.0,0.0,4.0,5.0,6.0,9.0,0.0,9.0,0.0,9.0,5.0,1.0,0.0,6.0,8.0,3.0,8.0,10.0,0.0,1.0,8.0,4.0,7.0,13.0,5.0,13.0,10.0,4.0,19.0,0.0,0.0,10.0,3.0,3.0,27.0,3.0,5.0,14.0,16.0,0.0,7.0,6.0,1.0,2.0,11.0,3.0,2.0,4.0,0.0,11.0,3.0,3.0,0.0,4.0,26.0,16.0,28.0,0.0,1.0,0.0,1.0,3.0,1.0,2.0,4.0,0.0,1.0,0.0,0.0,1.0,0.0,7.0,6.0,8.0,2.0,5.0,2.0,0.0,2.0,6.0,0.0,27.0,0.0,3.0,6.0,3.0,4.0,9.0,0.0,0.0,6.0,1.0,1.0,0.0,4.0,16.0,0.0,14.0,0.0,1.0,3.0,11.0,1.0,1.0,0.0,3.0,0.0,0.0,0.0,1.0,4.0,8.0,4.0,0.0,0.0,7.0,0.0,2.0,5.0,20.0,0.0,2.0,0.0,11.0,3.0,4.0,1.0,0.0,1.0,4.0,23.0,0.0,5.0,26.0,7.0,0.0,0.0,1.0,0.0,13.0,1.0,1.0,3.0
100,36131579.0,1.0,2.0,0.0,0.0,21.0,3.0,0.0,1.0,5.0,19.0,0.0,2.0,4.0,3.0,47.0,0.0,3.0,0.0,3.0,1.0,1.0,0.0,39.0,6.0,38.0,25.0,3.0,0.0,1.0,3.0,3.0,2.0,4.0,0.0,62.0,5.0,1.0,6.0,0.0,7.0,3.0,2.0,6.0,8.0,3.0,3.0,37.0,8.0,0.0,2.0,4.0,1.0,6.0,14.0,2.0,1.0,1.0,7.0,6.0,11.0,5.0,0.0,3.0,4.0,4.0,7.0,1.0,0.0,21.0,1.0,1.0,0.0,2.0,1.0,1.0,1.0,1.0,1.0,19.0,17.0,2.0,2.0,4.0,1.0,13.0,2.0,11.0,0.0,2.0,3.0,8.0,12.0,0.0,2.0,9.0,1.0,5.0,0.0,6.0,0.0,1.0,1.0,0.0,2.0,6.0,0.0,24.0,0.0,0.0,0.0,25.0,1.0,0.0,0.0,2.0,2.0,0.0,0.0,1.0,2.0,4.0,1.0,11.0,0.0,2.0,10.0,0.0,39.0,8.0,1.0,18.0,0.0,4.0,19.0,2.0,10.0,8.0,0.0,2.0,26.0,0.0,1.0,10.0,0.0,0.0,3.0,0.0,48.0,6.0,0.0,0.0,3.0
101,36226373.0,0.0,2.0,0.0,0.0,0.0,1.0,0.0,1.0,1.0,0.0,0.0,1.0,0.0,0.0,0.0,0.0,0.0,0.0,1.0,1.0,0.0,0.0,2.0,2.0,0.0,2.0,3.0,0.0,0.0,0.0,1.0,1.0,3.0,2.0,2.0,1.0,1.0,1.0,0.0,1.0,1.0,2.0,1.0,3.0,1.0,1.0,4.0,2.0,0.0,0.0,1.0,1.0,1.0,2.0,2.0,0.0,0.0,1.0,1.0,0.0,1.0,0.0,1.0,5.0,5.0,0.0,0.0,1.0,0.0,0.0,0.0,0.0,1.0,0.0,0.0,0.0,0.0,1.0,0.0,0.0,1.0,0.0,1.0,0.0,1.0,1.0,1.0,0.0,1.0,1.0,4.0,0.0,0.0,0.0,0.0,0.0,0.0,0.0,1.0,1.0,0.0,1.0,0.0,0.0,3.0,0.0,1.0,0.0,0.0,0.0,1.0,1.0,0.0,0.0,3.0,1.0,0.0,0.0,0.0,0.0,4.0,0.0,0.0,0.0,0.0,0.0,1.0,1.0,2.0,1.0,2.0,0.0,1.0,0.0,4.0,0.0,1.0,0.0,0.0,2.0,0.0,0.0,4.0,0.0,0.0,0.0,0.0,0.0,0.0,0.0,0.0,3.0
102,376322010.0,1.0,0.0,0.0,0.0,0.0,1.0,0.0,0.0,1.0,0.0,0.0,1.0,2.0,0.0,2.0,0.0,1.0,0.0,3.0,1.0,0.0,0.0,2.0,0.0,0.0,2.0,1.0,0.0,0.0,0.0,1.0,3.0,0.0,0.0,5.0,1.0,1.0,2.0,0.0,0.0,1.0,1.0,0.0,2.0,0.0,0.0,6.0,5.0,0.0,1.0,3.0,1.0,1.0,0.0,0.0,0.0,0.0,0.0,3.0,1.0,2.0,0.0,0.0,3.0,3.0,5.0,2.0,1.0,0.0,1.0,0.0,0.0,2.0,1.0,1.0,0.0,0.0,1.0,0.0,0.0,3.0,3.0,3.0,0.0,0.0,0.0,0.0,1.0,1.0,0.0,4.0,1.0,0.0,0.0,1.0,8.0,4.0,0.0,1.0,1.0,1.0,0.0,0.0,0.0,5.0,0.0,2.0,0.0,0.0,1.0,1.0,4.0,0.0,0.0,1.0,0.0,0.0,0.0,0.0,0.0,2.0,1.0,0.0,0.0,1.0,1.0,0.0,1.0,3.0,0.0,0.0,1.0,1.0,1.0,2.0,0.0,1.0,0.0,0.0,4.0,0.0,2.0,3.0,0.0,0.0,0.0,0.0,0.0,1.0,1.0,0.0,1.0
103,390364845.0,0.0,0.0,0.0,0.0,0.0,0.0,0.0,0.0,0.0,1.0,0.0,0.0,0.0,1.0,1.0,0.0,1.0,0.0,0.0,0.0,0.0,0.0,1.0,0.0,0.0,0.0,0.0,0.0,0.0,1.0,0.0,3.0,2.0,1.0,0.0,0.0,0.0,2.0,0.0,0.0,4.0,0.0,0.0,2.0,0.0,1.0,2.0,1.0,0.0,0.0,0.0,0.0,0.0,1.0,0.0,0.0,1.0,0.0,0.0,1.0,1.0,0.0,0.0,1.0,4.0,0.0,0.0,0.0,0.0,0.0,1.0,0.0,0.0,0.0,0.0,2.0,0.0,0.0,0.0,0.0,1.0,3.0,1.0,0.0,2.0,0.0,0.0,0.0,0.0,0.0,3.0,1.0,0.0,2.0,0.0,5.0,0.0,0.0,0.0,0.0,0.0,0.0,0.0,0.0,3.0,0.0,2.0,0.0,0.0,0.0,1.0,1.0,0.0,0.0,0.0,0.0,0.0,0.0,0.0,1.0,3.0,0.0,0.0,0.0,0.0,0.0,0.0,0.0,1.0,0.0,2.0,0.0,2.0,0.0,0.0,0.0,0.0,0.0,0.0,2.0,0.0,0.0,2.0,0.0,0.0,0.0,0.0,0.0,2.0,0.0,0.0,0.0
104,39250934.0,1.0,1.0,0.0,0.0,0.0,0.0,0.0,0.0,1.0,0.0,0.0,1.0,1.0,6.0,2.0,0.0,3.0,0.0,1.0,0.0,2.0,0.0,1.0,7.0,0.0,2.0,3.0,0.0,0.0,3.0,0.0,6.0,10.0,1.0,2.0,3.0,3.0,5.0,0.0,0.0,5.0,2.0,1.0,9.0,1.0,2.0,5.0,7.0,0.0,1.0,2.0,0.0,0.0,5.0,0.0,1.0,0.0,0.0,5.0,1.0,0.0,0.0,2.0,4.0,2.0,7.0,0.0,0.0,0.0,1.0,0.0,0.0,1.0,1.0,0.0,0.0,1.0,0.0,0.0,0.0,2.0,6.0,2.0,3.0,4.0,2.0,0.0,0.0,0.0,0.0,9.0,0.0,0.0,2.0,0.0,5.0,2.0,0.0,4.0,2.0,0.0,0.0,0.0,0.0,11.0,0.0,2.0,0.0,0.0,0.0,3.0,1.0,1.0,0.0,1.0,0.0,1.0,0.0,0.0,1.0,6.0,1.0,0.0,0.0,4.0,0.0,2.0,2.0,5.0,0.0,0.0,0.0,2.0,0.0,2.0,0.0,0.0,0.0,2.0,6.0,0.0,2.0,8.0,0.0,0.0,0.0,0.0,0.0,7.0,3.0,1.0,1.0
105,410809934.0,5.0,9.0,0.0,0.0,0.0,24.0,0.0,2.0,8.0,2.0,0.0,7.0,2.0,22.0,12.0,3.0,12.0,0.0,2.0,1.0,1.0,1.0,4.0,21.0,12.0,9.0,29.0,0.0,3.0,51.0,12.0,20.0,53.0,12.0,11.0,11.0,11.0,21.0,0.0,1.0,41.0,12.0,3.0,88.0,4.0,3.0,35.0,55.0,0.0,5.0,8.0,2.0,4.0,32.0,1.0,1.0,2.0,1.0,13.0,5.0,39.0,0.0,15.0,38.0,33.0,43.0,5.0,11.0,0.0,6.0,4.0,2.0,8.0,0.0,1.0,13.0,2.0,4.0,2.0,0.0,10.0,31.0,8.0,4.0,24.0,2.0,1.0,0.0,2.0,19.0,68.0,7.0,5.0,32.0,1.0,16.0,27.0,0.0,16.0,6.0,3.0,5.0,3.0,11.0,0.0,0.0,12.0,0.0,1.0,1.0,28.0,1.0,1.0,4.0,6.0,2.0,0.0,1.0,2.0,4.0,41.0,12.0,0.0,0.0,4.0,2.0,12.0,8.0,13.0,1.0,25.0,0.0,20.0,3.0,8.0,0.0,2.0,3.0,5.0,94.0,0.0,22.0,53.0,1.0,0.0,0.0,0.0,0.0,21.0,2.0,3.0,3.0
106,411402689.0,0.0,0.0,0.0,0.0,0.0,0.0,0.0,0.0,0.0,0.0,0.0,0.0,1.0,0.0,0.0,0.0,0.0,0.0,0.0,0.0,0.0,0.0,0.0,0.0,0.0,0.0,0.0,0.0,0.0,0.0,0.0,0.0,0.0,0.0,0.0,3.0,0.0,0.0,0.0,0.0,0.0,0.0,0.0,0.0,0.0,0.0,0.0,0.0,0.0,0.0,0.0,0.0,0.0,0.0,0.0,0.0,0.0,0.0,0.0,0.0,0.0,0.0,0.0,2.0,0.0,1.0,0.0,6.0,0.0,0.0,0.0,0.0,0.0,2.0,0.0,0.0,0.0,0.0,0.0,0.0,0.0,4.0,1.0,0.0,0.0,0.0,0.0,5.0,2.0,0.0,0.0,0.0,0.0,0.0,0.0,6.0,0.0,0.0,0.0,0.0,0.0,0.0,0.0,0.0,0.0,0.0,0.0,0.0,0.0,0.0,0.0,2.0,0.0,0.0,0.0,0.0,0.0,0.0,0.0,0.0,0.0,0.0,0.0,0.0,3.0,0.0,0.0,0.0,0.0,0.0,0.0,1.0,0.0,0.0,0.0,0.0,0.0,0.0,1.0,0.0,0.0,0.0,0.0,0.0,0.0,1.0,0.0,0.0,1.0,11.0,0.0,0.0
107,433506102.0,2.0,5.0,0.0,0.0,16.0,3.0,0.0,1.0,13.0,14.0,0.0,9.0,15.0,11.0,43.0,1.0,9.0,0.0,9.0,3.0,3.0,1.0,40.0,20.0,42.0,44.0,13.0,0.0,1.0,8.0,4.0,3.0,15.0,1.0,52.0,10.0,4.0,12.0,0.0,4.0,11.0,4.0,1.0,19.0,1.0,5.0,37.0,30.0,0.0,9.0,9.0,0.0,18.0,21.0,1.0,2.0,6.0,9.0,9.0,20.0,7.0,0.0,6.0,18.0,19.0,33.0,1.0,1.0,8.0,2.0,6.0,2.0,0.0,9.0,0.0,4.0,7.0,3.0,21.0,14.0,12.0,11.0,11.0,2.0,17.0,3.0,11.0,3.0,5.0,3.0,35.0,8.0,1.0,6.0,13.0,5.0,10.0,0.0,14.0,24.0,1.0,2.0,2.0,2.0,12.0,0.0,0.0,0.0,1.0,10.0,22.0,2.0,1.0,1.0,7.0,4.0,0.0,0.0,1.0,4.0,9.0,0.0,19.0,0.0,6.0,8.0,0.0,46.0,21.0,2.0,26.0,1.0,18.0,19.0,2.0,11.0,11.0,3.0,5.0,44.0,2.0,1.0,20.0,5.0,0.0,4.0,0.0,31.0,28.0,0.0,1.0,2.0
108,442689691.0,0.0,0.0,0.0,1.0,0.0,0.0,0.0,0.0,0.0,0.0,0.0,0.0,0.0,0.0,0.0,0.0,0.0,0.0,3.0,1.0,0.0,0.0,0.0,0.0,0.0,0.0,0.0,0.0,0.0,0.0,0.0,1.0,0.0,0.0,0.0,0.0,1.0,0.0,0.0,0.0,0.0,0.0,0.0,0.0,0.0,0.0,0.0,0.0,0.0,0.0,0.0,0.0,0.0,0.0,9.0,0.0,0.0,0.0,0.0,0.0,0.0,0.0,0.0,10.0,0.0,0.0,0.0,92.0,0.0,0.0,0.0,0.0,0.0,0.0,0.0,0.0,0.0,0.0,0.0,0.0,0.0,27.0,0.0,0.0,0.0,0.0,0.0,0.0,0.0,0.0,0.0,0.0,0.0,0.0,0.0,5.0,0.0,0.0,0.0,0.0,0.0,0.0,0.0,0.0,0.0,0.0,0.0,0.0,0.0,0.0,0.0,0.0,0.0,0.0,0.0,0.0,0.0,0.0,0.0,2.0,0.0,0.0,0.0,0.0,0.0,0.0,0.0,0.0,0.0,0.0,0.0,0.0,0.0,0.0,0.0,0.0,0.0,0.0,0.0,0.0,0.0,0.0,0.0,0.0,0.0,0.0,0.0,0.0,0.0,3.0,0.0,0.0
109,449777937.0,0.0,1.0,0.0,0.0,0.0,0.0,0.0,0.0,0.0,0.0,0.0,0.0,0.0,0.0,1.0,0.0,1.0,1.0,0.0,0.0,0.0,0.0,1.0,0.0,0.0,0.0,0.0,0.0,0.0,0.0,1.0,0.0,0.0,0.0,0.0,0.0,1.0,0.0,0.0,0.0,0.0,0.0,0.0,1.0,1.0,0.0,1.0,2.0,0.0,0.0,0.0,0.0,0.0,0.0,0.0,0.0,0.0,0.0,0.0,0.0,0.0,0.0,0.0,0.0,2.0,0.0,0.0,0.0,0.0,0.0,0.0,1.0,0.0,0.0,0.0,3.0,0.0,0.0,0.0,0.0,1.0,1.0,0.0,0.0,1.0,0.0,0.0,0.0,1.0,0.0,1.0,0.0,0.0,1.0,0.0,0.0,0.0,0.0,1.0,0.0,0.0,0.0,0.0,0.0,1.0,0.0,1.0,0.0,0.0,0.0,0.0,0.0,0.0,0.0,0.0,0.0,0.0,0.0,0.0,0.0,1.0,0.0,0.0,0.0,0.0,0.0,0.0,0.0,0.0,0.0,0.0,0.0,0.0,0.0,0.0,0.0,0.0,0.0,0.0,0.0,0.0,0.0,1.0,0.0,0.0,0.0,0.0,0.0,1.0,0.0,0.0,0.0
110,451395108.0,0.0,1.0,0.0,0.0,0.0,0.0,0.0,0.0,1.0,0.0,0.0,1.0,2.0,5.0,0.0,0.0,2.0,0.0,3.0,0.0,0.0,0.0,0.0,10.0,0.0,2.0,4.0,0.0,1.0,1.0,1.0,1.0,2.0,1.0,0.0,0.0,2.0,1.0,0.0,0.0,2.0,2.0,0.0,2.0,0.0,1.0,0.0,5.0,0.0,3.0,0.0,0.0,0.0,1.0,0.0,0.0,1.0,0.0,0.0,1.0,1.0,0.0,0.0,3.0,6.0,2.0,0.0,0.0,0.0,2.0,0.0,0.0,0.0,0.0,0.0,0.0,1.0,0.0,0.0,0.0,1.0,1.0,2.0,0.0,0.0,0.0,0.0,0.0,0.0,0.0,5.0,0.0,0.0,0.0,1.0,2.0,2.0,0.0,3.0,0.0,0.0,1.0,0.0,0.0,1.0,0.0,10.0,0.0,0.0,0.0,1.0,0.0,0.0,0.0,0.0,0.0,0.0,0.0,0.0,0.0,0.0,0.0,0.0,0.0,1.0,0.0,0.0,1.0,4.0,0.0,1.0,0.0,6.0,0.0,0.0,0.0,0.0,0.0,0.0,6.0,0.0,0.0,1.0,1.0,0.0,0.0,0.0,0.0,2.0,0.0,0.0,0.0
111,45312342.0,1.0,4.0,0.0,1.0,12.0,3.0,0.0,2.0,4.0,30.0,0.0,7.0,3.0,5.0,37.0,3.0,5.0,0.0,4.0,3.0,1.0,0.0,53.0,6.0,41.0,32.0,13.0,0.0,3.0,11.0,9.0,14.0,18.0,5.0,36.0,7.0,8.0,12.0,0.0,1.0,10.0,8.0,1.0,26.0,2.0,2.0,42.0,16.0,0.0,3.0,4.0,2.0,5.0,21.0,2.0,1.0,0.0,4.0,10.0,25.0,10.0,0.0,5.0,13.0,8.0,22.0,2.0,1.0,25.0,1.0,2.0,0.0,3.0,5.0,2.0,2.0,2.0,1.0,23.0,32.0,12.0,8.0,8.0,1.0,30.0,2.0,18.0,3.0,4.0,6.0,23.0,24.0,0.0,21.0,4.0,7.0,10.0,0.0,11.0,25.0,1.0,1.0,1.0,3.0,28.0,0.0,22.0,0.0,0.0,1.0,0.0,7.0,0.0,0.0,3.0,4.0,1.0,7.0,1.0,5.0,6.0,3.0,16.0,0.0,4.0,15.0,2.0,33.0,10.0,2.0,32.0,0.0,6.0,12.0,3.0,2.0,9.0,1.0,7.0,26.0,1.0,3.0,26.0,15.0,0.0,7.0,0.0,43.0,10.0,3.0,1.0,3.0
112,453603539.0,2.0,0.0,0.0,1.0,0.0,1.0,0.0,2.0,0.0,0.0,0.0,1.0,2.0,1.0,0.0,0.0,1.0,0.0,1.0,0.0,0.0,0.0,1.0,1.0,0.0,3.0,2.0,0.0,0.0,1.0,5.0,1.0,4.0,0.0,2.0,11.0,2.0,4.0,0.0,0.0,5.0,1.0,0.0,0.0,0.0,1.0,4.0,4.0,0.0,0.0,1.0,0.0,0.0,0.0,1.0,0.0,0.0,0.0,5.0,0.0,0.0,1.0,0.0,3.0,4.0,7.0,0.0,1.0,0.0,0.0,0.0,0.0,0.0,8.0,0.0,1.0,1.0,0.0,0.0,0.0,4.0,2.0,3.0,0.0,0.0,0.0,0.0,6.0,5.0,0.0,5.0,0.0,0.0,0.0,0.0,6.0,2.0,0.0,1.0,1.0,1.0,4.0,1.0,1.0,1.0,2.0,2.0,0.0,0.0,0.0,7.0,0.0,0.0,0.0,1.0,0.0,0.0,0.0,0.0,0.0,1.0,0.0,0.0,0.0,3.0,0.0,0.0,1.0,3.0,1.0,1.0,2.0,4.0,0.0,0.0,0.0,0.0,0.0,1.0,5.0,1.0,0.0,1.0,2.0,0.0,0.0,0.0,0.0,2.0,5.0,0.0,1.0
113,455092249.0,0.0,0.0,0.0,15.0,0.0,1.0,0.0,0.0,3.0,0.0,0.0,0.0,1.0,0.0,0.0,0.0,2.0,0.0,1.0,1.0,0.0,0.0,1.0,1.0,0.0,0.0,0.0,0.0,0.0,0.0,0.0,1.0,0.0,1.0,3.0,0.0,4.0,0.0,0.0,0.0,1.0,0.0,0.0,1.0,0.0,0.0,0.0,7.0,0.0,0.0,4.0,0.0,0.0,1.0,1.0,0.0,0.0,0.0,0.0,0.0,0.0,0.0,0.0,5.0,2.0,0.0,1.0,82.0,0.0,0.0,0.0,0.0,0.0,3.0,0.0,1.0,0.0,1.0,0.0,0.0,0.0,193.0,11.0,0.0,1.0,0.0,0.0,6.0,0.0,1.0,1.0,0.0,0.0,2.0,0.0,230.0,0.0,0.0,1.0,0.0,0.0,0.0,0.0,1.0,1.0,0.0,1.0,0.0,0.0,0.0,0.0,0.0,0.0,0.0,0.0,0.0,0.0,0.0,0.0,0.0,1.0,0.0,0.0,0.0,0.0,0.0,2.0,0.0,0.0,1.0,1.0,0.0,0.0,0.0,0.0,0.0,0.0,0.0,0.0,0.0,0.0,0.0,0.0,0.0,0.0,0.0,0.0,0.0,3.0,107.0,0.0,0.0
114,462010647.0,18.0,2.0,0.0,0.0,0.0,37.0,0.0,0.0,3.0,0.0,0.0,0.0,0.0,0.0,0.0,0.0,1.0,0.0,0.0,0.0,0.0,0.0,0.0,0.0,1.0,1.0,1.0,0.0,0.0,3.0,0.0,0.0,0.0,0.0,0.0,0.0,0.0,0.0,0.0,0.0,1.0,0.0,0.0,0.0,0.0,0.0,2.0,1.0,0.0,0.0,0.0,0.0,0.0,2.0,0.0,0.0,0.0,0.0,0.0,1.0,1.0,0.0,0.0,0.0,0.0,0.0,0.0,0.0,0.0,21.0,0.0,1.0,0.0,0.0,0.0,0.0,0.0,0.0,0.0,0.0,0.0,1.0,0.0,4.0,1.0,0.0,0.0,0.0,0.0,1.0,0.0,0.0,0.0,0.0,0.0,0.0,1.0,0.0,0.0,0.0,0.0,0.0,0.0,0.0,4.0,0.0,1.0,0.0,0.0,0.0,0.0,0.0,0.0,0.0,0.0,0.0,0.0,0.0,0.0,0.0,0.0,0.0,0.0,0.0,0.0,0.0,0.0,1.0,0.0,0.0,1.0,0.0,0.0,0.0,0.0,1.0,0.0,0.0,0.0,0.0,3.0,0.0,1.0,0.0,0.0,0.0,0.0,0.0,1.0,0.0,0.0,0.0
115,464820696.0,2.0,2.0,0.0,0.0,0.0,2.0,0.0,2.0,3.0,0.0,0.0,3.0,7.0,1.0,0.0,0.0,0.0,0.0,4.0,2.0,3.0,1.0,3.0,5.0,3.0,6.0,2.0,0.0,0.0,4.0,0.0,1.0,10.0,0.0,10.0,7.0,0.0,10.0,0.0,1.0,5.0,3.0,1.0,4.0,1.0,7.0,3.0,8.0,0.0,2.0,5.0,1.0,2.0,1.0,2.0,1.0,11.0,0.0,6.0,1.0,1.0,0.0,3.0,5.0,6.0,25.0,0.0,0.0,0.0,0.0,1.0,0.0,1.0,7.0,1.0,0.0,1.0,3.0,1.0,0.0,1.0,4.0,7.0,0.0,1.0,1.0,1.0,5.0,8.0,5.0,12.0,0.0,2.0,3.0,0.0,7.0,2.0,0.0,3.0,2.0,3.0,1.0,0.0,1.0,6.0,0.0,7.0,0.0,0.0,0.0,3.0,1.0,0.0,0.0,0.0,1.0,0.0,0.0,1.0,1.0,2.0,0.0,0.0,0.0,1.0,0.0,1.0,1.0,13.0,3.0,3.0,1.0,3.0,2.0,4.0,0.0,1.0,1.0,2.0,11.0,1.0,0.0,4.0,4.0,0.0,1.0,0.0,0.0,10.0,7.0,1.0,3.0
116,47253341.0,0.0,1.0,0.0,0.0,7.0,1.0,0.0,1.0,1.0,2.0,0.0,1.0,0.0,0.0,8.0,0.0,0.0,0.0,1.0,0.0,0.0,0.0,5.0,1.0,6.0,7.0,1.0,0.0,1.0,0.0,0.0,0.0,2.0,0.0,6.0,0.0,0.0,1.0,0.0,1.0,1.0,1.0,1.0,0.0,1.0,1.0,6.0,1.0,0.0,0.0,1.0,1.0,2.0,3.0,1.0,0.0,0.0,0.0,0.0,2.0,0.0,0.0,3.0,0.0,1.0,0.0,0.0,0.0,5.0,0.0,0.0,0.0,1.0,0.0,0.0,0.0,0.0,1.0,5.0,3.0,0.0,0.0,1.0,0.0,1.0,1.0,2.0,0.0,1.0,1.0,1.0,1.0,0.0,1.0,1.0,0.0,0.0,0.0,0.0,2.0,1.0,0.0,0.0,0.0,2.0,0.0,4.0,0.0,0.0,0.0,4.0,0.0,0.0,0.0,1.0,0.0,0.0,0.0,0.0,0.0,1.0,0.0,0.0,0.0,0.0,2.0,0.0,7.0,1.0,1.0,4.0,0.0,0.0,1.0,1.0,0.0,1.0,0.0,0.0,4.0,0.0,0.0,0.0,0.0,0.0,1.0,0.0,4.0,0.0,0.0,0.0,1.0
117,4834837039.0,1.0,0.0,0.0,0.0,0.0,0.0,0.0,0.0,0.0,0.0,0.0,1.0,0.0,0.0,0.0,0.0,1.0,0.0,0.0,0.0,0.0,0.0,0.0,1.0,0.0,1.0,0.0,0.0,0.0,0.0,0.0,1.0,2.0,1.0,0.0,0.0,1.0,0.0,0.0,0.0,1.0,1.0,0.0,1.0,0.0,1.0,0.0,1.0,0.0,0.0,0.0,0.0,0.0,0.0,0.0,0.0,0.0,0.0,0.0,0.0,0.0,0.0,0.0,0.0,0.0,14.0,0.0,0.0,0.0,0.0,0.0,0.0,0.0,0.0,0.0,0.0,0.0,3.0,0.0,0.0,0.0,0.0,0.0,1.0,0.0,1.0,0.0,0.0,0.0,0.0,0.0,0.0,0.0,0.0,0.0,0.0,0.0,0.0,0.0,0.0,0.0,0.0,0.0,1.0,0.0,0.0,0.0,0.0,0.0,0.0,1.0,0.0,0.0,0.0,0.0,0.0,0.0,0.0,0.0,0.0,0.0,0.0,0.0,0.0,6.0,0.0,0.0,1.0,0.0,0.0,0.0,0.0,0.0,0.0,0.0,0.0,0.0,0.0,1.0,0.0,0.0,0.0,1.0,0.0,0.0,0.0,0.0,0.0,11.0,0.0,0.0,0.0
118,48416262.0,0.0,0.0,0.0,0.0,0.0,0.0,0.0,0.0,0.0,1.0,0.0,0.0,0.0,0.0,1.0,0.0,0.0,0.0,0.0,0.0,0.0,0.0,0.0,0.0,0.0,1.0,0.0,0.0,0.0,0.0,1.0,2.0,1.0,0.0,1.0,0.0,0.0,0.0,0.0,0.0,0.0,0.0,1.0,2.0,0.0,0.0,0.0,1.0,0.0,0.0,1.0,0.0,0.0,0.0,0.0,0.0,0.0,0.0,0.0,0.0,1.0,0.0,2.0,0.0,0.0,0.0,1.0,0.0,0.0,1.0,0.0,0.0,1.0,0.0,0.0,0.0,0.0,0.0,0.0,0.0,0.0,0.0,0.0,1.0,2.0,0.0,0.0,0.0,0.0,0.0,1.0,0.0,0.0,3.0,0.0,0.0,3.0,0.0,0.0,0.0,0.0,0.0,0.0,0.0,1.0,0.0,0.0,0.0,0.0,0.0,7.0,0.0,0.0,0.0,0.0,0.0,0.0,0.0,0.0,0.0,0.0,0.0,0.0,0.0,0.0,0.0,0.0,0.0,0.0,0.0,1.0,0.0,0.0,0.0,0.0,0.0,0.0,0.0,0.0,0.0,0.0,0.0,3.0,0.0,0.0,0.0,0.0,1.0,0.0,0.0,0.0,0.0
119,49310742.0,0.0,1.0,0.0,0.0,0.0,0.0,0.0,0.0,0.0,1.0,0.0,1.0,0.0,0.0,1.0,0.0,1.0,0.0,0.0,0.0,0.0,0.0,1.0,1.0,1.0,0.0,1.0,0.0,0.0,1.0,1.0,2.0,2.0,0.0,1.0,1.0,1.0,5.0,0.0,0.0,2.0,0.0,0.0,6.0,0.0,0.0,1.0,2.0,0.0,0.0,0.0,0.0,0.0,1.0,0.0,1.0,0.0,0.0,1.0,0.0,0.0,0.0,1.0,1.0,2.0,2.0,0.0,0.0,0.0,0.0,0.0,0.0,0.0,0.0,0.0,1.0,0.0,0.0,0.0,0.0,2.0,1.0,0.0,0.0,1.0,0.0,0.0,0.0,0.0,0.0,3.0,0.0,0.0,1.0,0.0,0.0,1.0,0.0,1.0,1.0,0.0,0.0,0.0,0.0,2.0,0.0,1.0,0.0,0.0,0.0,1.0,0.0,0.0,0.0,1.0,0.0,0.0,0.0,0.0,1.0,3.0,2.0,0.0,0.0,0.0,0.0,0.0,1.0,1.0,0.0,1.0,0.0,0.0,0.0,0.0,0.0,0.0,0.0,0.0,5.0,0.0,0.0,4.0,0.0,0.0,0.0,0.0,0.0,1.0,0.0,0.0,0.0
120,49790325.0,1.0,0.0,0.0,0.0,0.0,0.0,0.0,0.0,0.0,3.0,0.0,1.0,0.0,1.0,3.0,1.0,4.0,0.0,9.0,1.0,0.0,0.0,1.0,1.0,1.0,3.0,1.0,0.0,0.0,2.0,0.0,1.0,6.0,4.0,1.0,2.0,2.0,5.0,0.0,0.0,6.0,0.0,0.0,7.0,0.0,0.0,3.0,7.0,0.0,0.0,1.0,0.0,0.0,3.0,39.0,2.0,0.0,0.0,3.0,1.0,0.0,0.0,2.0,22.0,4.0,7.0,0.0,3.0,0.0,0.0,0.0,0.0,0.0,0.0,0.0,1.0,0.0,0.0,0.0,0.0,1.0,5.0,0.0,0.0,2.0,0.0,0.0,0.0,0.0,0.0,6.0,0.0,0.0,3.0,0.0,2.0,0.0,0.0,4.0,2.0,0.0,0.0,1.0,1.0,4.0,0.0,4.0,2.0,0.0,0.0,5.0,0.0,0.0,0.0,1.0,0.0,0.0,0.0,1.0,0.0,4.0,1.0,0.0,0.0,0.0,0.0,0.0,2.0,2.0,0.0,3.0,0.0,3.0,0.0,1.0,0.0,0.0,0.0,0.0,6.0,0.0,0.0,4.0,0.0,0.0,0.0,0.0,0.0,4.0,0.0,1.0,1.0
121,542266257.0,2.0,5.0,0.0,0.0,0.0,4.0,0.0,1.0,4.0,3.0,0.0,7.0,1.0,3.0,6.0,0.0,8.0,0.0,1.0,1.0,2.0,20.0,5.0,8.0,1.0,3.0,9.0,0.0,0.0,10.0,2.0,8.0,15.0,6.0,7.0,6.0,5.0,9.0,0.0,1.0,14.0,5.0,2.0,37.0,2.0,3.0,13.0,20.0,0.0,3.0,3.0,1.0,3.0,12.0,1.0,1.0,2.0,1.0,7.0,1.0,8.0,0.0,4.0,23.0,26.0,14.0,1.0,1.0,0.0,1.0,1.0,2.0,3.0,1.0,0.0,12.0,1.0,1.0,1.0,0.0,7.0,10.0,3.0,1.0,10.0,2.0,1.0,0.0,1.0,4.0,27.0,5.0,0.0,15.0,0.0,10.0,4.0,0.0,8.0,4.0,4.0,2.0,3.0,6.0,41.0,0.0,9.0,0.0,1.0,0.0,6.0,1.0,1.0,0.0,2.0,1.0,0.0,0.0,3.0,4.0,0.0,9.0,0.0,0.0,1.0,1.0,8.0,6.0,7.0,1.0,12.0,1.0,5.0,1.0,5.0,1.0,2.0,1.0,3.0,27.0,0.0,1.0,19.0,0.0,0.0,0.0,0.0,0.0,9.0,0.0,0.0,3.0
122,54585605.0,0.0,1.0,0.0,0.0,0.0,1.0,0.0,0.0,0.0,0.0,0.0,1.0,0.0,1.0,1.0,0.0,4.0,0.0,1.0,0.0,1.0,0.0,0.0,3.0,0.0,2.0,1.0,0.0,4.0,3.0,10.0,9.0,6.0,2.0,1.0,0.0,2.0,6.0,0.0,0.0,3.0,0.0,0.0,27.0,0.0,0.0,2.0,5.0,0.0,0.0,0.0,0.0,0.0,1.0,0.0,0.0,2.0,0.0,1.0,1.0,4.0,0.0,0.0,13.0,2.0,5.0,2.0,0.0,0.0,0.0,0.0,0.0,0.0,0.0,0.0,0.0,1.0,0.0,0.0,0.0,5.0,2.0,0.0,0.0,2.0,0.0,0.0,0.0,0.0,0.0,7.0,0.0,0.0,4.0,1.0,0.0,13.0,0.0,4.0,1.0,0.0,1.0,0.0,1.0,12.0,0.0,0.0,0.0,0.0,0.0,3.0,0.0,0.0,0.0,0.0,0.0,0.0,0.0,2.0,1.0,9.0,0.0,0.0,0.0,0.0,0.0,1.0,1.0,0.0,0.0,0.0,0.0,1.0,0.0,1.0,0.0,0.0,0.0,1.0,10.0,0.0,1.0,21.0,0.0,0.0,0.0,0.0,0.0,1.0,0.0,0.0,0.0
123,553015505.0,0.0,0.0,0.0,0.0,3.0,0.0,0.0,0.0,1.0,10.0,0.0,0.0,0.0,0.0,21.0,0.0,0.0,0.0,0.0,0.0,0.0,0.0,13.0,0.0,10.0,15.0,0.0,0.0,0.0,0.0,0.0,0.0,0.0,0.0,17.0,0.0,0.0,0.0,0.0,2.0,0.0,0.0,1.0,0.0,0.0,0.0,14.0,0.0,0.0,0.0,0.0,0.0,7.0,4.0,0.0,0.0,0.0,5.0,0.0,4.0,3.0,0.0,0.0,0.0,0.0,0.0,0.0,0.0,3.0,0.0,0.0,0.0,0.0,1.0,0.0,0.0,0.0,0.0,7.0,5.0,1.0,0.0,0.0,0.0,6.0,0.0,6.0,0.0,0.0,0.0,0.0,5.0,0.0,0.0,3.0,0.0,0.0,0.0,0.0,11.0,0.0,0.0,0.0,0.0,0.0,0.0,19.0,0.0,0.0,0.0,16.0,0.0,0.0,0.0,0.0,0.0,0.0,0.0,0.0,0.0,0.0,0.0,0.0,0.0,1.0,8.0,0.0,17.0,0.0,0.0,5.0,0.0,0.0,7.0,0.0,9.0,10.0,0.0,0.0,5.0,0.0,0.0,0.0,0.0,0.0,2.0,0.0,16.0,1.0,0.0,0.0,0.0
124,553332944.0,0.0,0.0,0.0,0.0,0.0,0.0,0.0,0.0,0.0,0.0,0.0,0.0,0.0,0.0,0.0,0.0,0.0,0.0,0.0,0.0,0.0,0.0,0.0,0.0,0.0,0.0,0.0,0.0,0.0,0.0,0.0,0.0,0.0,0.0,0.0,0.0,0.0,0.0,0.0,0.0,0.0,0.0,0.0,0.0,0.0,0.0,0.0,0.0,0.0,0.0,0.0,0.0,0.0,0.0,0.0,0.0,0.0,0.0,0.0,0.0,0.0,0.0,0.0,0.0,0.0,0.0,0.0,0.0,0.0,0.0,0.0,1.0,0.0,0.0,0.0,0.0,0.0,0.0,0.0,0.0,0.0,0.0,0.0,0.0,0.0,0.0,0.0,0.0,0.0,0.0,0.0,0.0,0.0,0.0,0.0,0.0,0.0,0.0,0.0,0.0,0.0,0.0,0.0,0.0,0.0,0.0,0.0,0.0,0.0,0.0,0.0,0.0,0.0,0.0,0.0,0.0,0.0,0.0,0.0,0.0,0.0,0.0,0.0,0.0,0.0,0.0,0.0,0.0,0.0,0.0,0.0,0.0,0.0,0.0,0.0,0.0,0.0,0.0,0.0,0.0,0.0,0.0,0.0,0.0,0.0,0.0,0.0,0.0,0.0,0.0,0.0,0.0
125,56286660.0,0.0,0.0,0.0,0.0,0.0,0.0,0.0,0.0,3.0,0.0,0.0,5.0,6.0,2.0,3.0,0.0,2.0,0.0,2.0,0.0,2.0,0.0,1.0,3.0,2.0,6.0,3.0,0.0,0.0,1.0,2.0,2.0,8.0,3.0,5.0,6.0,3.0,4.0,0.0,0.0,3.0,3.0,2.0,4.0,1.0,3.0,4.0,6.0,0.0,4.0,1.0,0.0,2.0,5.0,0.0,0.0,2.0,0.0,3.0,3.0,1.0,0.0,1.0,9.0,3.0,31.0,0.0,2.0,0.0,0.0,6.0,0.0,0.0,10.0,0.0,0.0,3.0,12.0,0.0,0.0,3.0,5.0,12.0,2.0,0.0,2.0,0.0,14.0,10.0,0.0,7.0,0.0,0.0,0.0,1.0,8.0,3.0,0.0,7.0,2.0,0.0,1.0,0.0,4.0,4.0,3.0,6.0,0.0,0.0,1.0,4.0,3.0,0.0,0.0,1.0,0.0,6.0,0.0,0.0,0.0,1.0,0.0,1.0,0.0,0.0,0.0,0.0,3.0,9.0,1.0,0.0,0.0,5.0,0.0,0.0,0.0,0.0,0.0,3.0,5.0,1.0,3.0,9.0,3.0,0.0,2.0,0.0,0.0,43.0,17.0,0.0,1.0
126,56561193.0,0.0,0.0,0.0,0.0,6.0,1.0,0.0,0.0,0.0,16.0,0.0,0.0,0.0,0.0,14.0,1.0,1.0,0.0,2.0,0.0,0.0,0.0,16.0,0.0,12.0,10.0,0.0,0.0,0.0,0.0,1.0,1.0,2.0,0.0,12.0,0.0,0.0,1.0,0.0,1.0,1.0,0.0,0.0,0.0,0.0,0.0,8.0,0.0,0.0,1.0,0.0,1.0,5.0,8.0,0.0,0.0,0.0,3.0,0.0,3.0,2.0,0.0,0.0,1.0,1.0,1.0,0.0,1.0,5.0,2.0,1.0,0.0,0.0,0.0,0.0,0.0,1.0,0.0,10.0,6.0,0.0,0.0,1.0,1.0,10.0,0.0,8.0,1.0,1.0,0.0,0.0,11.0,0.0,0.0,2.0,2.0,0.0,0.0,0.0,10.0,0.0,1.0,0.0,0.0,2.0,0.0,8.0,0.0,0.0,0.0,15.0,0.0,0.0,0.0,0.0,2.0,0.0,0.0,0.0,0.0,1.0,0.0,8.0,0.0,0.0,0.0,0.0,16.0,1.0,0.0,7.0,0.0,1.0,7.0,0.0,5.0,7.0,0.0,0.0,6.0,0.0,0.0,0.0,0.0,0.0,1.0,0.0,16.0,0.0,0.0,0.0,0.0
127,570675729.0,0.0,0.0,0.0,0.0,0.0,0.0,0.0,0.0,2.0,0.0,0.0,1.0,2.0,3.0,1.0,0.0,3.0,0.0,0.0,0.0,0.0,1.0,0.0,3.0,0.0,0.0,2.0,0.0,0.0,2.0,0.0,10.0,3.0,3.0,0.0,1.0,7.0,3.0,0.0,0.0,6.0,0.0,0.0,18.0,0.0,2.0,2.0,3.0,0.0,0.0,1.0,0.0,0.0,0.0,1.0,2.0,0.0,0.0,1.0,0.0,2.0,1.0,1.0,6.0,8.0,12.0,0.0,1.0,0.0,0.0,0.0,0.0,0.0,1.0,0.0,0.0,1.0,0.0,0.0,0.0,3.0,2.0,4.0,0.0,3.0,0.0,0.0,0.0,0.0,1.0,10.0,0.0,2.0,2.0,0.0,0.0,1.0,0.0,2.0,0.0,1.0,0.0,0.0,2.0,12.0,0.0,0.0,0.0,0.0,0.0,2.0,0.0,2.0,0.0,1.0,0.0,0.0,0.0,0.0,0.0,8.0,1.0,0.0,0.0,0.0,0.0,0.0,1.0,0.0,1.0,1.0,1.0,6.0,0.0,0.0,0.0,0.0,0.0,2.0,5.0,0.0,2.0,5.0,0.0,0.0,0.0,0.0,0.0,3.0,0.0,0.0,0.0
128,57673488.0,0.0,2.0,0.0,0.0,41.0,0.0,0.0,0.0,4.0,32.0,0.0,8.0,5.0,2.0,63.0,1.0,3.0,0.0,4.0,0.0,1.0,0.0,56.0,6.0,63.0,67.0,4.0,0.0,0.0,4.0,6.0,1.0,12.0,1.0,87.0,4.0,2.0,4.0,0.0,5.0,3.0,2.0,5.0,12.0,0.0,3.0,34.0,13.0,0.0,4.0,4.0,0.0,11.0,19.0,0.0,1.0,3.0,15.0,3.0,20.0,11.0,0.0,2.0,10.0,6.0,16.0,0.0,3.0,20.0,1.0,1.0,0.0,0.0,4.0,1.0,3.0,1.0,0.0,27.0,14.0,5.0,3.0,3.0,5.0,21.0,2.0,17.0,1.0,1.0,2.0,8.0,11.0,0.0,6.0,16.0,6.0,5.0,0.0,5.0,39.0,1.0,1.0,0.0,2.0,8.0,0.0,46.0,0.0,0.0,1.0,33.0,1.0,0.0,1.0,1.0,7.0,1.0,0.0,1.0,2.0,6.0,1.0,17.0,0.0,3.0,16.0,1.0,0.0,12.0,3.0,29.0,0.0,7.0,17.0,0.0,14.0,17.0,0.0,4.0,45.0,0.0,2.0,10.0,4.0,0.0,9.0,0.0,45.0,5.0,3.0,0.0,1.0
129,58666078.0,7.0,10.0,0.0,2.0,0.0,5.0,0.0,7.0,11.0,2.0,0.0,14.0,17.0,4.0,5.0,1.0,6.0,0.0,15.0,3.0,8.0,1.0,12.0,8.0,8.0,32.0,11.0,0.0,0.0,12.0,4.0,9.0,31.0,5.0,22.0,17.0,4.0,13.0,0.0,1.0,10.0,7.0,5.0,16.0,2.0,19.0,14.0,28.0,0.0,13.0,9.0,3.0,12.0,15.0,1.0,1.0,4.0,0.0,10.0,12.0,4.0,0.0,4.0,17.0,18.0,49.0,0.0,0.0,0.0,2.0,10.0,0.0,3.0,8.0,0.0,4.0,9.0,4.0,1.0,0.0,6.0,7.0,9.0,4.0,2.0,2.0,1.0,2.0,8.0,4.0,27.0,4.0,2.0,6.0,5.0,8.0,10.0,0.0,20.0,8.0,2.0,3.0,1.0,5.0,13.0,0.0,21.0,0.0,0.0,4.0,10.0,3.0,0.0,0.0,13.0,1.0,0.0,0.0,1.0,2.0,7.0,0.0,0.0,0.0,9.0,1.0,0.0,12.0,0.0,8.0,5.0,8.0,16.0,5.0,3.0,1.0,2.0,2.0,7.0,31.0,3.0,5.0,19.0,3.0,0.0,0.0,0.0,0.0,17.0,2.0,2.0,3.0
130,611471436.0,0.0,1.0,0.0,0.0,0.0,1.0,0.0,2.0,2.0,0.0,0.0,1.0,14.0,1.0,0.0,0.0,1.0,0.0,2.0,0.0,0.0,1.0,3.0,1.0,1.0,21.0,1.0,0.0,0.0,0.0,0.0,3.0,2.0,2.0,2.0,2.0,4.0,3.0,0.0,1.0,2.0,1.0,1.0,0.0,1.0,1.0,1.0,1.0,0.0,1.0,1.0,1.0,1.0,1.0,1.0,1.0,1.0,0.0,0.0,0.0,0.0,0.0,1.0,1.0,1.0,2.0,0.0,0.0,0.0,0.0,1.0,0.0,1.0,6.0,0.0,0.0,2.0,2.0,0.0,0.0,1.0,1.0,5.0,0.0,0.0,1.0,1.0,2.0,3.0,1.0,2.0,0.0,6.0,0.0,0.0,5.0,0.0,0.0,0.0,1.0,1.0,0.0,0.0,0.0,1.0,0.0,2.0,0.0,0.0,0.0,2.0,1.0,1.0,0.0,3.0,1.0,0.0,0.0,0.0,0.0,1.0,0.0,0.0,0.0,1.0,0.0,1.0,3.0,8.0,0.0,0.0,2.0,0.0,1.0,1.0,1.0,1.0,0.0,0.0,2.0,0.0,0.0,0.0,3.0,0.0,0.0,0.0,0.0,2.0,14.0,0.0,1.0
131,615970966.0,1.0,3.0,0.0,0.0,19.0,2.0,0.0,0.0,2.0,17.0,0.0,4.0,0.0,2.0,32.0,1.0,6.0,0.0,0.0,0.0,0.0,1.0,25.0,4.0,24.0,21.0,8.0,0.0,0.0,12.0,9.0,3.0,14.0,3.0,30.0,3.0,3.0,5.0,0.0,1.0,10.0,9.0,0.0,15.0,0.0,0.0,31.0,20.0,0.0,2.0,4.0,0.0,10.0,16.0,0.0,1.0,0.0,6.0,4.0,14.0,9.0,0.0,2.0,11.0,17.0,12.0,1.0,0.0,16.0,0.0,3.0,1.0,0.0,0.0,0.0,10.0,2.0,0.0,24.0,16.0,2.0,7.0,1.0,2.0,29.0,0.0,8.0,0.0,2.0,9.0,15.0,16.0,1.0,10.0,2.0,4.0,5.0,0.0,2.0,18.0,2.0,0.0,2.0,0.0,25.0,0.0,26.0,0.0,0.0,1.0,32.0,1.0,1.0,1.0,3.0,4.0,0.0,1.0,1.0,3.0,12.0,0.0,5.0,0.0,0.0,7.0,1.0,29.0,5.0,0.0,0.0,0.0,5.0,11.0,2.0,4.0,5.0,0.0,0.0,45.0,0.0,2.0,12.0,0.0,0.0,3.0,0.0,30.0,9.0,0.0,2.0,1.0
132,65208791.0,1.0,0.0,0.0,1.0,0.0,0.0,0.0,0.0,0.0,0.0,0.0,1.0,2.0,0.0,0.0,0.0,1.0,0.0,0.0,0.0,1.0,2.0,0.0,0.0,2.0,2.0,0.0,0.0,0.0,0.0,0.0,3.0,2.0,0.0,1.0,2.0,2.0,1.0,0.0,0.0,3.0,0.0,0.0,0.0,0.0,3.0,0.0,4.0,0.0,1.0,0.0,0.0,0.0,0.0,0.0,2.0,1.0,0.0,1.0,0.0,0.0,0.0,0.0,0.0,0.0,4.0,0.0,0.0,0.0,0.0,2.0,0.0,0.0,2.0,0.0,1.0,2.0,0.0,0.0,0.0,0.0,0.0,0.0,0.0,0.0,0.0,0.0,2.0,0.0,0.0,1.0,0.0,1.0,0.0,0.0,0.0,1.0,0.0,0.0,0.0,0.0,1.0,0.0,0.0,0.0,1.0,1.0,0.0,0.0,0.0,0.0,2.0,0.0,0.0,1.0,0.0,0.0,0.0,0.0,0.0,1.0,0.0,0.0,0.0,0.0,0.0,1.0,0.0,8.0,2.0,0.0,0.0,1.0,0.0,0.0,0.0,0.0,0.0,0.0,3.0,0.0,0.0,0.0,1.0,0.0,1.0,1.0,0.0,0.0,0.0,0.0,0.0
133,65230284.0,1.0,2.0,0.0,1.0,0.0,2.0,0.0,0.0,8.0,3.0,0.0,6.0,5.0,4.0,6.0,1.0,7.0,0.0,7.0,3.0,3.0,0.0,4.0,5.0,4.0,8.0,7.0,0.0,0.0,15.0,3.0,16.0,14.0,13.0,6.0,6.0,10.0,9.0,0.0,0.0,13.0,3.0,2.0,20.0,0.0,6.0,9.0,26.0,0.0,7.0,6.0,0.0,4.0,11.0,1.0,2.0,5.0,0.0,6.0,6.0,4.0,0.0,4.0,22.0,16.0,29.0,0.0,2.0,0.0,1.0,2.0,1.0,0.0,2.0,0.0,0.0,1.0,0.0,1.0,0.0,7.0,7.0,10.0,2.0,6.0,2.0,0.0,0.0,4.0,1.0,21.0,0.0,1.0,8.0,4.0,4.0,6.0,0.0,11.0,4.0,1.0,1.0,2.0,2.0,20.0,0.0,18.0,0.0,0.0,6.0,6.0,4.0,0.0,0.0,3.0,0.0,0.0,0.0,0.0,3.0,5.0,1.0,0.0,0.0,5.0,1.0,6.0,7.0,16.0,0.0,5.0,1.0,0.0,1.0,3.0,1.0,2.0,1.0,4.0,30.0,0.0,9.0,15.0,3.0,0.0,0.0,0.0,0.0,11.0,1.0,0.0,16.0
134,65644622.0,1.0,2.0,0.0,0.0,12.0,3.0,0.0,1.0,4.0,11.0,0.0,0.0,2.0,1.0,32.0,0.0,0.0,0.0,2.0,2.0,0.0,0.0,18.0,2.0,16.0,11.0,1.0,0.0,0.0,2.0,0.0,2.0,4.0,0.0,26.0,2.0,0.0,3.0,0.0,1.0,2.0,1.0,1.0,4.0,1.0,1.0,33.0,5.0,0.0,2.0,4.0,1.0,7.0,13.0,2.0,0.0,0.0,5.0,3.0,11.0,5.0,0.0,1.0,0.0,3.0,6.0,0.0,1.0,13.0,1.0,1.0,0.0,2.0,1.0,1.0,0.0,1.0,0.0,7.0,8.0,1.0,6.0,3.0,0.0,7.0,0.0,10.0,1.0,1.0,4.0,4.0,7.0,1.0,1.0,4.0,3.0,1.0,0.0,3.0,19.0,0.0,1.0,0.0,0.0,3.0,0.0,19.0,0.0,0.0,0.0,12.0,0.0,0.0,0.0,2.0,1.0,0.0,0.0,0.0,0.0,1.0,0.0,7.0,0.0,0.0,7.0,0.0,17.0,5.0,1.0,11.0,0.0,1.0,0.0,1.0,4.0,2.0,1.0,2.0,19.0,0.0,0.0,3.0,1.0,0.0,2.0,0.0,21.0,3.0,3.0,0.0,1.0
135,67092484.0,2.0,3.0,0.0,0.0,0.0,2.0,0.0,1.0,2.0,0.0,0.0,1.0,0.0,0.0,3.0,0.0,1.0,0.0,1.0,0.0,0.0,0.0,1.0,2.0,1.0,3.0,1.0,0.0,0.0,3.0,0.0,2.0,5.0,0.0,4.0,3.0,3.0,4.0,0.0,1.0,3.0,2.0,1.0,6.0,1.0,1.0,4.0,7.0,0.0,1.0,5.0,1.0,2.0,2.0,1.0,12.0,1.0,0.0,5.0,0.0,0.0,0.0,2.0,4.0,5.0,4.0,2.0,0.0,0.0,0.0,1.0,0.0,3.0,0.0,0.0,0.0,1.0,1.0,2.0,0.0,2.0,3.0,2.0,0.0,2.0,1.0,1.0,0.0,1.0,2.0,4.0,0.0,0.0,4.0,0.0,1.0,2.0,0.0,4.0,2.0,4.0,2.0,0.0,2.0,8.0,0.0,2.0,0.0,0.0,0.0,3.0,0.0,0.0,0.0,4.0,1.0,0.0,0.0,0.0,1.0,5.0,1.0,0.0,0.0,0.0,0.0,0.0,0.0,3.0,1.0,2.0,0.0,3.0,1.0,0.0,0.0,1.0,0.0,0.0,8.0,0.0,2.0,5.0,0.0,0.0,3.0,0.0,0.0,3.0,1.0,1.0,2.0
136,67205874.0,1.0,0.0,0.0,0.0,2.0,1.0,0.0,0.0,1.0,3.0,0.0,1.0,0.0,0.0,13.0,1.0,2.0,0.0,2.0,0.0,0.0,0.0,11.0,0.0,12.0,16.0,0.0,0.0,0.0,1.0,0.0,0.0,1.0,0.0,13.0,0.0,0.0,0.0,0.0,3.0,0.0,0.0,1.0,0.0,0.0,0.0,8.0,1.0,0.0,3.0,1.0,0.0,5.0,4.0,0.0,0.0,0.0,4.0,0.0,7.0,3.0,0.0,0.0,1.0,2.0,1.0,0.0,0.0,3.0,1.0,1.0,0.0,0.0,2.0,1.0,1.0,1.0,0.0,6.0,2.0,0.0,0.0,0.0,1.0,2.0,1.0,4.0,0.0,0.0,0.0,0.0,3.0,1.0,0.0,2.0,1.0,0.0,0.0,1.0,10.0,0.0,0.0,0.0,0.0,0.0,0.0,11.0,0.0,0.0,0.0,2.0,0.0,0.0,1.0,0.0,0.0,0.0,0.0,0.0,0.0,1.0,0.0,9.0,0.0,0.0,5.0,0.0,14.0,1.0,1.0,4.0,0.0,1.0,4.0,0.0,0.0,7.0,0.0,0.0,10.0,0.0,0.0,0.0,1.0,0.0,0.0,0.0,12.0,2.0,0.0,0.0,0.0
137,70119061.0,1.0,1.0,0.0,0.0,4.0,2.0,0.0,1.0,1.0,4.0,0.0,1.0,0.0,1.0,11.0,1.0,1.0,0.0,2.0,0.0,0.0,0.0,19.0,1.0,13.0,14.0,1.0,0.0,0.0,1.0,0.0,0.0,4.0,0.0,15.0,2.0,0.0,1.0,0.0,2.0,1.0,1.0,2.0,0.0,1.0,1.0,7.0,3.0,0.0,1.0,3.0,2.0,6.0,4.0,1.0,0.0,0.0,3.0,1.0,5.0,3.0,0.0,2.0,3.0,3.0,4.0,0.0,0.0,4.0,1.0,1.0,0.0,1.0,1.0,2.0,0.0,1.0,3.0,6.0,7.0,3.0,0.0,2.0,1.0,7.0,1.0,9.0,0.0,1.0,1.0,1.0,2.0,0.0,2.0,2.0,3.0,1.0,0.0,0.0,8.0,1.0,1.0,0.0,0.0,2.0,0.0,11.0,0.0,0.0,0.0,9.0,0.0,0.0,0.0,1.0,1.0,0.0,0.0,0.0,0.0,2.0,0.0,10.0,0.0,0.0,7.0,0.0,17.0,2.0,1.0,5.0,0.0,2.0,2.0,1.0,7.0,0.0,0.0,0.0,11.0,0.0,0.0,1.0,1.0,0.0,1.0,0.0,14.0,0.0,0.0,0.0,1.0
138,735556038.0,0.0,1.0,0.0,0.0,0.0,0.0,0.0,1.0,0.0,0.0,0.0,0.0,0.0,1.0,0.0,0.0,0.0,0.0,0.0,1.0,1.0,0.0,0.0,3.0,0.0,0.0,2.0,0.0,0.0,2.0,0.0,3.0,3.0,0.0,0.0,0.0,0.0,2.0,0.0,0.0,3.0,0.0,0.0,2.0,0.0,1.0,1.0,4.0,0.0,1.0,4.0,1.0,0.0,1.0,0.0,0.0,1.0,0.0,2.0,0.0,1.0,0.0,0.0,1.0,1.0,4.0,0.0,1.0,0.0,0.0,2.0,0.0,1.0,0.0,0.0,0.0,0.0,1.0,0.0,0.0,3.0,3.0,1.0,0.0,0.0,0.0,0.0,0.0,0.0,0.0,11.0,0.0,0.0,1.0,0.0,1.0,0.0,0.0,1.0,0.0,0.0,0.0,0.0,0.0,3.0,0.0,3.0,0.0,0.0,0.0,1.0,0.0,0.0,0.0,1.0,0.0,0.0,0.0,0.0,0.0,1.0,0.0,0.0,0.0,0.0,0.0,0.0,0.0,2.0,0.0,0.0,0.0,1.0,1.0,0.0,0.0,0.0,0.0,1.0,3.0,0.0,0.0,1.0,0.0,0.0,0.0,0.0,0.0,3.0,0.0,0.0,0.0
139,74259793.0,0.0,1.0,0.0,2.0,0.0,0.0,0.0,2.0,4.0,1.0,0.0,3.0,3.0,2.0,1.0,0.0,2.0,0.0,2.0,1.0,2.0,0.0,2.0,4.0,2.0,1.0,3.0,0.0,0.0,2.0,1.0,3.0,4.0,1.0,4.0,5.0,3.0,6.0,0.0,0.0,4.0,1.0,2.0,7.0,0.0,4.0,3.0,10.0,0.0,5.0,3.0,1.0,2.0,2.0,1.0,3.0,0.0,0.0,4.0,1.0,0.0,0.0,2.0,14.0,6.0,10.0,0.0,0.0,0.0,0.0,0.0,0.0,1.0,0.0,2.0,0.0,0.0,4.0,0.0,0.0,2.0,1.0,4.0,2.0,0.0,2.0,0.0,1.0,4.0,0.0,9.0,0.0,2.0,0.0,2.0,3.0,1.0,0.0,4.0,2.0,0.0,0.0,0.0,2.0,5.0,1.0,5.0,0.0,0.0,0.0,7.0,1.0,0.0,0.0,2.0,0.0,1.0,0.0,0.0,0.0,3.0,1.0,0.0,0.0,3.0,0.0,2.0,4.0,7.0,0.0,0.0,0.0,4.0,2.0,0.0,0.0,0.0,1.0,0.0,7.0,1.0,1.0,5.0,10.0,0.0,0.0,0.0,0.0,3.0,0.0,0.0,1.0
140,77162533.0,2.0,7.0,0.0,8.0,18.0,5.0,0.0,3.0,11.0,15.0,0.0,11.0,11.0,14.0,34.0,3.0,12.0,0.0,8.0,3.0,9.0,3.0,31.0,34.0,32.0,78.0,32.0,0.0,0.0,27.0,9.0,20.0,72.0,10.0,58.0,27.0,18.0,34.0,0.0,6.0,56.0,15.0,3.0,56.0,2.0,36.0,55.0,135.0,0.0,7.0,18.0,2.0,12.0,24.0,2.0,8.0,9.0,6.0,14.0,28.0,12.0,0.0,25.0,42.0,107.0,102.0,2.0,0.0,9.0,2.0,7.0,3.0,7.0,2.0,2.0,48.0,11.0,5.0,13.0,4.0,17.0,14.0,11.0,4.0,12.0,3.0,6.0,0.0,2.0,16.0,90.0,14.0,1.0,18.0,14.0,38.0,13.0,0.0,23.0,26.0,2.0,4.0,2.0,6.0,94.0,0.0,44.0,0.0,0.0,6.0,26.0,5.0,0.0,0.0,11.0,4.0,0.0,0.0,5.0,6.0,27.0,10.0,5.0,0.0,5.0,6.0,5.0,45.0,31.0,2.0,45.0,3.0,30.0,19.0,8.0,10.0,11.0,3.0,7.0,0.0,0.0,19.0,60.0,1.0,0.0,1.0,0.0,19.0,18.0,1.0,3.0,3.0
141,77213437.0,6.0,0.0,0.0,0.0,0.0,8.0,0.0,0.0,2.0,0.0,0.0,1.0,1.0,0.0,0.0,0.0,0.0,0.0,0.0,0.0,0.0,0.0,0.0,0.0,0.0,3.0,0.0,0.0,0.0,0.0,1.0,0.0,2.0,0.0,0.0,0.0,0.0,2.0,0.0,0.0,0.0,0.0,0.0,0.0,0.0,1.0,2.0,0.0,0.0,0.0,0.0,0.0,0.0,0.0,0.0,0.0,0.0,0.0,0.0,0.0,0.0,0.0,0.0,0.0,0.0,4.0,0.0,0.0,0.0,2.0,0.0,0.0,0.0,1.0,0.0,0.0,1.0,0.0,0.0,0.0,1.0,0.0,4.0,2.0,0.0,0.0,0.0,1.0,1.0,0.0,0.0,0.0,0.0,0.0,0.0,0.0,0.0,0.0,0.0,0.0,0.0,0.0,0.0,0.0,0.0,0.0,2.0,0.0,0.0,0.0,1.0,1.0,0.0,3.0,1.0,0.0,0.0,0.0,0.0,0.0,0.0,0.0,0.0,0.0,1.0,0.0,0.0,0.0,3.0,0.0,0.0,0.0,0.0,0.0,0.0,0.0,0.0,0.0,1.0,0.0,0.0,0.0,1.0,0.0,0.0,0.0,0.0,0.0,1.0,0.0,0.0,0.0
142,77258339.0,0.0,1.0,0.0,0.0,0.0,0.0,0.0,0.0,0.0,1.0,0.0,3.0,0.0,5.0,5.0,1.0,1.0,0.0,2.0,0.0,1.0,0.0,0.0,1.0,0.0,0.0,9.0,0.0,0.0,2.0,2.0,1.0,15.0,9.0,3.0,2.0,0.0,5.0,0.0,0.0,6.0,3.0,0.0,9.0,1.0,0.0,3.0,7.0,0.0,0.0,4.0,0.0,0.0,5.0,1.0,0.0,1.0,0.0,2.0,2.0,2.0,0.0,8.0,4.0,6.0,10.0,2.0,0.0,0.0,0.0,2.0,0.0,2.0,0.0,0.0,0.0,1.0,0.0,1.0,0.0,1.0,3.0,1.0,0.0,1.0,0.0,0.0,0.0,0.0,1.0,7.0,0.0,3.0,5.0,0.0,0.0,7.0,0.0,5.0,1.0,0.0,2.0,0.0,2.0,22.0,0.0,1.0,0.0,0.0,0.0,3.0,0.0,0.0,0.0,0.0,0.0,0.0,0.0,0.0,0.0,1.0,1.0,0.0,0.0,3.0,0.0,2.0,2.0,5.0,0.0,2.0,0.0,9.0,0.0,2.0,0.0,0.0,0.0,1.0,19.0,0.0,0.0,11.0,0.0,0.0,0.0,0.0,0.0,5.0,0.0,1.0,1.0
143,77904658.0,1.0,6.0,0.0,0.0,0.0,2.0,0.0,1.0,7.0,5.0,0.0,18.0,7.0,20.0,19.0,1.0,16.0,0.0,6.0,1.0,4.0,0.0,11.0,17.0,4.0,19.0,20.0,0.0,7.0,13.0,32.0,51.0,60.0,9.0,13.0,12.0,7.0,30.0,0.0,0.0,31.0,6.0,1.0,95.0,33.0,4.0,29.0,40.0,0.0,4.0,8.0,0.0,2.0,15.0,1.0,4.0,7.0,1.0,13.0,5.0,12.0,0.0,14.0,36.0,23.0,56.0,4.0,1.0,2.0,2.0,3.0,2.0,2.0,6.0,1.0,3.0,3.0,0.0,1.0,0.0,14.0,20.0,10.0,2.0,15.0,2.0,0.0,1.0,5.0,3.0,62.0,2.0,2.0,80.0,6.0,4.0,43.0,0.0,26.0,10.0,4.0,3.0,2.0,8.0,53.0,0.0,20.0,0.0,1.0,1.0,26.0,1.0,0.0,1.0,4.0,0.0,1.0,3.0,4.0,4.0,19.0,21.0,0.0,0.0,9.0,0.0,5.0,10.0,19.0,0.0,12.0,0.0,15.0,3.0,5.0,0.0,1.0,1.0,5.0,60.0,1.0,11.0,0.0,0.0,0.0,0.0,0.0,0.0,21.0,3.0,22.0,3.0
144,78049645.0,0.0,0.0,0.0,0.0,0.0,2.0,0.0,0.0,4.0,0.0,0.0,0.0,2.0,1.0,1.0,0.0,0.0,0.0,1.0,0.0,0.0,0.0,2.0,0.0,5.0,1.0,2.0,0.0,2.0,1.0,1.0,0.0,2.0,0.0,6.0,2.0,4.0,2.0,0.0,0.0,2.0,0.0,1.0,0.0,0.0,6.0,1.0,1.0,0.0,3.0,1.0,0.0,2.0,2.0,2.0,0.0,1.0,0.0,2.0,1.0,0.0,0.0,2.0,7.0,2.0,5.0,0.0,0.0,0.0,1.0,1.0,0.0,0.0,3.0,0.0,0.0,1.0,2.0,0.0,0.0,2.0,1.0,3.0,0.0,0.0,0.0,0.0,8.0,2.0,1.0,1.0,0.0,0.0,1.0,0.0,6.0,0.0,0.0,7.0,0.0,0.0,0.0,0.0,0.0,1.0,0.0,5.0,0.0,0.0,1.0,15.0,2.0,0.0,0.0,4.0,0.0,0.0,0.0,0.0,0.0,0.0,0.0,0.0,0.0,3.0,0.0,0.0,4.0,3.0,3.0,0.0,1.0,3.0,1.0,0.0,1.0,1.0,0.0,10.0,1.0,0.0,0.0,0.0,0.0,0.0,0.0,0.0,0.0,4.0,13.0,0.0,2.0
145,81031721.0,0.0,0.0,0.0,0.0,0.0,0.0,0.0,0.0,0.0,0.0,0.0,0.0,0.0,0.0,0.0,0.0,0.0,0.0,0.0,0.0,0.0,0.0,0.0,0.0,0.0,0.0,0.0,0.0,0.0,0.0,0.0,0.0,0.0,0.0,0.0,0.0,0.0,0.0,0.0,0.0,0.0,0.0,0.0,0.0,0.0,0.0,0.0,0.0,0.0,0.0,0.0,0.0,0.0,0.0,0.0,0.0,0.0,0.0,0.0,0.0,0.0,0.0,0.0,0.0,0.0,0.0,0.0,0.0,0.0,0.0,0.0,0.0,0.0,0.0,0.0,0.0,0.0,0.0,0.0,0.0,0.0,0.0,0.0,0.0,0.0,0.0,0.0,0.0,0.0,0.0,0.0,0.0,0.0,0.0,0.0,0.0,0.0,0.0,0.0,0.0,0.0,0.0,0.0,0.0,0.0,0.0,0.0,0.0,0.0,0.0,0.0,0.0,0.0,0.0,0.0,0.0,0.0,0.0,0.0,0.0,0.0,0.0,0.0,0.0,0.0,0.0,0.0,0.0,0.0,0.0,0.0,0.0,0.0,0.0,0.0,0.0,0.0,0.0,0.0,0.0,0.0,0.0,0.0,0.0,0.0,0.0,0.0,0.0,0.0,0.0,0.0,0.0
146,8.118654945211556e+17,0.0,0.0,0.0,0.0,1.0,0.0,0.0,0.0,0.0,2.0,0.0,0.0,1.0,0.0,3.0,0.0,0.0,0.0,2.0,2.0,0.0,0.0,4.0,0.0,6.0,8.0,0.0,0.0,0.0,0.0,0.0,0.0,0.0,0.0,6.0,1.0,2.0,0.0,0.0,0.0,0.0,0.0,0.0,0.0,0.0,0.0,4.0,1.0,0.0,0.0,0.0,0.0,2.0,2.0,0.0,0.0,0.0,1.0,0.0,2.0,3.0,0.0,0.0,3.0,0.0,2.0,0.0,1.0,0.0,0.0,1.0,0.0,0.0,3.0,0.0,0.0,0.0,0.0,6.0,4.0,1.0,1.0,0.0,0.0,2.0,0.0,3.0,2.0,3.0,0.0,0.0,3.0,0.0,0.0,1.0,1.0,0.0,0.0,0.0,3.0,0.0,0.0,0.0,0.0,0.0,1.0,4.0,0.0,0.0,0.0,7.0,0.0,0.0,0.0,1.0,1.0,0.0,0.0,0.0,0.0,0.0,0.0,2.0,0.0,2.0,1.0,0.0,9.0,0.0,0.0,3.0,1.0,0.0,2.0,3.0,0.0,1.0,0.0,0.0,1.0,0.0,0.0,0.0,0.0,0.0,0.0,0.0,9.0,5.0,4.0,0.0,0.0
147,82163419.0,0.0,0.0,0.0,0.0,0.0,0.0,0.0,0.0,1.0,0.0,0.0,0.0,0.0,0.0,0.0,0.0,9.0,0.0,0.0,0.0,0.0,0.0,0.0,0.0,2.0,0.0,1.0,0.0,0.0,0.0,0.0,0.0,0.0,0.0,1.0,0.0,1.0,0.0,0.0,0.0,1.0,0.0,0.0,0.0,0.0,0.0,0.0,0.0,0.0,0.0,0.0,0.0,0.0,0.0,0.0,0.0,1.0,0.0,0.0,0.0,0.0,0.0,0.0,0.0,0.0,1.0,0.0,0.0,0.0,0.0,1.0,0.0,0.0,1.0,0.0,0.0,0.0,0.0,0.0,0.0,0.0,1.0,0.0,0.0,0.0,4.0,0.0,2.0,0.0,1.0,0.0,0.0,0.0,0.0,0.0,0.0,1.0,0.0,1.0,0.0,0.0,0.0,0.0,0.0,0.0,0.0,0.0,0.0,0.0,0.0,0.0,0.0,0.0,0.0,0.0,0.0,0.0,0.0,0.0,0.0,0.0,0.0,0.0,0.0,0.0,0.0,0.0,0.0,0.0,0.0,0.0,1.0,0.0,0.0,0.0,0.0,0.0,0.0,0.0,0.0,0.0,0.0,0.0,0.0,0.0,0.0,0.0,0.0,0.0,3.0,0.0,0.0
148,83855061.0,0.0,0.0,0.0,0.0,25.0,0.0,0.0,0.0,0.0,22.0,0.0,0.0,0.0,0.0,53.0,0.0,0.0,0.0,0.0,0.0,0.0,0.0,38.0,0.0,38.0,29.0,0.0,0.0,0.0,0.0,0.0,0.0,0.0,0.0,46.0,0.0,0.0,0.0,0.0,8.0,0.0,0.0,0.0,0.0,0.0,0.0,33.0,0.0,0.0,0.0,0.0,0.0,6.0,16.0,0.0,0.0,0.0,14.0,0.0,23.0,10.0,0.0,0.0,0.0,0.0,0.0,0.0,1.0,32.0,0.0,0.0,0.0,0.0,0.0,0.0,0.0,0.0,0.0,29.0,47.0,0.0,0.0,0.0,0.0,38.0,0.0,23.0,0.0,0.0,3.0,0.0,34.0,0.0,0.0,6.0,0.0,0.0,0.0,0.0,48.0,0.0,0.0,0.0,0.0,0.0,0.0,31.0,0.0,0.0,0.0,43.0,0.0,0.0,0.0,0.0,4.0,0.0,1.0,0.0,0.0,0.0,0.0,16.0,0.0,0.0,16.0,0.0,45.0,0.0,0.0,30.0,0.0,0.0,21.0,0.0,12.0,14.0,0.0,0.0,19.0,0.0,0.0,0.0,0.0,0.0,9.0,0.0,0.0,0.0,1.0,0.0,0.0
149,8.600338213784658e+17,2.0,5.0,0.0,1.0,0.0,2.0,0.0,0.0,7.0,5.0,0.0,4.0,8.0,12.0,6.0,2.0,15.0,0.0,8.0,5.0,3.0,1.0,8.0,17.0,3.0,9.0,14.0,0.0,0.0,9.0,3.0,7.0,15.0,2.0,9.0,12.0,3.0,14.0,0.0,0.0,16.0,3.0,1.0,24.0,2.0,6.0,19.0,23.0,0.0,5.0,8.0,0.0,5.0,16.0,0.0,1.0,5.0,0.0,12.0,4.0,6.0,0.0,4.0,21.0,9.0,54.0,1.0,19.0,0.0,0.0,12.0,2.0,0.0,10.0,0.0,2.0,2.0,9.0,1.0,0.0,10.0,27.0,13.0,1.0,9.0,2.0,0.0,12.0,7.0,4.0,41.0,1.0,7.0,9.0,2.0,126.0,11.0,0.0,13.0,6.0,0.0,1.0,2.0,7.0,21.0,1.0,28.0,0.0,1.0,2.0,10.0,2.0,3.0,1.0,10.0,0.0,11.0,0.0,1.0,4.0,9.0,1.0,1.0,0.0,43.0,0.0,3.0,5.0,17.0,2.0,9.0,0.0,11.0,3.0,3.0,2.0,0.0,3.0,3.0,18.0,1.0,5.0,21.0,4.0,0.0,5.0,0.0,0.0,0.0,213.0,1.0,1.0
150,888986803.0,0.0,0.0,0.0,23.0,0.0,0.0,0.0,1.0,1.0,0.0,0.0,0.0,29.0,2.0,0.0,0.0,1.0,0.0,2.0,3.0,0.0,3.0,0.0,1.0,0.0,5.0,0.0,1.0,1.0,0.0,0.0,3.0,2.0,0.0,8.0,9.0,14.0,2.0,0.0,0.0,2.0,0.0,0.0,1.0,0.0,1.0,1.0,7.0,0.0,0.0,10.0,0.0,0.0,0.0,1.0,0.0,0.0,0.0,0.0,3.0,0.0,1.0,2.0,19.0,1.0,3.0,0.0,256.0,0.0,1.0,0.0,0.0,6.0,10.0,0.0,0.0,2.0,0.0,0.0,0.0,2.0,1077.0,43.0,0.0,0.0,0.0,0.0,46.0,5.0,0.0,2.0,0.0,2.0,1.0,0.0,1790.0,4.0,0.0,1.0,0.0,0.0,1.0,0.0,3.0,2.0,11.0,0.0,3.0,0.0,0.0,3.0,5.0,107.0,0.0,7.0,0.0,0.0,0.0,0.0,0.0,0.0,0.0,0.0,0.0,17.0,0.0,0.0,3.0,2.0,14.0,0.0,0.0,1.0,3.0,1.0,0.0,0.0,0.0,0.0,1.0,0.0,0.0,3.0,13.0,0.0,4.0,3.0,1.0,213.0,0.0,0.0,2.0
151,905065902.0,1.0,0.0,0.0,0.0,0.0,0.0,0.0,0.0,0.0,0.0,0.0,4.0,0.0,0.0,1.0,0.0,0.0,0.0,0.0,0.0,0.0,0.0,0.0,0.0,0.0,1.0,1.0,0.0,0.0,3.0,2.0,1.0,8.0,1.0,0.0,1.0,0.0,1.0,0.0,0.0,1.0,1.0,0.0,3.0,6.0,0.0,2.0,2.0,0.0,0.0,1.0,0.0,0.0,2.0,0.0,0.0,0.0,0.0,1.0,1.0,1.0,0.0,1.0,1.0,1.0,2.0,0.0,0.0,0.0,0.0,1.0,0.0,0.0,0.0,0.0,0.0,0.0,0.0,0.0,0.0,0.0,0.0,0.0,0.0,1.0,0.0,0.0,0.0,0.0,1.0,1.0,0.0,0.0,18.0,0.0,0.0,0.0,0.0,1.0,0.0,0.0,0.0,0.0,1.0,3.0,0.0,1.0,0.0,0.0,0.0,1.0,0.0,0.0,0.0,1.0,0.0,0.0,0.0,0.0,1.0,0.0,0.0,0.0,0.0,0.0,0.0,0.0,0.0,2.0,0.0,2.0,0.0,0.0,0.0,1.0,0.0,0.0,0.0,0.0,3.0,0.0,1.0,22.0,0.0,0.0,0.0,0.0,0.0,1.0,0.0,0.0,0.0
152,940683308.0,1.0,2.0,0.0,0.0,0.0,2.0,0.0,1.0,5.0,0.0,0.0,1.0,1.0,1.0,1.0,0.0,3.0,0.0,2.0,2.0,1.0,0.0,2.0,2.0,0.0,1.0,4.0,0.0,0.0,2.0,2.0,1.0,2.0,3.0,3.0,3.0,1.0,3.0,0.0,1.0,1.0,2.0,2.0,4.0,1.0,2.0,3.0,5.0,0.0,2.0,3.0,1.0,2.0,2.0,2.0,0.0,0.0,0.0,2.0,0.0,0.0,0.0,2.0,5.0,6.0,3.0,0.0,3.0,0.0,0.0,1.0,0.0,1.0,2.0,0.0,0.0,2.0,1.0,2.0,0.0,0.0,3.0,3.0,1.0,0.0,5.0,1.0,1.0,3.0,2.0,4.0,0.0,0.0,0.0,0.0,4.0,3.0,0.0,3.0,3.0,3.0,1.0,0.0,1.0,3.0,0.0,2.0,0.0,0.0,0.0,3.0,1.0,0.0,0.0,3.0,1.0,0.0,0.0,0.0,1.0,3.0,0.0,0.0,0.0,1.0,0.0,0.0,1.0,3.0,1.0,1.0,0.0,16.0,1.0,2.0,0.0,1.0,0.0,1.0,3.0,0.0,1.0,3.0,2.0,0.0,0.0,0.0,0.0,1.0,2.0,0.0,0.0
