,0,1,2,3,4,5,6,7,8,9,10,11,12,13,14,15,16,17,18,19,20,21,22,23,24,25,26,27,28,29,30,31,32,33,34,35,36,37,38,39,40,41,42,43,44,45,46,47,48,49,50,51,52,53,54,55,56,57,58,59,60,61,62,63,64,65,66,67,68,69,70,71,72,73,74,75,76,77,78,79,80,81,82,83,84,85,86,87,88,89,90,91,92,93,94,95,96,97,98,99,100,101,102,103,104,105,106,107,108,109,110,111,112,113,114,115,116
0,-1.0,1000646516.0,108520642.0,1110840294.0,111901848.0,117648035.0,12156672.0,121716202.0,122322961.0,122947803.0,127827443.0,128547430.0,130027649.0,1309690194.0,1316763114.0,1354594075.0,136522872.0,1372440206.0,138278423.0,140260175.0,14309415.0,1434246793.0,14428536.0,145602070.0,146900193.0,152205174.0,15657091.0,158976808.0,163753516.0,164666306.0,164700268.0,16470319.0,16542463.0,166018695.0,169085447.0,16947322.0,176493834.0,187752663.0,200083361.0,218192899.0,22243745.0,223721302.0,2261276785.0,23016462.0,233627103.0,237564988.0,237598493.0,239262644.0,2426665586.0,244051691.0,24728451.0,2473190790.0,25026233.0,2547040466.0,256882565.0,257509172.0,27177833.0,282916645.0,321312701.0,326508344.0,337622533.0,339133919.0,356894876.0,36292651.0,36453220.0,36937792.0,371088454.0,383827372.0,39024549.0,39182840.0,39807785.0,40271591.0,40457158.0,42778117.0,43081356.0,43681750.0,450519715.0,4523161587.0,4677857995.0,519278044.0,521382536.0,52356199.0,5353072.0,554068108.0,595387432.0,60541562.0,608866235.0,61211437.0,614694299.0,61673414.0,61927602.0,622540432.0,62972086.0,63069724.0,63789515.0,64694303.0,66270410.0,68431771.0,70914180.0,72161620.0,72315090.0,72480943.0,7.361332612487291e+17,76026916.0,77187387.0,772051465.0,77435960.0,7.769584515828408e+17,79382630.0,80874374.0,82943260.0,84209996.0,85580306.0,92024686.0,95133471.0,95623358.0,9595722.0
1,1000646516.0,0.0,0.0,0.0,0.0,0.0,0.0,0.0,3.0,0.0,1.0,0.0,1.0,0.0,0.0,0.0,0.0,0.0,0.0,0.0,0.0,0.0,0.0,0.0,0.0,0.0,0.0,0.0,0.0,0.0,0.0,0.0,0.0,0.0,0.0,1.0,0.0,0.0,0.0,0.0,0.0,0.0,0.0,0.0,1.0,0.0,0.0,0.0,0.0,0.0,0.0,0.0,0.0,0.0,0.0,4.0,0.0,0.0,0.0,1.0,0.0,0.0,0.0,0.0,0.0,0.0,0.0,0.0,0.0,0.0,0.0,0.0,2.0,0.0,1.0,0.0,0.0,0.0,1.0,1.0,0.0,0.0,1.0,0.0,1.0,0.0,1.0,0.0,0.0,0.0,0.0,1.0,0.0,0.0,0.0,0.0,0.0,0.0,2.0,0.0,0.0,0.0,1.0,4.0,0.0,0.0,0.0,0.0,0.0,0.0,12.0,0.0,0.0,0.0,0.0,0.0,0.0
2,108520642.0,0.0,0.0,2.0,0.0,0.0,7.0,8.0,1.0,4.0,13.0,2.0,2.0,1.0,2.0,1.0,1.0,1.0,2.0,1.0,7.0,3.0,6.0,2.0,0.0,2.0,2.0,0.0,3.0,0.0,2.0,1.0,0.0,2.0,0.0,4.0,0.0,3.0,1.0,0.0,0.0,1.0,0.0,17.0,3.0,3.0,1.0,2.0,1.0,0.0,2.0,0.0,0.0,0.0,1.0,2.0,2.0,1.0,0.0,0.0,0.0,5.0,3.0,1.0,3.0,0.0,15.0,3.0,9.0,1.0,2.0,5.0,14.0,2.0,4.0,17.0,2.0,0.0,4.0,1.0,0.0,5.0,0.0,0.0,5.0,2.0,0.0,9.0,2.0,1.0,1.0,5.0,1.0,3.0,4.0,0.0,0.0,0.0,1.0,3.0,10.0,4.0,0.0,4.0,4.0,0.0,1.0,0.0,0.0,0.0,8.0,2.0,1.0,0.0,2.0,0.0,1.0
3,1110840294.0,0.0,2.0,0.0,0.0,1.0,2.0,1.0,0.0,1.0,20.0,2.0,2.0,4.0,1.0,1.0,0.0,1.0,3.0,13.0,5.0,1.0,1.0,1.0,0.0,1.0,0.0,0.0,7.0,0.0,1.0,1.0,0.0,12.0,2.0,2.0,0.0,0.0,1.0,0.0,0.0,2.0,0.0,6.0,1.0,1.0,1.0,1.0,0.0,5.0,1.0,0.0,0.0,4.0,1.0,2.0,1.0,0.0,0.0,0.0,0.0,2.0,0.0,0.0,1.0,0.0,21.0,5.0,2.0,1.0,0.0,2.0,3.0,0.0,1.0,6.0,4.0,0.0,6.0,1.0,0.0,1.0,0.0,0.0,3.0,1.0,1.0,4.0,1.0,1.0,0.0,1.0,1.0,3.0,1.0,0.0,0.0,0.0,0.0,1.0,5.0,1.0,1.0,2.0,1.0,0.0,0.0,0.0,2.0,0.0,5.0,1.0,0.0,0.0,1.0,0.0,1.0
4,111901848.0,0.0,0.0,0.0,0.0,0.0,0.0,0.0,1.0,0.0,0.0,0.0,0.0,0.0,0.0,0.0,0.0,0.0,0.0,2.0,0.0,0.0,2.0,0.0,0.0,2.0,0.0,0.0,0.0,0.0,1.0,0.0,0.0,0.0,0.0,0.0,0.0,0.0,0.0,0.0,0.0,0.0,8.0,1.0,0.0,2.0,0.0,0.0,0.0,0.0,0.0,0.0,0.0,0.0,0.0,15.0,0.0,0.0,0.0,5.0,0.0,0.0,0.0,0.0,1.0,8.0,0.0,0.0,2.0,1.0,0.0,1.0,1.0,0.0,7.0,1.0,0.0,0.0,0.0,0.0,0.0,0.0,0.0,0.0,0.0,0.0,0.0,1.0,0.0,0.0,0.0,1.0,0.0,1.0,0.0,0.0,0.0,1.0,0.0,0.0,1.0,2.0,0.0,3.0,0.0,0.0,1.0,0.0,0.0,0.0,14.0,1.0,0.0,0.0,0.0,0.0,0.0
5,117648035.0,0.0,0.0,1.0,0.0,0.0,0.0,0.0,0.0,0.0,2.0,0.0,4.0,0.0,0.0,0.0,0.0,0.0,5.0,1.0,1.0,0.0,2.0,0.0,0.0,2.0,2.0,0.0,0.0,0.0,1.0,0.0,1.0,0.0,0.0,2.0,0.0,1.0,0.0,0.0,0.0,0.0,0.0,4.0,1.0,0.0,1.0,0.0,0.0,0.0,0.0,0.0,0.0,0.0,0.0,0.0,1.0,0.0,0.0,0.0,0.0,1.0,0.0,0.0,0.0,0.0,3.0,0.0,3.0,6.0,0.0,5.0,10.0,0.0,1.0,4.0,2.0,1.0,1.0,1.0,0.0,3.0,0.0,1.0,0.0,0.0,1.0,0.0,0.0,4.0,0.0,0.0,0.0,4.0,1.0,2.0,0.0,0.0,0.0,0.0,1.0,2.0,0.0,1.0,3.0,0.0,1.0,0.0,0.0,0.0,2.0,0.0,0.0,0.0,1.0,0.0,1.0
6,12156672.0,0.0,7.0,2.0,0.0,0.0,0.0,1.0,0.0,7.0,11.0,18.0,1.0,0.0,30.0,97.0,10.0,1.0,1.0,1.0,6.0,43.0,229.0,95.0,1.0,76.0,61.0,8.0,2.0,20.0,59.0,17.0,22.0,1.0,1.0,2.0,5.0,37.0,16.0,0.0,10.0,15.0,0.0,33.0,66.0,77.0,1.0,1.0,59.0,1.0,2.0,6.0,0.0,0.0,1.0,1.0,30.0,8.0,91.0,0.0,36.0,15.0,8.0,112.0,50.0,0.0,18.0,3.0,128.0,7.0,0.0,3.0,3.0,51.0,2.0,15.0,70.0,0.0,5.0,29.0,18.0,54.0,2.0,0.0,77.0,13.0,0.0,95.0,173.0,63.0,0.0,124.0,35.0,71.0,108.0,47.0,28.0,45.0,97.0,85.0,121.0,226.0,20.0,4.0,2.0,12.0,67.0,0.0,0.0,8.0,6.0,43.0,50.0,1.0,40.0,0.0,383.0
7,121716202.0,0.0,8.0,1.0,0.0,0.0,1.0,0.0,0.0,0.0,1.0,2.0,0.0,0.0,1.0,1.0,0.0,3.0,0.0,3.0,3.0,1.0,1.0,1.0,0.0,0.0,0.0,0.0,0.0,0.0,3.0,1.0,0.0,0.0,0.0,0.0,0.0,0.0,1.0,0.0,0.0,2.0,0.0,5.0,1.0,1.0,1.0,1.0,0.0,1.0,1.0,0.0,0.0,0.0,1.0,1.0,1.0,0.0,0.0,0.0,7.0,1.0,0.0,0.0,1.0,0.0,2.0,1.0,1.0,2.0,0.0,0.0,1.0,0.0,3.0,6.0,15.0,1.0,0.0,1.0,0.0,2.0,0.0,0.0,17.0,1.0,1.0,14.0,1.0,1.0,0.0,1.0,1.0,3.0,0.0,1.0,0.0,0.0,1.0,1.0,1.0,1.0,1.0,1.0,1.0,0.0,1.0,0.0,0.0,0.0,2.0,1.0,0.0,0.0,0.0,0.0,1.0
8,122322961.0,3.0,1.0,0.0,1.0,0.0,0.0,0.0,0.0,0.0,1.0,1.0,2.0,0.0,0.0,0.0,0.0,0.0,2.0,0.0,0.0,0.0,1.0,0.0,0.0,1.0,0.0,0.0,0.0,0.0,0.0,0.0,1.0,0.0,0.0,0.0,0.0,0.0,0.0,0.0,0.0,8.0,6.0,1.0,1.0,0.0,0.0,0.0,0.0,0.0,0.0,0.0,0.0,0.0,0.0,16.0,0.0,0.0,0.0,3.0,0.0,0.0,0.0,0.0,0.0,2.0,8.0,6.0,1.0,2.0,0.0,0.0,1.0,0.0,6.0,2.0,4.0,0.0,0.0,3.0,0.0,0.0,0.0,0.0,1.0,0.0,1.0,0.0,0.0,0.0,3.0,0.0,0.0,0.0,0.0,0.0,0.0,0.0,6.0,1.0,0.0,0.0,3.0,5.0,2.0,0.0,0.0,0.0,0.0,0.0,43.0,0.0,1.0,0.0,0.0,0.0,1.0
9,122947803.0,0.0,4.0,1.0,0.0,0.0,7.0,0.0,0.0,0.0,23.0,2.0,6.0,2.0,0.0,1.0,0.0,0.0,2.0,0.0,5.0,3.0,5.0,4.0,1.0,6.0,2.0,0.0,4.0,1.0,7.0,1.0,0.0,2.0,3.0,8.0,0.0,10.0,1.0,1.0,0.0,1.0,0.0,17.0,14.0,1.0,0.0,0.0,10.0,6.0,1.0,0.0,1.0,0.0,0.0,2.0,3.0,1.0,0.0,0.0,0.0,1.0,0.0,1.0,0.0,0.0,25.0,11.0,14.0,3.0,1.0,4.0,4.0,0.0,0.0,27.0,14.0,2.0,12.0,0.0,1.0,1.0,0.0,0.0,17.0,1.0,1.0,10.0,1.0,3.0,0.0,1.0,16.0,2.0,3.0,1.0,0.0,1.0,9.0,4.0,11.0,14.0,0.0,7.0,1.0,0.0,1.0,0.0,0.0,0.0,12.0,3.0,2.0,0.0,6.0,0.0,5.0
10,127827443.0,1.0,13.0,20.0,0.0,2.0,11.0,1.0,1.0,23.0,0.0,5.0,9.0,26.0,1.0,2.0,2.0,1.0,20.0,107.0,14.0,3.0,20.0,9.0,0.0,16.0,2.0,4.0,19.0,2.0,11.0,2.0,1.0,74.0,17.0,97.0,0.0,9.0,2.0,0.0,0.0,6.0,0.0,34.0,23.0,3.0,1.0,1.0,10.0,16.0,2.0,0.0,1.0,68.0,2.0,2.0,7.0,0.0,0.0,0.0,1.0,2.0,0.0,1.0,4.0,1.0,451.0,27.0,30.0,2.0,11.0,6.0,17.0,1.0,7.0,98.0,15.0,0.0,23.0,5.0,2.0,15.0,0.0,2.0,16.0,3.0,0.0,23.0,6.0,6.0,0.0,5.0,12.0,11.0,6.0,2.0,0.0,0.0,17.0,9.0,22.0,26.0,2.0,8.0,1.0,1.0,5.0,0.0,5.0,1.0,23.0,7.0,6.0,0.0,4.0,0.0,12.0
11,128547430.0,0.0,2.0,2.0,0.0,0.0,18.0,2.0,1.0,2.0,5.0,0.0,1.0,0.0,10.0,27.0,3.0,2.0,1.0,2.0,3.0,2.0,22.0,20.0,0.0,21.0,14.0,0.0,2.0,8.0,23.0,9.0,6.0,0.0,2.0,1.0,0.0,7.0,2.0,0.0,1.0,6.0,0.0,6.0,22.0,11.0,1.0,1.0,21.0,3.0,2.0,9.0,2.0,0.0,1.0,1.0,7.0,4.0,13.0,0.0,7.0,3.0,1.0,4.0,4.0,0.0,4.0,5.0,18.0,1.0,0.0,0.0,4.0,4.0,2.0,7.0,24.0,0.0,3.0,9.0,13.0,18.0,1.0,0.0,17.0,5.0,1.0,22.0,27.0,6.0,0.0,16.0,12.0,30.0,8.0,11.0,2.0,7.0,13.0,21.0,25.0,24.0,11.0,3.0,1.0,7.0,17.0,0.0,0.0,1.0,5.0,9.0,9.0,0.0,13.0,0.0,12.0
12,130027649.0,1.0,2.0,2.0,0.0,4.0,1.0,0.0,2.0,6.0,9.0,1.0,0.0,0.0,0.0,1.0,0.0,0.0,1.0,1.0,2.0,1.0,3.0,0.0,0.0,5.0,0.0,0.0,1.0,1.0,3.0,0.0,0.0,2.0,0.0,6.0,0.0,2.0,0.0,0.0,0.0,1.0,1.0,9.0,9.0,1.0,3.0,1.0,5.0,6.0,2.0,0.0,1.0,1.0,0.0,8.0,2.0,0.0,0.0,0.0,0.0,0.0,0.0,1.0,1.0,0.0,9.0,9.0,4.0,25.0,0.0,41.0,31.0,0.0,1.0,8.0,5.0,1.0,8.0,5.0,0.0,0.0,0.0,0.0,6.0,0.0,12.0,7.0,1.0,1.0,0.0,1.0,5.0,0.0,0.0,1.0,0.0,0.0,5.0,2.0,8.0,7.0,0.0,0.0,21.0,0.0,0.0,0.0,0.0,0.0,9.0,1.0,0.0,0.0,3.0,0.0,4.0
13,1309690194.0,0.0,1.0,4.0,0.0,0.0,0.0,0.0,0.0,2.0,26.0,0.0,0.0,0.0,0.0,0.0,0.0,0.0,3.0,8.0,1.0,0.0,0.0,0.0,0.0,1.0,0.0,0.0,4.0,0.0,0.0,0.0,0.0,12.0,7.0,10.0,0.0,0.0,0.0,0.0,0.0,0.0,0.0,1.0,0.0,0.0,0.0,0.0,0.0,0.0,0.0,0.0,0.0,11.0,0.0,1.0,0.0,0.0,0.0,0.0,0.0,0.0,0.0,0.0,0.0,0.0,25.0,1.0,1.0,0.0,1.0,1.0,1.0,0.0,0.0,3.0,1.0,0.0,2.0,0.0,0.0,0.0,0.0,0.0,1.0,0.0,0.0,1.0,0.0,0.0,0.0,0.0,1.0,0.0,1.0,0.0,0.0,0.0,0.0,0.0,1.0,0.0,0.0,1.0,0.0,0.0,0.0,0.0,2.0,0.0,1.0,0.0,0.0,0.0,1.0,0.0,0.0
14,1316763114.0,0.0,2.0,1.0,0.0,0.0,30.0,1.0,0.0,0.0,1.0,10.0,0.0,0.0,0.0,36.0,8.0,1.0,0.0,1.0,1.0,3.0,26.0,21.0,0.0,34.0,12.0,5.0,0.0,11.0,26.0,4.0,13.0,0.0,0.0,0.0,0.0,15.0,10.0,0.0,2.0,8.0,0.0,6.0,18.0,24.0,1.0,1.0,20.0,0.0,1.0,7.0,0.0,0.0,1.0,1.0,5.0,5.0,18.0,0.0,15.0,14.0,2.0,10.0,19.0,0.0,2.0,0.0,18.0,1.0,0.0,1.0,3.0,9.0,1.0,1.0,29.0,0.0,0.0,6.0,8.0,20.0,0.0,0.0,24.0,3.0,0.0,20.0,43.0,20.0,0.0,40.0,8.0,27.0,25.0,19.0,12.0,4.0,19.0,26.0,33.0,44.0,7.0,1.0,1.0,7.0,13.0,0.0,0.0,3.0,1.0,10.0,19.0,0.0,16.0,0.0,21.0
15,1354594075.0,0.0,1.0,1.0,0.0,0.0,97.0,1.0,0.0,1.0,2.0,27.0,1.0,0.0,36.0,0.0,10.0,1.0,0.0,1.0,1.0,52.0,85.0,61.0,1.0,111.0,62.0,5.0,1.0,32.0,82.0,21.0,25.0,0.0,1.0,0.0,4.0,27.0,16.0,0.0,15.0,18.0,0.0,8.0,60.0,79.0,1.0,1.0,62.0,0.0,1.0,11.0,3.0,0.0,1.0,1.0,17.0,9.0,92.0,0.0,39.0,19.0,11.0,35.0,60.0,0.0,2.0,0.0,55.0,1.0,0.0,0.0,1.0,48.0,2.0,2.0,84.0,0.0,0.0,53.0,31.0,59.0,0.0,0.0,84.0,11.0,0.0,65.0,127.0,46.0,0.0,118.0,38.0,98.0,67.0,59.0,40.0,31.0,94.0,56.0,108.0,157.0,60.0,2.0,0.0,13.0,60.0,0.0,0.0,11.0,2.0,36.0,47.0,1.0,38.0,0.0,89.0
16,136522872.0,0.0,1.0,0.0,0.0,0.0,10.0,0.0,0.0,0.0,2.0,3.0,0.0,0.0,8.0,10.0,0.0,0.0,0.0,0.0,1.0,2.0,9.0,7.0,0.0,14.0,5.0,1.0,0.0,4.0,10.0,1.0,4.0,0.0,0.0,0.0,0.0,4.0,4.0,0.0,1.0,3.0,0.0,7.0,5.0,8.0,0.0,0.0,6.0,0.0,1.0,1.0,1.0,0.0,0.0,0.0,5.0,4.0,8.0,0.0,7.0,6.0,1.0,5.0,10.0,0.0,2.0,0.0,11.0,0.0,0.0,2.0,1.0,4.0,0.0,2.0,7.0,0.0,1.0,4.0,1.0,7.0,0.0,0.0,7.0,5.0,0.0,10.0,12.0,9.0,0.0,15.0,3.0,7.0,12.0,7.0,6.0,3.0,6.0,12.0,10.0,18.0,2.0,0.0,0.0,0.0,5.0,0.0,0.0,0.0,0.0,5.0,8.0,0.0,7.0,0.0,6.0
17,1372440206.0,0.0,1.0,1.0,0.0,0.0,1.0,3.0,0.0,0.0,1.0,2.0,0.0,0.0,1.0,1.0,0.0,0.0,0.0,2.0,1.0,1.0,2.0,1.0,0.0,1.0,0.0,0.0,0.0,0.0,2.0,1.0,0.0,0.0,0.0,0.0,0.0,0.0,1.0,0.0,0.0,1.0,0.0,1.0,1.0,1.0,1.0,1.0,0.0,1.0,1.0,0.0,0.0,0.0,1.0,1.0,1.0,0.0,0.0,0.0,1.0,1.0,0.0,0.0,1.0,0.0,1.0,1.0,1.0,1.0,0.0,0.0,1.0,0.0,3.0,1.0,3.0,0.0,0.0,2.0,0.0,4.0,0.0,0.0,4.0,1.0,0.0,3.0,1.0,1.0,0.0,1.0,1.0,4.0,0.0,0.0,0.0,0.0,3.0,1.0,1.0,1.0,1.0,1.0,1.0,0.0,0.0,0.0,0.0,0.0,2.0,1.0,0.0,0.0,0.0,0.0,1.0
18,138278423.0,0.0,2.0,3.0,0.0,5.0,1.0,0.0,2.0,2.0,20.0,1.0,1.0,3.0,0.0,0.0,0.0,0.0,0.0,20.0,1.0,1.0,0.0,1.0,0.0,1.0,0.0,0.0,3.0,0.0,0.0,0.0,1.0,13.0,5.0,13.0,0.0,1.0,0.0,0.0,0.0,2.0,0.0,4.0,4.0,3.0,0.0,0.0,0.0,3.0,0.0,0.0,0.0,6.0,0.0,0.0,1.0,0.0,0.0,1.0,0.0,1.0,0.0,0.0,0.0,0.0,34.0,3.0,3.0,0.0,1.0,1.0,3.0,0.0,1.0,14.0,2.0,3.0,3.0,3.0,0.0,0.0,0.0,0.0,4.0,0.0,0.0,1.0,0.0,2.0,0.0,0.0,2.0,1.0,1.0,0.0,0.0,0.0,2.0,2.0,0.0,2.0,1.0,1.0,0.0,0.0,0.0,0.0,1.0,0.0,5.0,0.0,0.0,0.0,0.0,0.0,4.0
19,140260175.0,0.0,1.0,13.0,2.0,1.0,1.0,3.0,0.0,0.0,107.0,2.0,1.0,8.0,1.0,1.0,0.0,2.0,20.0,0.0,3.0,2.0,5.0,2.0,0.0,3.0,0.0,1.0,19.0,0.0,3.0,1.0,0.0,39.0,5.0,22.0,0.0,0.0,1.0,1.0,0.0,2.0,0.0,7.0,1.0,6.0,1.0,1.0,0.0,4.0,1.0,0.0,0.0,17.0,3.0,1.0,2.0,0.0,0.0,1.0,0.0,1.0,0.0,0.0,2.0,0.0,146.0,2.0,5.0,2.0,3.0,3.0,4.0,0.0,6.0,27.0,5.0,1.0,3.0,3.0,0.0,2.0,0.0,0.0,10.0,1.0,0.0,5.0,2.0,1.0,0.0,3.0,3.0,9.0,1.0,0.0,0.0,1.0,5.0,2.0,2.0,4.0,4.0,4.0,1.0,1.0,1.0,0.0,4.0,0.0,5.0,2.0,0.0,0.0,0.0,0.0,2.0
20,14309415.0,0.0,7.0,5.0,0.0,1.0,6.0,3.0,0.0,5.0,14.0,3.0,2.0,1.0,1.0,1.0,1.0,1.0,1.0,3.0,0.0,2.0,5.0,2.0,0.0,3.0,2.0,0.0,4.0,1.0,2.0,1.0,1.0,2.0,0.0,7.0,0.0,3.0,1.0,1.0,0.0,1.0,0.0,7.0,5.0,1.0,1.0,2.0,1.0,6.0,2.0,0.0,1.0,0.0,1.0,2.0,4.0,1.0,0.0,0.0,0.0,2.0,0.0,1.0,2.0,0.0,12.0,8.0,6.0,2.0,1.0,1.0,5.0,0.0,3.0,16.0,6.0,0.0,10.0,1.0,0.0,3.0,0.0,0.0,6.0,2.0,0.0,7.0,1.0,1.0,0.0,2.0,3.0,1.0,3.0,0.0,0.0,0.0,1.0,2.0,8.0,7.0,0.0,3.0,1.0,0.0,0.0,0.0,0.0,0.0,9.0,2.0,0.0,0.0,1.0,0.0,2.0
21,1434246793.0,0.0,3.0,1.0,0.0,0.0,43.0,1.0,0.0,3.0,3.0,2.0,1.0,0.0,3.0,52.0,2.0,1.0,1.0,2.0,2.0,0.0,29.0,14.0,1.0,27.0,18.0,0.0,1.0,8.0,6.0,5.0,3.0,1.0,0.0,1.0,0.0,11.0,4.0,0.0,8.0,5.0,0.0,5.0,12.0,20.0,1.0,1.0,10.0,2.0,3.0,0.0,0.0,0.0,1.0,1.0,8.0,1.0,32.0,0.0,6.0,7.0,4.0,19.0,43.0,0.0,6.0,0.0,15.0,1.0,0.0,0.0,1.0,18.0,1.0,5.0,9.0,0.0,3.0,33.0,2.0,12.0,1.0,0.0,22.0,2.0,2.0,17.0,35.0,16.0,1.0,26.0,5.0,18.0,18.0,21.0,9.0,20.0,45.0,7.0,31.0,51.0,8.0,1.0,0.0,0.0,9.0,0.0,0.0,4.0,7.0,11.0,14.0,1.0,6.0,0.0,58.0
22,14428536.0,0.0,6.0,1.0,2.0,2.0,229.0,1.0,1.0,5.0,20.0,22.0,3.0,0.0,26.0,85.0,9.0,2.0,0.0,5.0,5.0,29.0,0.0,106.0,1.0,69.0,42.0,14.0,0.0,19.0,60.0,11.0,24.0,0.0,0.0,2.0,0.0,28.0,3.0,0.0,10.0,12.0,0.0,20.0,62.0,47.0,3.0,1.0,60.0,1.0,3.0,9.0,0.0,0.0,1.0,1.0,33.0,10.0,85.0,1.0,19.0,9.0,2.0,72.0,38.0,0.0,54.0,4.0,131.0,6.0,2.0,2.0,7.0,48.0,7.0,48.0,62.0,0.0,4.0,22.0,18.0,81.0,0.0,0.0,54.0,12.0,0.0,84.0,129.0,44.0,0.0,73.0,20.0,74.0,54.0,39.0,10.0,34.0,90.0,68.0,122.0,171.0,27.0,8.0,1.0,13.0,58.0,0.0,1.0,6.0,3.0,48.0,74.0,1.0,39.0,0.0,161.0
23,145602070.0,0.0,2.0,1.0,0.0,0.0,95.0,1.0,0.0,4.0,9.0,20.0,0.0,0.0,21.0,61.0,7.0,1.0,1.0,2.0,2.0,14.0,106.0,0.0,1.0,44.0,22.0,3.0,3.0,15.0,54.0,12.0,12.0,1.0,1.0,3.0,0.0,10.0,8.0,0.0,3.0,8.0,0.0,10.0,38.0,24.0,1.0,1.0,44.0,0.0,3.0,8.0,0.0,0.0,1.0,1.0,14.0,7.0,40.0,0.0,16.0,11.0,1.0,28.0,16.0,0.0,12.0,0.0,65.0,2.0,0.0,0.0,2.0,19.0,3.0,10.0,41.0,0.0,2.0,13.0,21.0,35.0,0.0,0.0,33.0,10.0,0.0,49.0,71.0,24.0,0.0,53.0,14.0,56.0,34.0,24.0,14.0,14.0,34.0,54.0,55.0,81.0,20.0,4.0,0.0,10.0,36.0,0.0,0.0,7.0,5.0,32.0,28.0,0.0,23.0,0.0,70.0
24,146900193.0,0.0,0.0,0.0,0.0,0.0,1.0,0.0,0.0,1.0,0.0,0.0,0.0,0.0,0.0,1.0,0.0,0.0,0.0,0.0,0.0,1.0,1.0,1.0,0.0,1.0,0.0,0.0,0.0,1.0,0.0,0.0,1.0,0.0,0.0,0.0,0.0,0.0,0.0,0.0,0.0,1.0,0.0,1.0,1.0,1.0,0.0,0.0,1.0,0.0,0.0,1.0,0.0,0.0,0.0,0.0,2.0,1.0,1.0,0.0,1.0,0.0,0.0,1.0,0.0,0.0,0.0,0.0,2.0,0.0,0.0,0.0,1.0,0.0,0.0,0.0,1.0,0.0,0.0,1.0,1.0,0.0,0.0,1.0,2.0,1.0,0.0,1.0,1.0,1.0,0.0,1.0,1.0,1.0,1.0,1.0,0.0,1.0,1.0,1.0,1.0,1.0,1.0,0.0,0.0,1.0,1.0,0.0,0.0,0.0,0.0,0.0,0.0,0.0,1.0,0.0,1.0
25,152205174.0,0.0,2.0,1.0,2.0,2.0,76.0,0.0,1.0,6.0,16.0,21.0,5.0,1.0,34.0,111.0,14.0,1.0,1.0,3.0,3.0,27.0,69.0,44.0,1.0,0.0,57.0,5.0,2.0,31.0,85.0,16.0,22.0,2.0,1.0,6.0,2.0,83.0,11.0,0.0,14.0,18.0,0.0,21.0,59.0,55.0,0.0,0.0,57.0,7.0,0.0,9.0,3.0,0.0,0.0,1.0,19.0,9.0,72.0,2.0,26.0,18.0,5.0,29.0,30.0,1.0,33.0,5.0,52.0,4.0,1.0,8.0,5.0,37.0,3.0,19.0,91.0,2.0,8.0,51.0,27.0,53.0,1.0,0.0,74.0,9.0,3.0,42.0,114.0,37.0,0.0,89.0,37.0,79.0,55.0,62.0,47.0,20.0,75.0,52.0,100.0,135.0,17.0,4.0,2.0,14.0,53.0,0.0,0.0,8.0,10.0,25.0,36.0,3.0,44.0,0.0,67.0
26,15657091.0,0.0,2.0,0.0,0.0,2.0,61.0,0.0,0.0,2.0,2.0,14.0,0.0,0.0,12.0,62.0,5.0,0.0,0.0,0.0,2.0,18.0,42.0,22.0,0.0,57.0,0.0,4.0,0.0,15.0,29.0,24.0,12.0,0.0,0.0,2.0,0.0,16.0,1.0,0.0,3.0,8.0,0.0,5.0,42.0,29.0,0.0,0.0,39.0,1.0,0.0,2.0,1.0,0.0,0.0,0.0,12.0,8.0,55.0,0.0,13.0,13.0,15.0,20.0,20.0,0.0,1.0,2.0,30.0,1.0,0.0,0.0,1.0,17.0,1.0,2.0,48.0,0.0,2.0,34.0,15.0,24.0,0.0,0.0,51.0,5.0,0.0,35.0,69.0,27.0,0.0,38.0,40.0,44.0,30.0,39.0,13.0,23.0,65.0,34.0,71.0,82.0,8.0,1.0,2.0,4.0,35.0,0.0,0.0,0.0,1.0,13.0,19.0,2.0,22.0,0.0,69.0
27,158976808.0,0.0,0.0,0.0,0.0,0.0,8.0,0.0,0.0,0.0,4.0,0.0,0.0,0.0,5.0,5.0,1.0,0.0,0.0,1.0,0.0,0.0,14.0,3.0,0.0,5.0,4.0,0.0,0.0,1.0,6.0,1.0,1.0,0.0,0.0,0.0,0.0,2.0,0.0,0.0,0.0,4.0,0.0,2.0,4.0,3.0,0.0,0.0,3.0,0.0,0.0,0.0,0.0,0.0,0.0,0.0,3.0,1.0,5.0,0.0,3.0,2.0,0.0,4.0,5.0,0.0,4.0,0.0,16.0,1.0,0.0,0.0,0.0,5.0,2.0,4.0,3.0,0.0,0.0,3.0,1.0,6.0,0.0,0.0,8.0,1.0,0.0,5.0,9.0,7.0,0.0,11.0,0.0,7.0,4.0,3.0,2.0,1.0,4.0,5.0,10.0,12.0,2.0,1.0,0.0,1.0,2.0,0.0,0.0,0.0,0.0,4.0,9.0,0.0,1.0,0.0,10.0
28,163753516.0,0.0,3.0,7.0,0.0,0.0,2.0,0.0,0.0,4.0,19.0,2.0,1.0,4.0,0.0,1.0,0.0,0.0,3.0,19.0,4.0,1.0,0.0,3.0,0.0,2.0,0.0,0.0,0.0,1.0,1.0,0.0,0.0,10.0,3.0,5.0,0.0,1.0,1.0,0.0,0.0,0.0,0.0,5.0,0.0,0.0,0.0,0.0,0.0,2.0,0.0,0.0,1.0,1.0,0.0,1.0,1.0,0.0,0.0,0.0,0.0,1.0,0.0,0.0,0.0,0.0,24.0,3.0,3.0,0.0,0.0,1.0,3.0,0.0,1.0,6.0,1.0,0.0,4.0,1.0,1.0,1.0,0.0,0.0,3.0,1.0,0.0,4.0,1.0,1.0,0.0,1.0,2.0,1.0,4.0,0.0,0.0,0.0,0.0,3.0,4.0,2.0,0.0,3.0,0.0,0.0,1.0,0.0,0.0,0.0,5.0,1.0,0.0,0.0,1.0,0.0,0.0
29,164666306.0,0.0,0.0,0.0,0.0,0.0,20.0,0.0,0.0,1.0,2.0,8.0,1.0,0.0,11.0,32.0,4.0,0.0,0.0,0.0,1.0,8.0,19.0,15.0,1.0,31.0,15.0,1.0,1.0,0.0,21.0,3.0,6.0,0.0,0.0,1.0,0.0,7.0,7.0,0.0,5.0,6.0,0.0,5.0,21.0,11.0,0.0,0.0,16.0,2.0,0.0,6.0,1.0,0.0,0.0,0.0,9.0,5.0,24.0,0.0,12.0,6.0,3.0,5.0,12.0,0.0,1.0,1.0,13.0,0.0,0.0,1.0,1.0,11.0,0.0,1.0,23.0,0.0,1.0,18.0,9.0,24.0,0.0,0.0,24.0,3.0,0.0,16.0,33.0,12.0,0.0,28.0,5.0,23.0,23.0,22.0,9.0,4.0,26.0,14.0,27.0,30.0,12.0,0.0,0.0,6.0,17.0,0.0,0.0,6.0,1.0,11.0,10.0,3.0,12.0,0.0,18.0
30,164700268.0,0.0,2.0,1.0,1.0,1.0,59.0,3.0,0.0,7.0,11.0,23.0,3.0,0.0,26.0,82.0,10.0,2.0,0.0,3.0,2.0,6.0,60.0,54.0,0.0,85.0,29.0,6.0,1.0,21.0,0.0,9.0,12.0,0.0,1.0,0.0,1.0,31.0,7.0,0.0,8.0,10.0,0.0,14.0,63.0,39.0,1.0,1.0,62.0,2.0,1.0,11.0,0.0,0.0,1.0,1.0,17.0,8.0,48.0,0.0,25.0,11.0,2.0,25.0,15.0,0.0,16.0,4.0,59.0,4.0,0.0,3.0,3.0,21.0,6.0,15.0,90.0,0.0,6.0,14.0,25.0,47.0,0.0,0.0,61.0,8.0,0.0,44.0,96.0,25.0,0.0,62.0,22.0,88.0,37.0,41.0,14.0,12.0,33.0,59.0,77.0,98.0,21.0,5.0,2.0,14.0,47.0,0.0,0.0,5.0,3.0,24.0,29.0,0.0,38.0,0.0,42.0
31,16470319.0,0.0,1.0,1.0,0.0,0.0,17.0,1.0,0.0,1.0,2.0,9.0,0.0,0.0,4.0,21.0,1.0,1.0,0.0,1.0,1.0,5.0,11.0,12.0,0.0,16.0,24.0,1.0,0.0,3.0,9.0,0.0,5.0,0.0,0.0,0.0,0.0,2.0,4.0,0.0,0.0,5.0,0.0,4.0,8.0,16.0,1.0,1.0,11.0,0.0,3.0,0.0,2.0,0.0,1.0,1.0,3.0,2.0,18.0,0.0,4.0,5.0,1.0,3.0,6.0,0.0,3.0,0.0,4.0,1.0,0.0,0.0,1.0,3.0,2.0,1.0,14.0,0.0,0.0,4.0,9.0,9.0,0.0,0.0,10.0,3.0,0.0,9.0,23.0,9.0,0.0,11.0,19.0,21.0,12.0,9.0,7.0,1.0,7.0,14.0,21.0,30.0,3.0,1.0,0.0,1.0,6.0,0.0,0.0,2.0,2.0,8.0,5.0,0.0,9.0,0.0,8.0
32,16542463.0,0.0,0.0,0.0,0.0,1.0,22.0,0.0,1.0,0.0,1.0,6.0,0.0,0.0,13.0,25.0,4.0,0.0,1.0,0.0,1.0,3.0,24.0,12.0,1.0,22.0,12.0,1.0,0.0,6.0,12.0,5.0,0.0,0.0,0.0,1.0,0.0,6.0,4.0,0.0,2.0,4.0,0.0,3.0,20.0,15.0,0.0,0.0,16.0,0.0,0.0,3.0,0.0,0.0,0.0,0.0,4.0,3.0,12.0,0.0,10.0,6.0,2.0,9.0,9.0,0.0,0.0,1.0,8.0,0.0,0.0,0.0,0.0,8.0,1.0,1.0,23.0,0.0,1.0,6.0,7.0,14.0,0.0,0.0,14.0,4.0,0.0,11.0,34.0,11.0,0.0,25.0,6.0,23.0,18.0,14.0,8.0,7.0,19.0,17.0,20.0,37.0,7.0,1.0,0.0,2.0,11.0,0.0,0.0,1.0,1.0,5.0,8.0,0.0,14.0,0.0,14.0
33,166018695.0,0.0,2.0,12.0,0.0,0.0,1.0,0.0,0.0,2.0,74.0,0.0,2.0,12.0,0.0,0.0,0.0,0.0,13.0,39.0,2.0,1.0,0.0,1.0,0.0,2.0,0.0,0.0,10.0,0.0,0.0,0.0,0.0,0.0,7.0,24.0,0.0,1.0,0.0,0.0,0.0,1.0,0.0,5.0,0.0,0.0,0.0,0.0,0.0,0.0,0.0,0.0,0.0,28.0,1.0,2.0,1.0,0.0,0.0,0.0,0.0,1.0,0.0,0.0,0.0,0.0,78.0,2.0,3.0,0.0,3.0,1.0,1.0,0.0,0.0,18.0,1.0,0.0,4.0,0.0,0.0,0.0,0.0,0.0,2.0,0.0,0.0,2.0,0.0,0.0,0.0,0.0,1.0,0.0,2.0,0.0,0.0,0.0,1.0,1.0,1.0,1.0,0.0,1.0,0.0,0.0,0.0,0.0,3.0,0.0,3.0,0.0,0.0,0.0,1.0,0.0,0.0
34,169085447.0,0.0,0.0,2.0,0.0,0.0,1.0,0.0,0.0,3.0,17.0,2.0,0.0,7.0,0.0,1.0,0.0,0.0,5.0,5.0,0.0,0.0,0.0,1.0,0.0,1.0,0.0,0.0,3.0,0.0,1.0,0.0,0.0,7.0,0.0,9.0,0.0,0.0,1.0,0.0,0.0,0.0,0.0,1.0,1.0,0.0,0.0,0.0,1.0,3.0,0.0,0.0,0.0,8.0,0.0,0.0,0.0,0.0,0.0,0.0,0.0,0.0,0.0,0.0,0.0,0.0,15.0,1.0,3.0,0.0,1.0,1.0,1.0,0.0,1.0,4.0,0.0,0.0,2.0,1.0,2.0,0.0,0.0,0.0,0.0,1.0,0.0,2.0,2.0,2.0,0.0,1.0,2.0,2.0,1.0,0.0,0.0,0.0,2.0,2.0,2.0,2.0,0.0,1.0,0.0,0.0,1.0,0.0,3.0,1.0,2.0,2.0,0.0,0.0,0.0,0.0,1.0
35,16947322.0,1.0,4.0,2.0,0.0,2.0,2.0,0.0,0.0,8.0,97.0,1.0,6.0,10.0,0.0,0.0,0.0,0.0,13.0,22.0,7.0,1.0,2.0,3.0,0.0,6.0,2.0,0.0,5.0,1.0,0.0,0.0,1.0,24.0,9.0,0.0,0.0,4.0,0.0,0.0,0.0,3.0,0.0,10.0,8.0,0.0,0.0,1.0,2.0,2.0,0.0,0.0,1.0,30.0,0.0,1.0,3.0,0.0,0.0,0.0,0.0,1.0,0.0,0.0,0.0,0.0,146.0,13.0,10.0,1.0,1.0,1.0,2.0,0.0,1.0,19.0,6.0,1.0,11.0,2.0,0.0,1.0,1.0,1.0,6.0,0.0,0.0,7.0,1.0,0.0,0.0,0.0,5.0,1.0,2.0,0.0,0.0,0.0,5.0,2.0,5.0,7.0,0.0,2.0,2.0,0.0,0.0,0.0,2.0,0.0,7.0,1.0,1.0,0.0,4.0,0.0,3.0
36,176493834.0,0.0,0.0,0.0,0.0,0.0,5.0,0.0,0.0,0.0,0.0,0.0,0.0,0.0,0.0,4.0,0.0,0.0,0.0,0.0,0.0,0.0,0.0,0.0,0.0,2.0,0.0,0.0,0.0,0.0,1.0,0.0,0.0,0.0,0.0,0.0,0.0,0.0,1.0,0.0,1.0,0.0,0.0,2.0,0.0,3.0,0.0,0.0,0.0,0.0,0.0,0.0,0.0,0.0,0.0,0.0,0.0,0.0,1.0,0.0,0.0,0.0,0.0,0.0,1.0,0.0,0.0,0.0,1.0,0.0,0.0,0.0,1.0,0.0,0.0,0.0,1.0,0.0,0.0,0.0,1.0,0.0,0.0,0.0,1.0,0.0,0.0,0.0,2.0,1.0,0.0,10.0,0.0,1.0,5.0,0.0,3.0,0.0,0.0,4.0,1.0,8.0,1.0,0.0,0.0,0.0,0.0,0.0,0.0,0.0,0.0,1.0,0.0,0.0,1.0,0.0,1.0
37,187752663.0,0.0,3.0,0.0,0.0,1.0,37.0,0.0,0.0,10.0,9.0,7.0,2.0,0.0,15.0,27.0,4.0,0.0,1.0,0.0,3.0,11.0,28.0,10.0,0.0,83.0,16.0,2.0,1.0,7.0,31.0,2.0,6.0,1.0,0.0,4.0,0.0,0.0,6.0,0.0,4.0,6.0,0.0,15.0,26.0,15.0,0.0,0.0,19.0,4.0,0.0,4.0,1.0,0.0,0.0,0.0,7.0,3.0,20.0,0.0,7.0,5.0,2.0,13.0,8.0,0.0,21.0,3.0,24.0,0.0,0.0,6.0,1.0,15.0,2.0,8.0,35.0,1.0,7.0,14.0,7.0,19.0,0.0,1.0,34.0,5.0,1.0,15.0,33.0,16.0,0.0,39.0,11.0,16.0,28.0,30.0,18.0,10.0,30.0,21.0,29.0,58.0,6.0,1.0,1.0,5.0,22.0,0.0,0.0,1.0,5.0,5.0,13.0,1.0,17.0,0.0,28.0
38,200083361.0,0.0,1.0,1.0,0.0,0.0,16.0,1.0,0.0,1.0,2.0,2.0,0.0,0.0,10.0,16.0,4.0,1.0,0.0,1.0,1.0,4.0,3.0,8.0,0.0,11.0,1.0,0.0,1.0,7.0,7.0,4.0,4.0,0.0,1.0,0.0,1.0,6.0,0.0,0.0,2.0,4.0,0.0,3.0,5.0,14.0,1.0,1.0,2.0,0.0,1.0,0.0,1.0,0.0,1.0,1.0,2.0,0.0,6.0,0.0,11.0,7.0,0.0,3.0,9.0,0.0,2.0,0.0,2.0,1.0,0.0,0.0,1.0,8.0,1.0,2.0,7.0,0.0,0.0,3.0,1.0,7.0,0.0,0.0,7.0,2.0,0.0,4.0,13.0,8.0,0.0,20.0,2.0,10.0,17.0,6.0,13.0,0.0,7.0,10.0,12.0,26.0,5.0,2.0,0.0,0.0,1.0,0.0,0.0,8.0,2.0,7.0,4.0,0.0,6.0,0.0,5.0
39,218192899.0,0.0,0.0,0.0,0.0,0.0,0.0,0.0,0.0,1.0,0.0,0.0,0.0,0.0,0.0,0.0,0.0,0.0,0.0,1.0,1.0,0.0,0.0,0.0,0.0,0.0,0.0,0.0,0.0,0.0,0.0,0.0,0.0,0.0,0.0,0.0,0.0,0.0,0.0,0.0,0.0,0.0,0.0,2.0,0.0,0.0,0.0,0.0,0.0,0.0,0.0,0.0,0.0,0.0,0.0,0.0,0.0,0.0,0.0,0.0,0.0,0.0,0.0,0.0,0.0,0.0,1.0,0.0,0.0,0.0,0.0,1.0,0.0,0.0,1.0,1.0,0.0,0.0,1.0,0.0,0.0,0.0,0.0,0.0,0.0,0.0,0.0,0.0,0.0,0.0,0.0,0.0,1.0,0.0,1.0,0.0,0.0,0.0,1.0,0.0,0.0,1.0,0.0,1.0,0.0,0.0,0.0,0.0,0.0,0.0,1.0,0.0,0.0,0.0,0.0,0.0,0.0
40,22243745.0,0.0,0.0,0.0,0.0,0.0,10.0,0.0,0.0,0.0,0.0,1.0,0.0,0.0,2.0,15.0,1.0,0.0,0.0,0.0,0.0,8.0,10.0,3.0,0.0,14.0,3.0,0.0,0.0,5.0,8.0,0.0,2.0,0.0,0.0,0.0,1.0,4.0,2.0,0.0,0.0,2.0,0.0,0.0,6.0,12.0,0.0,0.0,2.0,0.0,0.0,1.0,0.0,0.0,0.0,0.0,1.0,0.0,12.0,0.0,2.0,3.0,0.0,5.0,7.0,0.0,0.0,0.0,4.0,0.0,0.0,0.0,0.0,5.0,0.0,0.0,8.0,0.0,0.0,7.0,0.0,8.0,0.0,0.0,11.0,0.0,0.0,3.0,13.0,3.0,0.0,9.0,1.0,8.0,4.0,8.0,12.0,2.0,13.0,3.0,10.0,14.0,6.0,0.0,0.0,2.0,5.0,0.0,0.0,2.0,0.0,4.0,5.0,0.0,3.0,0.0,15.0
41,223721302.0,0.0,1.0,2.0,0.0,0.0,15.0,2.0,8.0,1.0,6.0,6.0,1.0,0.0,8.0,18.0,3.0,1.0,2.0,2.0,1.0,5.0,12.0,8.0,1.0,18.0,8.0,4.0,0.0,6.0,10.0,5.0,4.0,1.0,0.0,3.0,0.0,6.0,4.0,0.0,2.0,0.0,0.0,13.0,14.0,12.0,3.0,1.0,7.0,2.0,1.0,2.0,0.0,0.0,1.0,1.0,8.0,3.0,10.0,0.0,7.0,7.0,4.0,8.0,9.0,1.0,21.0,14.0,14.0,2.0,0.0,1.0,1.0,6.0,2.0,5.0,15.0,1.0,1.0,13.0,3.0,9.0,0.0,0.0,23.0,4.0,1.0,15.0,17.0,10.0,0.0,15.0,6.0,13.0,14.0,12.0,7.0,6.0,26.0,10.0,16.0,24.0,8.0,4.0,1.0,2.0,10.0,0.0,0.0,2.0,4.0,4.0,6.0,0.0,6.0,0.0,17.0
42,2261276785.0,0.0,0.0,0.0,8.0,0.0,0.0,0.0,6.0,0.0,0.0,0.0,1.0,0.0,0.0,0.0,0.0,0.0,0.0,0.0,0.0,0.0,0.0,0.0,0.0,0.0,0.0,0.0,0.0,0.0,0.0,0.0,0.0,0.0,0.0,0.0,0.0,0.0,0.0,0.0,0.0,0.0,0.0,0.0,0.0,0.0,0.0,0.0,0.0,0.0,0.0,0.0,0.0,0.0,0.0,38.0,0.0,0.0,2.0,10.0,0.0,0.0,0.0,0.0,0.0,8.0,0.0,0.0,0.0,2.0,0.0,0.0,0.0,0.0,11.0,0.0,0.0,0.0,0.0,0.0,0.0,0.0,0.0,0.0,0.0,0.0,2.0,0.0,0.0,0.0,0.0,0.0,0.0,0.0,0.0,0.0,0.0,0.0,0.0,0.0,0.0,0.0,0.0,2.0,0.0,0.0,0.0,0.0,0.0,0.0,34.0,0.0,0.0,0.0,0.0,0.0,0.0
43,23016462.0,0.0,17.0,6.0,1.0,4.0,33.0,5.0,1.0,17.0,34.0,6.0,9.0,1.0,6.0,8.0,7.0,1.0,4.0,7.0,7.0,5.0,20.0,10.0,1.0,21.0,5.0,2.0,5.0,5.0,14.0,4.0,3.0,5.0,1.0,10.0,2.0,15.0,3.0,2.0,0.0,13.0,0.0,0.0,23.0,10.0,1.0,1.0,14.0,6.0,2.0,1.0,1.0,0.0,1.0,3.0,14.0,4.0,5.0,0.0,7.0,9.0,2.0,3.0,8.0,1.0,162.0,15.0,40.0,4.0,3.0,39.0,12.0,4.0,10.0,41.0,23.0,1.0,12.0,10.0,3.0,10.0,2.0,3.0,23.0,9.0,3.0,22.0,13.0,11.0,0.0,15.0,12.0,21.0,26.0,12.0,2.0,3.0,14.0,19.0,20.0,31.0,6.0,13.0,4.0,2.0,7.0,1.0,1.0,3.0,15.0,6.0,4.0,9.0,11.0,0.0,14.0
44,233627103.0,1.0,3.0,1.0,0.0,1.0,66.0,1.0,1.0,14.0,23.0,22.0,9.0,0.0,18.0,60.0,5.0,1.0,4.0,1.0,5.0,12.0,62.0,38.0,1.0,59.0,42.0,4.0,0.0,21.0,63.0,8.0,20.0,0.0,1.0,8.0,0.0,26.0,5.0,0.0,6.0,14.0,0.0,23.0,0.0,25.0,1.0,1.0,63.0,5.0,1.0,11.0,0.0,0.0,1.0,1.0,16.0,10.0,41.0,0.0,23.0,13.0,6.0,17.0,18.0,1.0,30.0,14.0,55.0,4.0,0.0,5.0,3.0,16.0,4.0,28.0,73.0,0.0,12.0,32.0,16.0,33.0,0.0,0.0,68.0,7.0,0.0,58.0,89.0,29.0,1.0,51.0,20.0,49.0,40.0,37.0,9.0,21.0,66.0,54.0,78.0,92.0,15.0,4.0,1.0,13.0,56.0,0.0,0.0,4.0,10.0,12.0,24.0,0.0,33.0,0.0,59.0
45,237564988.0,0.0,3.0,1.0,2.0,0.0,77.0,1.0,0.0,1.0,3.0,11.0,1.0,0.0,24.0,79.0,8.0,1.0,3.0,6.0,1.0,20.0,47.0,24.0,1.0,55.0,29.0,3.0,0.0,11.0,39.0,16.0,15.0,0.0,0.0,0.0,3.0,15.0,14.0,0.0,12.0,12.0,0.0,10.0,25.0,0.0,1.0,1.0,25.0,1.0,1.0,3.0,1.0,0.0,1.0,1.0,8.0,4.0,45.0,1.0,21.0,13.0,4.0,34.0,40.0,0.0,7.0,2.0,32.0,2.0,0.0,1.0,14.0,37.0,3.0,7.0,37.0,2.0,0.0,14.0,13.0,30.0,1.0,0.0,32.0,5.0,0.0,29.0,73.0,35.0,0.0,66.0,18.0,46.0,45.0,31.0,31.0,32.0,38.0,36.0,48.0,100.0,13.0,3.0,0.0,4.0,15.0,0.0,0.0,5.0,1.0,19.0,20.0,1.0,25.0,0.0,83.0
46,237598493.0,0.0,1.0,1.0,0.0,1.0,1.0,1.0,0.0,0.0,1.0,1.0,3.0,0.0,1.0,1.0,0.0,1.0,0.0,1.0,1.0,1.0,3.0,1.0,0.0,0.0,0.0,0.0,0.0,0.0,1.0,1.0,0.0,0.0,0.0,0.0,0.0,0.0,1.0,0.0,0.0,3.0,0.0,1.0,1.0,1.0,0.0,1.0,0.0,0.0,2.0,0.0,0.0,0.0,1.0,1.0,3.0,0.0,0.0,0.0,0.0,1.0,0.0,0.0,1.0,0.0,1.0,0.0,2.0,5.0,0.0,3.0,4.0,0.0,1.0,5.0,1.0,3.0,0.0,1.0,0.0,1.0,0.0,0.0,1.0,1.0,0.0,1.0,1.0,1.0,0.0,1.0,0.0,2.0,0.0,0.0,0.0,0.0,3.0,1.0,1.0,2.0,0.0,1.0,3.0,0.0,0.0,0.0,0.0,0.0,1.0,1.0,0.0,0.0,0.0,0.0,1.0
47,239262644.0,0.0,2.0,1.0,0.0,0.0,1.0,1.0,0.0,0.0,1.0,1.0,1.0,0.0,1.0,1.0,0.0,1.0,0.0,1.0,2.0,1.0,1.0,1.0,0.0,0.0,0.0,0.0,0.0,0.0,1.0,1.0,0.0,0.0,0.0,1.0,0.0,0.0,1.0,0.0,0.0,1.0,0.0,1.0,1.0,1.0,1.0,0.0,0.0,0.0,1.0,0.0,0.0,0.0,1.0,1.0,1.0,0.0,0.0,0.0,0.0,1.0,0.0,0.0,1.0,0.0,1.0,1.0,2.0,2.0,0.0,0.0,1.0,0.0,1.0,1.0,1.0,1.0,0.0,0.0,0.0,1.0,0.0,0.0,1.0,1.0,0.0,1.0,1.0,1.0,0.0,1.0,0.0,1.0,0.0,0.0,0.0,0.0,0.0,1.0,1.0,1.0,0.0,1.0,1.0,0.0,0.0,0.0,0.0,0.0,1.0,1.0,0.0,0.0,0.0,0.0,1.0
48,2426665586.0,0.0,1.0,0.0,0.0,0.0,59.0,0.0,0.0,10.0,10.0,21.0,5.0,0.0,20.0,62.0,6.0,0.0,0.0,0.0,1.0,10.0,60.0,44.0,1.0,57.0,39.0,3.0,0.0,16.0,62.0,11.0,16.0,0.0,1.0,2.0,0.0,19.0,2.0,0.0,2.0,7.0,0.0,14.0,63.0,25.0,0.0,0.0,0.0,2.0,0.0,12.0,0.0,0.0,0.0,0.0,14.0,12.0,49.0,0.0,15.0,8.0,2.0,19.0,15.0,0.0,16.0,9.0,42.0,1.0,0.0,2.0,0.0,17.0,2.0,15.0,73.0,1.0,7.0,14.0,19.0,28.0,0.0,0.0,47.0,6.0,0.0,46.0,89.0,20.0,0.0,51.0,31.0,55.0,29.0,28.0,6.0,21.0,45.0,53.0,71.0,90.0,13.0,0.0,1.0,11.0,36.0,0.0,0.0,4.0,2.0,22.0,25.0,0.0,34.0,0.0,35.0
49,244051691.0,0.0,0.0,5.0,0.0,0.0,1.0,1.0,0.0,6.0,16.0,3.0,6.0,0.0,0.0,0.0,0.0,1.0,3.0,4.0,6.0,2.0,1.0,0.0,0.0,7.0,1.0,0.0,2.0,2.0,2.0,0.0,0.0,0.0,3.0,2.0,0.0,4.0,0.0,0.0,0.0,2.0,0.0,6.0,5.0,1.0,0.0,0.0,2.0,0.0,0.0,0.0,1.0,0.0,0.0,0.0,1.0,0.0,0.0,0.0,0.0,0.0,2.0,0.0,0.0,0.0,10.0,10.0,6.0,0.0,2.0,2.0,7.0,0.0,1.0,14.0,6.0,7.0,11.0,5.0,1.0,2.0,0.0,1.0,8.0,1.0,3.0,7.0,2.0,5.0,1.0,0.0,5.0,4.0,0.0,3.0,0.0,0.0,8.0,1.0,5.0,3.0,5.0,1.0,3.0,0.0,0.0,0.0,0.0,1.0,20.0,2.0,0.0,0.0,2.0,0.0,1.0
50,24728451.0,0.0,2.0,1.0,0.0,0.0,2.0,1.0,0.0,1.0,2.0,2.0,2.0,0.0,1.0,1.0,1.0,1.0,0.0,1.0,2.0,3.0,3.0,3.0,0.0,0.0,0.0,0.0,0.0,0.0,1.0,3.0,0.0,0.0,0.0,0.0,0.0,0.0,1.0,0.0,0.0,1.0,0.0,2.0,1.0,1.0,2.0,1.0,0.0,0.0,0.0,0.0,0.0,0.0,1.0,2.0,1.0,0.0,0.0,0.0,0.0,1.0,0.0,1.0,2.0,0.0,1.0,0.0,3.0,2.0,0.0,1.0,3.0,0.0,1.0,3.0,1.0,0.0,1.0,0.0,0.0,1.0,0.0,0.0,1.0,2.0,2.0,2.0,1.0,1.0,0.0,2.0,0.0,2.0,1.0,0.0,0.0,0.0,0.0,1.0,2.0,2.0,0.0,1.0,1.0,0.0,0.0,0.0,0.0,0.0,2.0,2.0,0.0,0.0,0.0,0.0,1.0
51,2473190790.0,0.0,0.0,0.0,0.0,0.0,6.0,0.0,0.0,0.0,0.0,9.0,0.0,0.0,7.0,11.0,1.0,0.0,0.0,0.0,0.0,0.0,9.0,8.0,1.0,9.0,2.0,0.0,0.0,6.0,11.0,0.0,3.0,0.0,0.0,0.0,0.0,4.0,0.0,0.0,1.0,2.0,0.0,1.0,11.0,3.0,0.0,0.0,12.0,0.0,0.0,0.0,0.0,0.0,0.0,0.0,4.0,4.0,6.0,0.0,5.0,1.0,0.0,3.0,1.0,0.0,0.0,0.0,7.0,0.0,0.0,0.0,0.0,2.0,0.0,0.0,12.0,0.0,0.0,3.0,6.0,7.0,0.0,0.0,5.0,2.0,0.0,8.0,11.0,2.0,0.0,6.0,2.0,10.0,4.0,5.0,0.0,2.0,3.0,8.0,10.0,7.0,7.0,0.0,0.0,7.0,7.0,0.0,0.0,1.0,0.0,3.0,5.0,0.0,8.0,0.0,5.0
52,25026233.0,0.0,0.0,0.0,0.0,0.0,0.0,0.0,0.0,1.0,1.0,2.0,1.0,0.0,0.0,3.0,1.0,0.0,0.0,0.0,1.0,0.0,0.0,0.0,0.0,3.0,1.0,0.0,1.0,1.0,0.0,2.0,0.0,0.0,0.0,1.0,0.0,1.0,1.0,0.0,0.0,0.0,0.0,1.0,0.0,1.0,0.0,0.0,0.0,1.0,0.0,0.0,0.0,0.0,0.0,0.0,1.0,0.0,1.0,0.0,0.0,0.0,0.0,0.0,0.0,0.0,0.0,1.0,0.0,0.0,0.0,0.0,1.0,1.0,0.0,0.0,0.0,0.0,1.0,2.0,1.0,1.0,0.0,0.0,2.0,0.0,0.0,1.0,1.0,1.0,0.0,1.0,1.0,0.0,1.0,0.0,2.0,0.0,3.0,0.0,2.0,2.0,0.0,0.0,0.0,0.0,0.0,0.0,0.0,0.0,1.0,0.0,0.0,0.0,0.0,0.0,0.0
53,2547040466.0,0.0,0.0,4.0,0.0,0.0,0.0,0.0,0.0,0.0,68.0,0.0,1.0,11.0,0.0,0.0,0.0,0.0,6.0,17.0,0.0,0.0,0.0,0.0,0.0,0.0,0.0,0.0,1.0,0.0,0.0,0.0,0.0,28.0,8.0,30.0,0.0,0.0,0.0,0.0,0.0,0.0,0.0,0.0,0.0,0.0,0.0,0.0,0.0,0.0,0.0,0.0,0.0,0.0,1.0,0.0,0.0,0.0,0.0,0.0,0.0,0.0,0.0,0.0,0.0,0.0,94.0,0.0,0.0,0.0,2.0,0.0,0.0,0.0,0.0,8.0,0.0,0.0,1.0,0.0,0.0,0.0,0.0,0.0,0.0,0.0,0.0,0.0,0.0,0.0,0.0,0.0,0.0,0.0,0.0,0.0,0.0,0.0,0.0,0.0,0.0,0.0,0.0,0.0,0.0,0.0,0.0,0.0,2.0,0.0,0.0,0.0,0.0,0.0,0.0,0.0,0.0
54,256882565.0,0.0,1.0,1.0,0.0,0.0,1.0,1.0,0.0,0.0,2.0,1.0,0.0,0.0,1.0,1.0,0.0,1.0,0.0,3.0,1.0,1.0,1.0,1.0,0.0,0.0,0.0,0.0,0.0,0.0,1.0,1.0,0.0,1.0,0.0,0.0,0.0,0.0,1.0,0.0,0.0,1.0,0.0,1.0,1.0,1.0,1.0,1.0,0.0,0.0,1.0,0.0,0.0,1.0,0.0,1.0,1.0,0.0,0.0,0.0,0.0,1.0,0.0,0.0,1.0,0.0,2.0,0.0,1.0,1.0,0.0,0.0,1.0,0.0,1.0,2.0,1.0,0.0,0.0,0.0,0.0,1.0,0.0,0.0,1.0,1.0,0.0,1.0,1.0,1.0,0.0,1.0,0.0,1.0,0.0,0.0,0.0,0.0,0.0,1.0,1.0,1.0,0.0,1.0,0.0,0.0,0.0,0.0,0.0,0.0,1.0,1.0,0.0,0.0,0.0,0.0,1.0
55,257509172.0,4.0,2.0,2.0,15.0,0.0,1.0,1.0,16.0,2.0,2.0,1.0,8.0,1.0,1.0,1.0,0.0,1.0,0.0,1.0,2.0,1.0,1.0,1.0,0.0,1.0,0.0,0.0,1.0,0.0,1.0,1.0,0.0,2.0,0.0,1.0,0.0,0.0,1.0,0.0,0.0,1.0,38.0,3.0,1.0,1.0,1.0,1.0,0.0,0.0,2.0,0.0,0.0,0.0,1.0,0.0,1.0,0.0,0.0,22.0,0.0,1.0,0.0,0.0,1.0,15.0,2.0,1.0,2.0,7.0,0.0,7.0,7.0,0.0,19.0,2.0,2.0,0.0,2.0,0.0,0.0,1.0,0.0,0.0,2.0,1.0,7.0,2.0,1.0,1.0,6.0,1.0,1.0,1.0,1.0,0.0,0.0,0.0,0.0,1.0,3.0,1.0,0.0,15.0,2.0,0.0,0.0,0.0,0.0,0.0,124.0,1.0,0.0,0.0,1.0,0.0,1.0
56,27177833.0,0.0,2.0,1.0,0.0,1.0,30.0,1.0,0.0,3.0,7.0,7.0,2.0,0.0,5.0,17.0,5.0,1.0,1.0,2.0,4.0,8.0,33.0,14.0,2.0,19.0,12.0,3.0,1.0,9.0,17.0,3.0,4.0,1.0,0.0,3.0,0.0,7.0,2.0,0.0,1.0,8.0,0.0,14.0,16.0,8.0,3.0,1.0,14.0,1.0,1.0,4.0,1.0,0.0,1.0,1.0,0.0,5.0,14.0,0.0,6.0,4.0,1.0,10.0,8.0,0.0,10.0,3.0,24.0,2.0,0.0,1.0,5.0,6.0,5.0,12.0,15.0,0.0,4.0,7.0,5.0,21.0,1.0,1.0,16.0,7.0,0.0,20.0,24.0,15.0,0.0,15.0,7.0,21.0,16.0,15.0,4.0,10.0,20.0,16.0,23.0,28.0,5.0,2.0,2.0,5.0,14.0,0.0,0.0,2.0,5.0,6.0,9.0,0.0,13.0,0.0,22.0
57,282916645.0,0.0,1.0,0.0,0.0,0.0,8.0,0.0,0.0,1.0,0.0,4.0,0.0,0.0,5.0,9.0,4.0,0.0,0.0,0.0,1.0,1.0,10.0,7.0,1.0,9.0,8.0,1.0,0.0,5.0,8.0,2.0,3.0,0.0,0.0,0.0,0.0,3.0,0.0,0.0,0.0,3.0,0.0,4.0,10.0,4.0,0.0,0.0,12.0,0.0,0.0,4.0,0.0,0.0,0.0,0.0,5.0,0.0,11.0,0.0,6.0,3.0,1.0,3.0,4.0,0.0,1.0,1.0,9.0,1.0,0.0,0.0,1.0,3.0,0.0,2.0,13.0,0.0,0.0,5.0,5.0,7.0,0.0,0.0,8.0,4.0,0.0,8.0,11.0,5.0,0.0,9.0,7.0,8.0,5.0,6.0,2.0,4.0,6.0,9.0,12.0,11.0,5.0,0.0,0.0,3.0,7.0,0.0,0.0,1.0,0.0,5.0,8.0,0.0,8.0,0.0,10.0
58,321312701.0,0.0,0.0,0.0,0.0,0.0,91.0,0.0,0.0,0.0,0.0,13.0,0.0,0.0,18.0,92.0,8.0,0.0,0.0,0.0,0.0,32.0,85.0,40.0,1.0,72.0,55.0,5.0,0.0,24.0,48.0,18.0,12.0,0.0,0.0,0.0,1.0,20.0,6.0,0.0,12.0,10.0,2.0,5.0,41.0,45.0,0.0,0.0,49.0,0.0,0.0,6.0,1.0,0.0,0.0,0.0,14.0,11.0,0.0,0.0,18.0,11.0,7.0,29.0,39.0,0.0,1.0,0.0,39.0,1.0,0.0,2.0,1.0,39.0,0.0,1.0,46.0,0.0,0.0,29.0,19.0,43.0,0.0,0.0,48.0,5.0,0.0,49.0,107.0,34.0,0.0,74.0,40.0,56.0,36.0,40.0,17.0,23.0,69.0,48.0,92.0,125.0,19.0,0.0,0.0,7.0,44.0,0.0,0.0,5.0,0.0,25.0,39.0,1.0,28.0,0.0,90.0
59,326508344.0,1.0,0.0,0.0,5.0,0.0,0.0,0.0,3.0,0.0,0.0,0.0,0.0,0.0,0.0,0.0,0.0,0.0,1.0,1.0,0.0,0.0,1.0,0.0,0.0,2.0,0.0,0.0,0.0,0.0,0.0,0.0,0.0,0.0,0.0,0.0,0.0,0.0,0.0,0.0,0.0,0.0,10.0,0.0,0.0,1.0,0.0,0.0,0.0,0.0,0.0,0.0,0.0,0.0,0.0,22.0,0.0,0.0,0.0,0.0,0.0,0.0,0.0,0.0,1.0,3.0,0.0,0.0,1.0,2.0,0.0,0.0,0.0,0.0,5.0,2.0,0.0,0.0,0.0,0.0,0.0,0.0,0.0,0.0,0.0,0.0,0.0,1.0,0.0,0.0,1.0,1.0,0.0,1.0,0.0,0.0,0.0,1.0,0.0,1.0,1.0,1.0,0.0,2.0,0.0,0.0,1.0,0.0,0.0,0.0,9.0,1.0,0.0,0.0,0.0,0.0,0.0
60,337622533.0,0.0,0.0,0.0,0.0,0.0,36.0,7.0,0.0,0.0,1.0,7.0,0.0,0.0,15.0,39.0,7.0,1.0,0.0,0.0,0.0,6.0,19.0,16.0,1.0,26.0,13.0,3.0,0.0,12.0,25.0,4.0,10.0,0.0,0.0,0.0,0.0,7.0,11.0,0.0,2.0,7.0,0.0,7.0,23.0,21.0,0.0,0.0,15.0,0.0,0.0,5.0,0.0,0.0,0.0,0.0,6.0,6.0,18.0,0.0,0.0,11.0,2.0,8.0,25.0,0.0,0.0,0.0,14.0,0.0,1.0,0.0,0.0,11.0,1.0,1.0,28.0,0.0,0.0,15.0,7.0,18.0,0.0,0.0,26.0,6.0,0.0,22.0,29.0,20.0,0.0,29.0,10.0,23.0,39.0,23.0,9.0,7.0,28.0,19.0,35.0,47.0,14.0,0.0,0.0,5.0,9.0,0.0,0.0,9.0,0.0,6.0,12.0,0.0,12.0,0.0,28.0
61,339133919.0,0.0,5.0,2.0,0.0,1.0,15.0,1.0,0.0,1.0,2.0,3.0,0.0,0.0,14.0,19.0,6.0,1.0,1.0,1.0,2.0,7.0,9.0,11.0,0.0,18.0,13.0,2.0,1.0,6.0,11.0,5.0,6.0,1.0,0.0,1.0,0.0,5.0,7.0,0.0,3.0,7.0,0.0,9.0,13.0,13.0,1.0,1.0,8.0,0.0,1.0,1.0,0.0,0.0,1.0,1.0,4.0,3.0,11.0,0.0,11.0,0.0,2.0,6.0,18.0,0.0,6.0,0.0,8.0,2.0,0.0,3.0,2.0,3.0,1.0,3.0,11.0,0.0,1.0,13.0,3.0,12.0,0.0,0.0,12.0,3.0,0.0,7.0,19.0,14.0,0.0,21.0,3.0,11.0,18.0,12.0,10.0,1.0,15.0,12.0,21.0,28.0,4.0,2.0,2.0,2.0,8.0,0.0,0.0,2.0,2.0,6.0,7.0,0.0,9.0,0.0,14.0
62,356894876.0,0.0,3.0,0.0,0.0,0.0,8.0,0.0,0.0,0.0,0.0,1.0,0.0,0.0,2.0,11.0,1.0,0.0,0.0,0.0,0.0,4.0,2.0,1.0,0.0,5.0,15.0,0.0,0.0,3.0,2.0,1.0,2.0,0.0,0.0,0.0,0.0,2.0,0.0,0.0,0.0,4.0,0.0,2.0,6.0,4.0,0.0,0.0,2.0,2.0,0.0,0.0,0.0,0.0,0.0,0.0,1.0,1.0,7.0,0.0,2.0,2.0,0.0,3.0,6.0,0.0,0.0,0.0,5.0,0.0,0.0,0.0,0.0,3.0,0.0,0.0,5.0,0.0,0.0,11.0,1.0,4.0,0.0,1.0,6.0,0.0,0.0,6.0,8.0,6.0,0.0,4.0,6.0,7.0,5.0,6.0,1.0,2.0,11.0,1.0,11.0,14.0,1.0,0.0,0.0,0.0,8.0,0.0,0.0,0.0,0.0,2.0,3.0,0.0,1.0,0.0,11.0
63,36292651.0,0.0,1.0,0.0,0.0,0.0,112.0,0.0,0.0,1.0,1.0,4.0,1.0,0.0,10.0,35.0,5.0,0.0,0.0,0.0,1.0,19.0,72.0,28.0,1.0,29.0,20.0,4.0,0.0,5.0,25.0,3.0,9.0,0.0,0.0,0.0,0.0,13.0,3.0,0.0,5.0,8.0,0.0,3.0,17.0,34.0,0.0,0.0,19.0,0.0,1.0,3.0,0.0,0.0,0.0,0.0,10.0,3.0,29.0,0.0,8.0,6.0,3.0,0.0,25.0,0.0,0.0,0.0,41.0,0.0,0.0,0.0,2.0,24.0,1.0,1.0,13.0,0.0,1.0,9.0,5.0,20.0,0.0,1.0,20.0,5.0,0.0,33.0,46.0,27.0,0.0,39.0,7.0,23.0,28.0,16.0,8.0,26.0,31.0,21.0,44.0,77.0,7.0,0.0,0.0,3.0,26.0,0.0,0.0,1.0,0.0,16.0,23.0,0.0,9.0,0.0,88.0
64,36453220.0,0.0,3.0,1.0,1.0,0.0,50.0,1.0,0.0,0.0,4.0,4.0,1.0,0.0,19.0,60.0,10.0,1.0,0.0,2.0,2.0,43.0,38.0,16.0,0.0,30.0,20.0,5.0,0.0,12.0,15.0,6.0,9.0,0.0,0.0,0.0,1.0,8.0,9.0,0.0,7.0,9.0,0.0,8.0,18.0,40.0,1.0,1.0,15.0,0.0,2.0,1.0,0.0,0.0,1.0,1.0,8.0,4.0,39.0,1.0,25.0,18.0,6.0,25.0,0.0,0.0,2.0,0.0,29.0,2.0,1.0,0.0,3.0,31.0,2.0,5.0,17.0,0.0,1.0,25.0,3.0,18.0,0.0,3.0,23.0,5.0,0.0,23.0,56.0,29.0,0.0,54.0,6.0,22.0,28.0,25.0,17.0,28.0,39.0,20.0,40.0,71.0,8.0,1.0,0.0,1.0,13.0,0.0,0.0,4.0,1.0,17.0,19.0,1.0,11.0,0.0,72.0
65,36937792.0,0.0,0.0,0.0,8.0,0.0,0.0,0.0,2.0,0.0,1.0,0.0,0.0,0.0,0.0,0.0,0.0,0.0,0.0,0.0,0.0,0.0,0.0,0.0,0.0,1.0,0.0,0.0,0.0,0.0,0.0,0.0,0.0,0.0,0.0,0.0,0.0,0.0,0.0,0.0,0.0,1.0,8.0,1.0,1.0,0.0,0.0,0.0,0.0,0.0,0.0,0.0,0.0,0.0,0.0,15.0,0.0,0.0,0.0,3.0,0.0,0.0,0.0,0.0,0.0,0.0,1.0,1.0,1.0,3.0,0.0,0.0,0.0,0.0,7.0,1.0,0.0,0.0,0.0,0.0,0.0,1.0,0.0,0.0,1.0,0.0,0.0,0.0,0.0,0.0,0.0,0.0,0.0,1.0,0.0,0.0,0.0,0.0,1.0,0.0,0.0,1.0,0.0,0.0,0.0,0.0,0.0,0.0,0.0,0.0,14.0,0.0,0.0,0.0,0.0,0.0,1.0
66,371088454.0,0.0,15.0,21.0,0.0,3.0,18.0,2.0,8.0,25.0,451.0,4.0,9.0,25.0,2.0,2.0,2.0,1.0,34.0,146.0,12.0,6.0,54.0,12.0,0.0,33.0,1.0,4.0,24.0,1.0,16.0,3.0,0.0,78.0,15.0,146.0,0.0,21.0,2.0,1.0,0.0,21.0,0.0,162.0,30.0,7.0,1.0,1.0,16.0,10.0,1.0,0.0,0.0,94.0,2.0,2.0,10.0,1.0,1.0,0.0,0.0,6.0,0.0,0.0,2.0,1.0,0.0,41.0,48.0,6.0,23.0,20.0,7.0,1.0,5.0,148.0,28.0,4.0,17.0,15.0,1.0,15.0,2.0,0.0,26.0,2.0,2.0,22.0,4.0,4.0,0.0,8.0,18.0,18.0,8.0,3.0,0.0,0.0,32.0,9.0,30.0,36.0,3.0,11.0,6.0,0.0,5.0,0.0,5.0,1.0,23.0,9.0,8.0,0.0,5.0,1.0,34.0
67,383827372.0,0.0,3.0,5.0,0.0,0.0,3.0,1.0,6.0,11.0,27.0,5.0,9.0,1.0,0.0,0.0,0.0,1.0,3.0,2.0,8.0,0.0,4.0,0.0,0.0,5.0,2.0,0.0,3.0,1.0,4.0,0.0,1.0,2.0,1.0,13.0,0.0,3.0,0.0,0.0,0.0,14.0,0.0,15.0,14.0,2.0,0.0,1.0,9.0,10.0,0.0,0.0,1.0,0.0,0.0,1.0,3.0,1.0,0.0,0.0,0.0,0.0,0.0,0.0,0.0,1.0,41.0,0.0,10.0,2.0,1.0,3.0,6.0,0.0,7.0,21.0,15.0,3.0,12.0,7.0,0.0,2.0,1.0,0.0,15.0,0.0,0.0,8.0,0.0,0.0,0.0,0.0,12.0,4.0,2.0,1.0,0.0,0.0,15.0,2.0,12.0,8.0,8.0,4.0,5.0,0.0,0.0,0.0,0.0,0.0,11.0,2.0,0.0,0.0,4.0,0.0,3.0
68,39024549.0,0.0,9.0,2.0,2.0,3.0,128.0,1.0,1.0,14.0,30.0,18.0,4.0,1.0,18.0,55.0,11.0,1.0,3.0,5.0,6.0,15.0,131.0,65.0,2.0,52.0,30.0,16.0,3.0,13.0,59.0,4.0,8.0,3.0,3.0,10.0,1.0,24.0,2.0,0.0,4.0,14.0,0.0,40.0,55.0,32.0,2.0,2.0,42.0,6.0,3.0,7.0,0.0,0.0,1.0,2.0,24.0,9.0,39.0,1.0,14.0,8.0,5.0,41.0,29.0,1.0,48.0,10.0,0.0,5.0,3.0,6.0,9.0,31.0,5.0,48.0,56.0,3.0,10.0,24.0,15.0,55.0,1.0,2.0,66.0,12.0,0.0,69.0,94.0,47.0,0.0,87.0,15.0,62.0,47.0,28.0,7.0,46.0,67.0,52.0,87.0,108.0,13.0,9.0,2.0,11.0,74.0,0.0,1.0,3.0,11.0,21.0,33.0,0.0,22.0,0.0,121.0
69,39182840.0,0.0,1.0,1.0,1.0,6.0,7.0,2.0,2.0,3.0,2.0,1.0,25.0,0.0,1.0,1.0,0.0,1.0,0.0,2.0,2.0,1.0,6.0,2.0,0.0,4.0,1.0,1.0,0.0,0.0,4.0,1.0,0.0,0.0,0.0,1.0,0.0,0.0,1.0,0.0,0.0,2.0,2.0,4.0,4.0,2.0,5.0,2.0,1.0,0.0,2.0,0.0,0.0,0.0,1.0,7.0,2.0,1.0,1.0,2.0,0.0,2.0,0.0,0.0,2.0,3.0,6.0,2.0,5.0,0.0,0.0,19.0,26.0,0.0,3.0,7.0,4.0,0.0,1.0,0.0,0.0,4.0,0.0,0.0,3.0,1.0,6.0,4.0,1.0,1.0,0.0,3.0,2.0,4.0,0.0,4.0,0.0,1.0,3.0,2.0,5.0,8.0,0.0,2.0,13.0,0.0,2.0,0.0,0.0,0.0,10.0,3.0,0.0,0.0,2.0,0.0,4.0
70,39807785.0,0.0,2.0,0.0,0.0,0.0,0.0,0.0,0.0,1.0,11.0,0.0,0.0,1.0,0.0,0.0,0.0,0.0,1.0,3.0,1.0,0.0,2.0,0.0,0.0,1.0,0.0,0.0,0.0,0.0,0.0,0.0,0.0,3.0,1.0,1.0,0.0,0.0,0.0,0.0,0.0,0.0,0.0,3.0,0.0,0.0,0.0,0.0,0.0,2.0,0.0,0.0,0.0,2.0,0.0,0.0,0.0,0.0,0.0,0.0,1.0,0.0,0.0,0.0,1.0,0.0,23.0,1.0,3.0,0.0,0.0,1.0,2.0,0.0,0.0,6.0,0.0,0.0,1.0,1.0,1.0,0.0,0.0,1.0,0.0,1.0,0.0,1.0,1.0,0.0,0.0,0.0,0.0,0.0,0.0,0.0,0.0,0.0,3.0,1.0,1.0,1.0,0.0,1.0,0.0,0.0,0.0,0.0,0.0,1.0,1.0,1.0,2.0,0.0,0.0,0.0,0.0
71,40271591.0,0.0,5.0,2.0,1.0,5.0,3.0,0.0,0.0,4.0,6.0,0.0,41.0,1.0,1.0,0.0,2.0,0.0,1.0,3.0,1.0,0.0,2.0,0.0,0.0,8.0,0.0,0.0,1.0,1.0,3.0,0.0,0.0,1.0,1.0,1.0,0.0,6.0,0.0,1.0,0.0,1.0,0.0,39.0,5.0,1.0,3.0,0.0,2.0,2.0,1.0,0.0,0.0,0.0,0.0,7.0,1.0,0.0,2.0,0.0,0.0,3.0,0.0,0.0,0.0,0.0,20.0,3.0,6.0,19.0,1.0,0.0,31.0,0.0,2.0,12.0,4.0,0.0,4.0,0.0,1.0,1.0,0.0,1.0,3.0,0.0,8.0,4.0,1.0,0.0,0.0,1.0,4.0,2.0,3.0,1.0,0.0,0.0,3.0,3.0,3.0,5.0,0.0,2.0,10.0,0.0,0.0,0.0,0.0,1.0,9.0,2.0,0.0,0.0,2.0,0.0,1.0
72,40457158.0,2.0,14.0,3.0,1.0,10.0,3.0,1.0,1.0,4.0,17.0,4.0,31.0,1.0,3.0,1.0,1.0,1.0,3.0,4.0,5.0,1.0,7.0,2.0,1.0,5.0,1.0,0.0,3.0,1.0,3.0,1.0,0.0,1.0,1.0,2.0,1.0,1.0,1.0,0.0,0.0,1.0,0.0,12.0,3.0,14.0,4.0,1.0,0.0,7.0,3.0,0.0,1.0,0.0,1.0,7.0,5.0,1.0,1.0,0.0,0.0,2.0,0.0,2.0,3.0,0.0,7.0,6.0,9.0,26.0,2.0,31.0,0.0,1.0,3.0,12.0,6.0,0.0,7.0,2.0,1.0,5.0,1.0,4.0,5.0,3.0,10.0,6.0,2.0,4.0,0.0,3.0,1.0,4.0,3.0,2.0,0.0,0.0,4.0,3.0,8.0,5.0,2.0,4.0,11.0,0.0,2.0,0.0,0.0,1.0,11.0,4.0,1.0,0.0,2.0,0.0,2.0
73,42778117.0,0.0,2.0,0.0,0.0,0.0,51.0,0.0,0.0,0.0,1.0,4.0,0.0,0.0,9.0,48.0,4.0,0.0,0.0,0.0,0.0,18.0,48.0,19.0,0.0,37.0,17.0,5.0,0.0,11.0,21.0,3.0,8.0,0.0,0.0,0.0,0.0,15.0,8.0,0.0,5.0,6.0,0.0,4.0,16.0,37.0,0.0,0.0,17.0,0.0,0.0,2.0,1.0,0.0,0.0,0.0,6.0,3.0,39.0,0.0,11.0,3.0,3.0,24.0,31.0,0.0,1.0,0.0,31.0,0.0,0.0,0.0,1.0,0.0,0.0,3.0,13.0,0.0,0.0,18.0,3.0,26.0,0.0,0.0,13.0,4.0,0.0,19.0,48.0,23.0,0.0,48.0,7.0,26.0,26.0,26.0,15.0,18.0,30.0,17.0,34.0,57.0,9.0,0.0,0.0,3.0,22.0,0.0,0.0,4.0,0.0,13.0,23.0,1.0,10.0,0.0,46.0
74,43081356.0,1.0,4.0,1.0,7.0,1.0,2.0,3.0,6.0,0.0,7.0,2.0,1.0,0.0,1.0,2.0,0.0,3.0,1.0,6.0,3.0,1.0,7.0,3.0,0.0,3.0,1.0,2.0,1.0,0.0,6.0,2.0,1.0,0.0,1.0,1.0,0.0,2.0,1.0,1.0,0.0,2.0,11.0,10.0,4.0,3.0,1.0,1.0,2.0,1.0,1.0,0.0,0.0,0.0,1.0,19.0,5.0,0.0,0.0,5.0,1.0,1.0,0.0,1.0,2.0,7.0,5.0,7.0,5.0,3.0,0.0,2.0,3.0,0.0,0.0,8.0,8.0,0.0,1.0,2.0,0.0,9.0,0.0,0.0,12.0,1.0,0.0,7.0,2.0,4.0,2.0,4.0,1.0,8.0,0.0,0.0,0.0,0.0,2.0,2.0,4.0,5.0,1.0,9.0,3.0,1.0,0.0,0.0,1.0,0.0,28.0,1.0,1.0,0.0,0.0,0.0,3.0
75,43681750.0,0.0,17.0,6.0,1.0,4.0,15.0,6.0,2.0,27.0,98.0,7.0,8.0,3.0,1.0,2.0,2.0,1.0,14.0,27.0,16.0,5.0,48.0,10.0,0.0,19.0,2.0,4.0,6.0,1.0,15.0,1.0,1.0,18.0,4.0,19.0,0.0,8.0,2.0,1.0,0.0,5.0,0.0,41.0,28.0,7.0,5.0,1.0,15.0,14.0,3.0,0.0,0.0,8.0,2.0,2.0,12.0,2.0,1.0,2.0,1.0,3.0,0.0,1.0,5.0,1.0,148.0,21.0,48.0,7.0,6.0,12.0,12.0,3.0,8.0,0.0,21.0,5.0,21.0,9.0,1.0,23.0,2.0,0.0,22.0,3.0,1.0,23.0,5.0,7.0,2.0,5.0,18.0,14.0,11.0,4.0,0.0,1.0,27.0,9.0,24.0,36.0,2.0,10.0,5.0,1.0,6.0,0.0,2.0,0.0,26.0,10.0,12.0,0.0,7.0,0.0,24.0
76,450519715.0,0.0,2.0,4.0,0.0,2.0,70.0,15.0,4.0,14.0,15.0,24.0,5.0,1.0,29.0,84.0,7.0,3.0,2.0,5.0,6.0,9.0,62.0,41.0,1.0,91.0,48.0,3.0,1.0,23.0,90.0,14.0,23.0,1.0,0.0,6.0,1.0,35.0,7.0,0.0,8.0,15.0,0.0,23.0,73.0,37.0,1.0,1.0,73.0,6.0,1.0,12.0,0.0,0.0,1.0,2.0,15.0,13.0,46.0,0.0,28.0,11.0,5.0,13.0,17.0,0.0,28.0,15.0,56.0,4.0,0.0,4.0,6.0,13.0,8.0,21.0,0.0,1.0,12.0,24.0,27.0,37.0,0.0,1.0,127.0,9.0,0.0,79.0,102.0,28.0,1.0,59.0,38.0,78.0,43.0,37.0,18.0,20.0,61.0,58.0,91.0,101.0,19.0,4.0,3.0,16.0,57.0,0.0,0.0,4.0,9.0,14.0,29.0,0.0,53.0,0.0,43.0
77,4523161587.0,0.0,0.0,0.0,0.0,1.0,0.0,1.0,0.0,2.0,0.0,0.0,1.0,0.0,0.0,0.0,0.0,0.0,3.0,1.0,0.0,0.0,0.0,0.0,0.0,2.0,0.0,0.0,0.0,0.0,0.0,0.0,0.0,0.0,0.0,1.0,0.0,1.0,0.0,0.0,0.0,1.0,0.0,1.0,0.0,2.0,3.0,1.0,1.0,7.0,0.0,0.0,0.0,0.0,0.0,0.0,0.0,0.0,0.0,0.0,0.0,0.0,0.0,0.0,0.0,0.0,4.0,3.0,3.0,0.0,0.0,0.0,0.0,0.0,0.0,5.0,1.0,0.0,0.0,1.0,0.0,0.0,0.0,0.0,2.0,0.0,1.0,0.0,0.0,5.0,0.0,0.0,0.0,0.0,0.0,3.0,0.0,0.0,2.0,0.0,0.0,0.0,0.0,0.0,1.0,0.0,0.0,0.0,0.0,0.0,2.0,0.0,0.0,0.0,1.0,0.0,0.0
78,4677857995.0,1.0,4.0,6.0,0.0,1.0,5.0,0.0,0.0,12.0,23.0,3.0,8.0,2.0,0.0,0.0,1.0,0.0,3.0,3.0,10.0,3.0,4.0,2.0,0.0,8.0,2.0,0.0,4.0,1.0,6.0,0.0,1.0,4.0,2.0,11.0,0.0,7.0,0.0,1.0,0.0,1.0,0.0,12.0,12.0,0.0,0.0,0.0,7.0,11.0,1.0,0.0,1.0,1.0,0.0,2.0,4.0,0.0,0.0,0.0,0.0,1.0,0.0,1.0,1.0,0.0,17.0,12.0,10.0,1.0,1.0,4.0,7.0,0.0,1.0,21.0,12.0,0.0,0.0,4.0,1.0,1.0,1.0,0.0,13.0,1.0,0.0,13.0,2.0,0.0,0.0,2.0,8.0,4.0,4.0,1.0,0.0,0.0,7.0,4.0,12.0,13.0,4.0,2.0,1.0,0.0,0.0,0.0,1.0,1.0,15.0,3.0,0.0,0.0,4.0,0.0,1.0
79,519278044.0,1.0,1.0,1.0,0.0,1.0,29.0,1.0,3.0,0.0,5.0,9.0,5.0,0.0,6.0,53.0,4.0,2.0,3.0,3.0,1.0,33.0,22.0,13.0,1.0,51.0,34.0,3.0,1.0,18.0,14.0,4.0,6.0,0.0,1.0,2.0,0.0,14.0,3.0,0.0,7.0,13.0,0.0,10.0,32.0,14.0,1.0,0.0,14.0,5.0,0.0,3.0,2.0,0.0,0.0,0.0,7.0,5.0,29.0,0.0,15.0,13.0,11.0,9.0,25.0,0.0,15.0,7.0,24.0,0.0,1.0,0.0,2.0,18.0,2.0,9.0,24.0,1.0,4.0,0.0,8.0,23.0,0.0,0.0,48.0,3.0,1.0,20.0,31.0,18.0,0.0,41.0,10.0,30.0,32.0,44.0,18.0,12.0,54.0,13.0,47.0,57.0,18.0,1.0,3.0,6.0,30.0,0.0,0.0,5.0,10.0,5.0,7.0,4.0,8.0,0.0,41.0
80,521382536.0,0.0,0.0,0.0,0.0,0.0,18.0,0.0,0.0,1.0,2.0,13.0,0.0,0.0,8.0,31.0,1.0,0.0,0.0,0.0,0.0,2.0,18.0,21.0,1.0,27.0,15.0,1.0,1.0,9.0,25.0,9.0,7.0,0.0,2.0,0.0,1.0,7.0,1.0,0.0,0.0,3.0,0.0,3.0,16.0,13.0,0.0,0.0,19.0,1.0,0.0,6.0,1.0,0.0,0.0,0.0,5.0,5.0,19.0,0.0,7.0,3.0,1.0,5.0,3.0,0.0,1.0,0.0,15.0,0.0,1.0,1.0,1.0,3.0,0.0,1.0,27.0,0.0,1.0,8.0,0.0,8.0,0.0,0.0,10.0,5.0,0.0,18.0,33.0,9.0,0.0,21.0,18.0,29.0,15.0,9.0,6.0,6.0,14.0,21.0,23.0,29.0,7.0,1.0,0.0,5.0,11.0,0.0,0.0,3.0,2.0,6.0,7.0,0.0,16.0,0.0,17.0
81,52356199.0,0.0,5.0,1.0,0.0,3.0,54.0,2.0,0.0,1.0,15.0,18.0,0.0,0.0,20.0,59.0,7.0,4.0,0.0,2.0,3.0,12.0,81.0,35.0,0.0,53.0,24.0,6.0,1.0,24.0,47.0,9.0,14.0,0.0,0.0,1.0,0.0,19.0,7.0,0.0,8.0,9.0,0.0,10.0,33.0,30.0,1.0,1.0,28.0,2.0,1.0,7.0,1.0,0.0,1.0,1.0,21.0,7.0,43.0,0.0,18.0,12.0,4.0,20.0,18.0,1.0,15.0,2.0,55.0,4.0,0.0,1.0,5.0,26.0,9.0,23.0,37.0,0.0,1.0,23.0,8.0,0.0,0.0,0.0,35.0,7.0,0.0,42.0,52.0,29.0,1.0,47.0,8.0,53.0,37.0,31.0,13.0,14.0,39.0,29.0,59.0,70.0,19.0,6.0,1.0,12.0,30.0,0.0,0.0,4.0,3.0,22.0,32.0,3.0,20.0,0.0,42.0
82,5353072.0,1.0,0.0,0.0,0.0,0.0,2.0,0.0,0.0,0.0,0.0,1.0,0.0,0.0,0.0,0.0,0.0,0.0,0.0,0.0,0.0,1.0,0.0,0.0,0.0,1.0,0.0,0.0,0.0,0.0,0.0,0.0,0.0,0.0,0.0,1.0,0.0,0.0,0.0,0.0,0.0,0.0,0.0,2.0,0.0,1.0,0.0,0.0,0.0,0.0,0.0,0.0,0.0,0.0,0.0,0.0,1.0,0.0,0.0,0.0,0.0,0.0,0.0,0.0,0.0,0.0,2.0,1.0,1.0,0.0,0.0,0.0,1.0,0.0,0.0,2.0,0.0,0.0,1.0,0.0,0.0,0.0,0.0,0.0,0.0,0.0,0.0,0.0,0.0,0.0,0.0,0.0,0.0,0.0,0.0,0.0,0.0,0.0,0.0,0.0,1.0,1.0,0.0,0.0,0.0,0.0,0.0,0.0,0.0,0.0,1.0,0.0,0.0,0.0,0.0,0.0,0.0
83,554068108.0,0.0,0.0,0.0,0.0,1.0,0.0,0.0,0.0,0.0,2.0,0.0,0.0,0.0,0.0,0.0,0.0,0.0,0.0,0.0,0.0,0.0,0.0,0.0,1.0,0.0,0.0,0.0,0.0,0.0,0.0,0.0,0.0,0.0,0.0,1.0,0.0,1.0,0.0,0.0,0.0,0.0,0.0,3.0,0.0,0.0,0.0,0.0,0.0,1.0,0.0,0.0,0.0,0.0,0.0,0.0,1.0,0.0,0.0,0.0,0.0,0.0,1.0,1.0,3.0,0.0,0.0,0.0,2.0,0.0,1.0,1.0,4.0,0.0,0.0,0.0,1.0,0.0,0.0,0.0,0.0,0.0,0.0,0.0,0.0,1.0,0.0,0.0,1.0,2.0,0.0,1.0,0.0,1.0,1.0,0.0,1.0,0.0,4.0,0.0,0.0,3.0,0.0,0.0,0.0,0.0,0.0,0.0,0.0,0.0,0.0,0.0,0.0,0.0,0.0,0.0,2.0
84,595387432.0,1.0,5.0,3.0,0.0,0.0,77.0,17.0,1.0,17.0,16.0,17.0,6.0,1.0,24.0,84.0,7.0,4.0,4.0,10.0,6.0,22.0,54.0,33.0,2.0,74.0,51.0,8.0,3.0,24.0,61.0,10.0,14.0,2.0,0.0,6.0,1.0,34.0,7.0,0.0,11.0,23.0,0.0,23.0,68.0,32.0,1.0,1.0,47.0,8.0,1.0,5.0,2.0,0.0,1.0,2.0,16.0,8.0,48.0,0.0,26.0,12.0,6.0,20.0,23.0,1.0,26.0,15.0,66.0,3.0,0.0,3.0,5.0,13.0,12.0,22.0,127.0,2.0,13.0,48.0,10.0,35.0,0.0,0.0,0.0,8.0,0.0,109.0,93.0,34.0,1.0,102.0,24.0,71.0,36.0,35.0,17.0,22.0,88.0,50.0,113.0,96.0,28.0,6.0,3.0,12.0,90.0,0.0,0.0,3.0,20.0,11.0,19.0,1.0,30.0,0.0,62.0
85,60541562.0,0.0,2.0,1.0,0.0,0.0,13.0,1.0,0.0,1.0,3.0,5.0,0.0,0.0,3.0,11.0,5.0,1.0,0.0,1.0,2.0,2.0,12.0,10.0,1.0,9.0,5.0,1.0,1.0,3.0,8.0,3.0,4.0,0.0,1.0,0.0,0.0,5.0,2.0,0.0,0.0,4.0,0.0,9.0,7.0,5.0,1.0,1.0,6.0,1.0,2.0,2.0,0.0,0.0,1.0,1.0,7.0,4.0,5.0,0.0,6.0,3.0,0.0,5.0,5.0,0.0,2.0,0.0,12.0,1.0,1.0,0.0,3.0,4.0,1.0,3.0,9.0,0.0,1.0,3.0,5.0,7.0,0.0,1.0,8.0,0.0,0.0,9.0,10.0,7.0,0.0,12.0,3.0,13.0,10.0,6.0,4.0,6.0,6.0,10.0,14.0,13.0,4.0,2.0,0.0,1.0,10.0,0.0,0.0,1.0,2.0,7.0,4.0,0.0,7.0,0.0,8.0
86,608866235.0,1.0,0.0,1.0,0.0,1.0,0.0,1.0,1.0,1.0,0.0,1.0,12.0,0.0,0.0,0.0,0.0,0.0,0.0,0.0,0.0,2.0,0.0,0.0,0.0,3.0,0.0,0.0,0.0,0.0,0.0,0.0,0.0,0.0,0.0,0.0,0.0,1.0,0.0,0.0,0.0,1.0,2.0,3.0,0.0,0.0,0.0,0.0,0.0,3.0,2.0,0.0,0.0,0.0,0.0,7.0,0.0,0.0,0.0,0.0,0.0,0.0,0.0,0.0,0.0,0.0,2.0,0.0,0.0,6.0,0.0,8.0,10.0,0.0,0.0,1.0,0.0,1.0,0.0,1.0,0.0,0.0,0.0,0.0,0.0,0.0,0.0,0.0,0.0,2.0,0.0,0.0,0.0,1.0,0.0,0.0,0.0,0.0,1.0,1.0,0.0,0.0,2.0,1.0,5.0,0.0,0.0,0.0,0.0,1.0,9.0,0.0,0.0,0.0,1.0,0.0,0.0
87,61211437.0,0.0,9.0,4.0,1.0,0.0,95.0,14.0,0.0,10.0,23.0,22.0,7.0,1.0,20.0,65.0,10.0,3.0,1.0,5.0,7.0,17.0,84.0,49.0,1.0,42.0,35.0,5.0,4.0,16.0,44.0,9.0,11.0,2.0,2.0,7.0,0.0,15.0,4.0,0.0,3.0,15.0,0.0,22.0,58.0,29.0,1.0,1.0,46.0,7.0,2.0,8.0,1.0,0.0,1.0,2.0,20.0,8.0,49.0,1.0,22.0,7.0,6.0,33.0,23.0,0.0,22.0,8.0,69.0,4.0,1.0,4.0,6.0,19.0,7.0,23.0,79.0,0.0,13.0,20.0,18.0,42.0,0.0,0.0,109.0,9.0,0.0,0.0,110.0,33.0,0.0,89.0,24.0,56.0,40.0,26.0,6.0,28.0,62.0,54.0,102.0,94.0,19.0,7.0,2.0,10.0,59.0,0.0,0.0,3.0,12.0,17.0,30.0,0.0,35.0,0.0,73.0
88,614694299.0,0.0,2.0,1.0,0.0,0.0,173.0,1.0,0.0,1.0,6.0,27.0,1.0,0.0,43.0,127.0,12.0,1.0,0.0,2.0,1.0,35.0,129.0,71.0,1.0,114.0,69.0,9.0,1.0,33.0,96.0,23.0,34.0,0.0,2.0,1.0,2.0,33.0,13.0,0.0,13.0,17.0,0.0,13.0,89.0,73.0,1.0,1.0,89.0,2.0,1.0,11.0,1.0,0.0,1.0,1.0,24.0,11.0,107.0,0.0,29.0,19.0,8.0,46.0,56.0,0.0,4.0,0.0,94.0,1.0,1.0,1.0,2.0,48.0,2.0,5.0,102.0,0.0,2.0,31.0,33.0,52.0,0.0,1.0,93.0,10.0,0.0,110.0,0.0,50.0,0.0,141.0,46.0,104.0,67.0,57.0,31.0,47.0,92.0,82.0,138.0,207.0,37.0,4.0,1.0,17.0,85.0,0.0,0.0,9.0,4.0,34.0,45.0,1.0,48.0,0.0,158.0
89,61673414.0,0.0,1.0,1.0,0.0,4.0,63.0,1.0,0.0,3.0,6.0,6.0,1.0,0.0,20.0,46.0,9.0,1.0,2.0,1.0,1.0,16.0,44.0,24.0,1.0,37.0,27.0,7.0,1.0,12.0,25.0,9.0,11.0,0.0,2.0,0.0,1.0,16.0,8.0,0.0,3.0,10.0,0.0,11.0,29.0,35.0,1.0,1.0,20.0,5.0,1.0,2.0,1.0,0.0,1.0,1.0,15.0,5.0,34.0,0.0,20.0,14.0,6.0,27.0,29.0,0.0,4.0,0.0,47.0,1.0,0.0,0.0,4.0,23.0,4.0,7.0,28.0,5.0,0.0,18.0,9.0,29.0,0.0,2.0,34.0,7.0,2.0,33.0,50.0,0.0,0.0,46.0,13.0,34.0,41.0,25.0,14.0,25.0,49.0,31.0,53.0,70.0,10.0,3.0,0.0,3.0,28.0,0.0,1.0,2.0,4.0,13.0,22.0,1.0,21.0,0.0,48.0
90,61927602.0,0.0,1.0,0.0,0.0,0.0,0.0,0.0,3.0,0.0,0.0,0.0,0.0,0.0,0.0,0.0,0.0,0.0,0.0,0.0,0.0,1.0,0.0,0.0,0.0,0.0,0.0,0.0,0.0,0.0,0.0,0.0,0.0,0.0,0.0,0.0,0.0,0.0,0.0,0.0,0.0,0.0,0.0,0.0,1.0,0.0,0.0,0.0,0.0,1.0,0.0,0.0,0.0,0.0,0.0,6.0,0.0,0.0,0.0,1.0,0.0,0.0,0.0,0.0,0.0,0.0,0.0,0.0,0.0,0.0,0.0,0.0,0.0,0.0,2.0,2.0,1.0,0.0,0.0,0.0,0.0,1.0,0.0,0.0,1.0,0.0,0.0,0.0,0.0,0.0,0.0,0.0,0.0,0.0,0.0,0.0,0.0,0.0,0.0,0.0,0.0,0.0,0.0,3.0,0.0,0.0,0.0,0.0,0.0,0.0,16.0,0.0,0.0,0.0,0.0,0.0,0.0
91,622540432.0,1.0,5.0,1.0,1.0,0.0,124.0,1.0,0.0,1.0,5.0,16.0,1.0,0.0,40.0,118.0,15.0,1.0,0.0,3.0,2.0,26.0,73.0,53.0,1.0,89.0,38.0,11.0,1.0,28.0,62.0,11.0,25.0,0.0,1.0,0.0,10.0,39.0,20.0,0.0,9.0,15.0,0.0,15.0,51.0,66.0,1.0,1.0,51.0,0.0,2.0,6.0,1.0,0.0,1.0,1.0,15.0,9.0,74.0,1.0,29.0,21.0,4.0,39.0,54.0,0.0,8.0,0.0,87.0,3.0,0.0,1.0,3.0,48.0,4.0,5.0,59.0,0.0,2.0,41.0,21.0,47.0,0.0,1.0,102.0,12.0,0.0,89.0,141.0,46.0,0.0,0.0,19.0,73.0,87.0,57.0,53.0,33.0,77.0,72.0,109.0,192.0,23.0,3.0,2.0,10.0,73.0,0.0,0.0,10.0,2.0,37.0,35.0,0.0,35.0,0.0,94.0
92,62972086.0,0.0,1.0,1.0,0.0,0.0,35.0,1.0,0.0,16.0,12.0,12.0,5.0,1.0,8.0,38.0,3.0,1.0,2.0,3.0,3.0,5.0,20.0,14.0,1.0,37.0,40.0,0.0,2.0,5.0,22.0,19.0,6.0,1.0,2.0,5.0,0.0,11.0,2.0,1.0,1.0,6.0,0.0,12.0,20.0,18.0,0.0,0.0,31.0,5.0,0.0,2.0,1.0,0.0,0.0,1.0,7.0,7.0,40.0,0.0,10.0,3.0,6.0,7.0,6.0,0.0,18.0,12.0,15.0,2.0,0.0,4.0,1.0,7.0,1.0,18.0,38.0,0.0,8.0,10.0,18.0,8.0,0.0,0.0,24.0,3.0,0.0,24.0,46.0,13.0,0.0,19.0,0.0,35.0,21.0,13.0,11.0,5.0,27.0,26.0,32.0,60.0,10.0,3.0,2.0,2.0,5.0,0.0,0.0,1.0,8.0,15.0,12.0,1.0,16.0,0.0,19.0
93,63069724.0,0.0,3.0,3.0,1.0,4.0,71.0,3.0,0.0,2.0,11.0,30.0,0.0,0.0,27.0,98.0,7.0,4.0,1.0,9.0,1.0,18.0,74.0,56.0,1.0,79.0,44.0,7.0,1.0,23.0,88.0,21.0,23.0,0.0,2.0,1.0,1.0,16.0,10.0,0.0,8.0,13.0,0.0,21.0,49.0,46.0,2.0,1.0,55.0,4.0,2.0,10.0,0.0,0.0,1.0,1.0,21.0,8.0,56.0,1.0,23.0,11.0,7.0,23.0,22.0,1.0,18.0,4.0,62.0,4.0,0.0,2.0,4.0,26.0,8.0,14.0,78.0,0.0,4.0,30.0,29.0,53.0,0.0,1.0,71.0,13.0,1.0,56.0,104.0,34.0,0.0,73.0,35.0,0.0,50.0,44.0,29.0,17.0,56.0,55.0,88.0,106.0,40.0,4.0,5.0,11.0,41.0,0.0,0.0,6.0,9.0,29.0,36.0,1.0,36.0,0.0,54.0
94,63789515.0,0.0,4.0,1.0,0.0,1.0,108.0,0.0,0.0,3.0,6.0,8.0,0.0,1.0,25.0,67.0,12.0,0.0,1.0,1.0,3.0,18.0,54.0,34.0,1.0,55.0,30.0,4.0,4.0,23.0,37.0,12.0,18.0,2.0,1.0,2.0,5.0,28.0,17.0,1.0,4.0,14.0,0.0,26.0,40.0,45.0,0.0,0.0,29.0,0.0,1.0,4.0,1.0,0.0,0.0,1.0,16.0,5.0,36.0,0.0,39.0,18.0,5.0,28.0,28.0,0.0,8.0,2.0,47.0,0.0,0.0,3.0,3.0,26.0,0.0,11.0,43.0,0.0,4.0,32.0,15.0,37.0,0.0,1.0,36.0,10.0,0.0,40.0,67.0,41.0,0.0,87.0,21.0,50.0,0.0,51.0,34.0,18.0,53.0,43.0,68.0,122.0,14.0,3.0,0.0,7.0,25.0,0.0,0.0,11.0,4.0,16.0,28.0,0.0,37.0,0.0,57.0
95,64694303.0,0.0,0.0,0.0,0.0,2.0,47.0,1.0,0.0,1.0,2.0,11.0,1.0,0.0,19.0,59.0,7.0,0.0,0.0,0.0,0.0,21.0,39.0,24.0,1.0,62.0,39.0,3.0,0.0,22.0,41.0,9.0,14.0,0.0,0.0,0.0,0.0,30.0,6.0,0.0,8.0,12.0,0.0,12.0,37.0,31.0,0.0,0.0,28.0,3.0,0.0,5.0,0.0,0.0,0.0,0.0,15.0,6.0,40.0,0.0,23.0,12.0,6.0,16.0,25.0,0.0,3.0,1.0,28.0,4.0,0.0,1.0,2.0,26.0,0.0,4.0,37.0,3.0,1.0,44.0,9.0,31.0,0.0,0.0,35.0,6.0,0.0,26.0,57.0,25.0,0.0,57.0,13.0,44.0,51.0,0.0,27.0,13.0,46.0,31.0,53.0,75.0,15.0,1.0,1.0,9.0,29.0,0.0,0.0,8.0,1.0,13.0,19.0,3.0,20.0,0.0,51.0
96,66270410.0,0.0,0.0,0.0,0.0,0.0,28.0,0.0,0.0,0.0,0.0,2.0,0.0,0.0,12.0,40.0,6.0,0.0,0.0,0.0,0.0,9.0,10.0,14.0,0.0,47.0,13.0,2.0,0.0,9.0,14.0,7.0,8.0,0.0,0.0,0.0,3.0,18.0,13.0,0.0,12.0,7.0,0.0,2.0,9.0,31.0,0.0,0.0,6.0,0.0,0.0,0.0,2.0,0.0,0.0,0.0,4.0,2.0,17.0,0.0,9.0,10.0,1.0,8.0,17.0,0.0,0.0,0.0,7.0,0.0,0.0,0.0,0.0,15.0,0.0,0.0,18.0,0.0,0.0,18.0,6.0,13.0,0.0,1.0,17.0,4.0,0.0,6.0,31.0,14.0,0.0,53.0,11.0,29.0,34.0,27.0,0.0,4.0,20.0,15.0,23.0,53.0,4.0,0.0,0.0,1.0,8.0,1.0,0.0,2.0,0.0,9.0,8.0,0.0,9.0,0.0,19.0
97,68431771.0,0.0,0.0,0.0,1.0,0.0,45.0,0.0,0.0,1.0,0.0,7.0,0.0,0.0,4.0,31.0,3.0,0.0,0.0,1.0,0.0,20.0,34.0,14.0,1.0,20.0,23.0,1.0,0.0,4.0,12.0,1.0,7.0,0.0,0.0,0.0,0.0,10.0,0.0,0.0,2.0,6.0,0.0,3.0,21.0,32.0,0.0,0.0,21.0,0.0,0.0,2.0,0.0,0.0,0.0,0.0,10.0,4.0,23.0,1.0,7.0,1.0,2.0,26.0,28.0,0.0,0.0,0.0,46.0,1.0,0.0,0.0,0.0,18.0,0.0,1.0,20.0,0.0,0.0,12.0,6.0,14.0,0.0,0.0,22.0,6.0,0.0,28.0,47.0,25.0,0.0,33.0,5.0,17.0,18.0,13.0,4.0,0.0,25.0,16.0,38.0,51.0,3.0,0.0,0.0,2.0,28.0,0.0,0.0,0.0,0.0,7.0,10.0,0.0,11.0,0.0,66.0
98,70914180.0,2.0,1.0,0.0,0.0,0.0,97.0,1.0,6.0,9.0,17.0,13.0,5.0,0.0,19.0,94.0,6.0,3.0,2.0,5.0,1.0,45.0,90.0,34.0,1.0,75.0,65.0,4.0,0.0,26.0,33.0,7.0,19.0,1.0,2.0,5.0,0.0,30.0,7.0,1.0,13.0,26.0,0.0,14.0,66.0,38.0,3.0,0.0,45.0,8.0,0.0,3.0,3.0,0.0,0.0,0.0,20.0,6.0,69.0,0.0,28.0,15.0,11.0,31.0,39.0,1.0,32.0,15.0,67.0,3.0,3.0,3.0,4.0,30.0,2.0,27.0,61.0,2.0,7.0,54.0,14.0,39.0,0.0,4.0,88.0,6.0,1.0,62.0,92.0,49.0,0.0,77.0,27.0,56.0,53.0,46.0,20.0,25.0,0.0,34.0,108.0,129.0,25.0,2.0,3.0,6.0,61.0,0.0,0.0,7.0,13.0,20.0,34.0,2.0,29.0,0.0,97.0
99,72161620.0,0.0,3.0,1.0,0.0,0.0,85.0,1.0,1.0,4.0,9.0,21.0,2.0,0.0,26.0,56.0,12.0,1.0,2.0,2.0,2.0,7.0,68.0,54.0,1.0,52.0,34.0,5.0,3.0,14.0,59.0,14.0,17.0,1.0,2.0,2.0,4.0,21.0,10.0,0.0,3.0,10.0,0.0,19.0,54.0,36.0,1.0,1.0,53.0,1.0,1.0,8.0,0.0,0.0,1.0,1.0,16.0,9.0,48.0,1.0,19.0,12.0,1.0,21.0,20.0,0.0,9.0,2.0,52.0,2.0,1.0,3.0,3.0,17.0,2.0,9.0,58.0,0.0,4.0,13.0,21.0,29.0,0.0,0.0,50.0,10.0,1.0,54.0,82.0,31.0,0.0,72.0,26.0,55.0,43.0,31.0,15.0,16.0,34.0,0.0,63.0,106.0,18.0,5.0,2.0,9.0,40.0,0.0,0.0,9.0,4.0,33.0,28.0,0.0,40.0,0.0,56.0
100,72315090.0,0.0,10.0,5.0,1.0,1.0,121.0,1.0,0.0,11.0,22.0,25.0,8.0,1.0,33.0,108.0,10.0,1.0,0.0,2.0,8.0,31.0,122.0,55.0,1.0,100.0,71.0,10.0,4.0,27.0,77.0,21.0,20.0,1.0,2.0,5.0,1.0,29.0,12.0,0.0,10.0,16.0,0.0,20.0,78.0,48.0,1.0,1.0,71.0,5.0,2.0,10.0,2.0,0.0,1.0,3.0,23.0,12.0,92.0,1.0,35.0,21.0,11.0,44.0,40.0,0.0,30.0,12.0,87.0,5.0,1.0,3.0,8.0,34.0,4.0,24.0,91.0,0.0,12.0,47.0,23.0,59.0,1.0,0.0,113.0,14.0,0.0,102.0,138.0,53.0,0.0,109.0,32.0,88.0,68.0,53.0,23.0,38.0,108.0,63.0,0.0,153.0,23.0,7.0,2.0,13.0,87.0,0.0,0.0,8.0,9.0,27.0,42.0,0.0,47.0,0.0,93.0
101,72480943.0,0.0,4.0,1.0,2.0,2.0,226.0,1.0,0.0,14.0,26.0,24.0,7.0,0.0,44.0,157.0,18.0,1.0,2.0,4.0,7.0,51.0,171.0,81.0,1.0,135.0,82.0,12.0,2.0,30.0,98.0,30.0,37.0,1.0,2.0,7.0,8.0,58.0,26.0,1.0,14.0,24.0,0.0,31.0,92.0,100.0,2.0,1.0,90.0,3.0,2.0,7.0,2.0,0.0,1.0,1.0,28.0,11.0,125.0,1.0,47.0,28.0,14.0,77.0,71.0,1.0,36.0,8.0,108.0,8.0,1.0,5.0,5.0,57.0,5.0,36.0,101.0,0.0,13.0,57.0,29.0,70.0,1.0,3.0,96.0,13.0,0.0,94.0,207.0,70.0,0.0,192.0,60.0,106.0,122.0,75.0,53.0,51.0,129.0,106.0,153.0,0.0,28.0,7.0,2.0,12.0,66.0,0.0,0.0,14.0,9.0,57.0,62.0,1.0,54.0,0.0,171.0
102,7.361332612487291e+17,1.0,0.0,1.0,0.0,0.0,20.0,1.0,3.0,0.0,2.0,11.0,0.0,0.0,7.0,60.0,2.0,1.0,1.0,4.0,0.0,8.0,27.0,20.0,1.0,17.0,8.0,2.0,0.0,12.0,21.0,3.0,7.0,0.0,0.0,0.0,1.0,6.0,5.0,0.0,6.0,8.0,0.0,6.0,15.0,13.0,0.0,0.0,13.0,5.0,0.0,7.0,0.0,0.0,0.0,0.0,5.0,5.0,19.0,0.0,14.0,4.0,1.0,7.0,8.0,0.0,3.0,8.0,13.0,0.0,0.0,0.0,2.0,9.0,1.0,2.0,19.0,0.0,4.0,18.0,7.0,19.0,0.0,0.0,28.0,4.0,2.0,19.0,37.0,10.0,0.0,23.0,10.0,40.0,14.0,15.0,4.0,3.0,25.0,18.0,23.0,28.0,0.0,2.0,2.0,8.0,14.0,0.0,0.0,7.0,6.0,17.0,9.0,2.0,12.0,0.0,18.0
103,76026916.0,4.0,4.0,2.0,3.0,1.0,4.0,1.0,5.0,7.0,8.0,3.0,0.0,1.0,1.0,2.0,0.0,1.0,1.0,4.0,3.0,1.0,8.0,4.0,0.0,4.0,1.0,1.0,3.0,0.0,5.0,1.0,1.0,1.0,1.0,2.0,0.0,1.0,2.0,1.0,0.0,4.0,2.0,13.0,4.0,3.0,1.0,1.0,0.0,1.0,1.0,0.0,0.0,0.0,1.0,15.0,2.0,0.0,0.0,2.0,0.0,2.0,0.0,0.0,1.0,0.0,11.0,4.0,9.0,2.0,1.0,2.0,4.0,0.0,9.0,10.0,4.0,0.0,2.0,1.0,1.0,6.0,0.0,0.0,6.0,2.0,1.0,7.0,4.0,3.0,3.0,3.0,3.0,4.0,3.0,1.0,0.0,0.0,2.0,5.0,7.0,7.0,2.0,0.0,1.0,1.0,3.0,0.0,1.0,0.0,26.0,2.0,0.0,0.0,2.0,0.0,4.0
104,77187387.0,0.0,4.0,1.0,0.0,3.0,2.0,1.0,2.0,1.0,1.0,1.0,21.0,0.0,1.0,0.0,0.0,1.0,0.0,1.0,1.0,0.0,1.0,0.0,0.0,2.0,2.0,0.0,0.0,0.0,2.0,0.0,0.0,0.0,0.0,2.0,0.0,1.0,0.0,0.0,0.0,1.0,0.0,4.0,1.0,0.0,3.0,1.0,1.0,3.0,1.0,0.0,0.0,0.0,0.0,2.0,2.0,0.0,0.0,0.0,0.0,2.0,0.0,0.0,0.0,0.0,6.0,5.0,2.0,13.0,0.0,10.0,11.0,0.0,3.0,5.0,3.0,1.0,1.0,3.0,0.0,1.0,0.0,0.0,3.0,0.0,5.0,2.0,1.0,0.0,0.0,2.0,2.0,5.0,0.0,1.0,0.0,0.0,3.0,2.0,2.0,2.0,2.0,1.0,0.0,0.0,2.0,0.0,0.0,0.0,8.0,0.0,1.0,0.0,1.0,0.0,2.0
105,772051465.0,0.0,0.0,0.0,0.0,0.0,12.0,0.0,0.0,0.0,1.0,7.0,0.0,0.0,7.0,13.0,0.0,0.0,0.0,1.0,0.0,0.0,13.0,10.0,1.0,14.0,4.0,1.0,0.0,6.0,14.0,1.0,2.0,0.0,0.0,0.0,0.0,5.0,0.0,0.0,2.0,2.0,0.0,2.0,13.0,4.0,0.0,0.0,11.0,0.0,0.0,7.0,0.0,0.0,0.0,0.0,5.0,3.0,7.0,0.0,5.0,2.0,0.0,3.0,1.0,0.0,0.0,0.0,11.0,0.0,0.0,0.0,0.0,3.0,1.0,1.0,16.0,0.0,0.0,6.0,5.0,12.0,0.0,0.0,12.0,1.0,0.0,10.0,17.0,3.0,0.0,10.0,2.0,11.0,7.0,9.0,1.0,2.0,6.0,9.0,13.0,12.0,8.0,1.0,0.0,0.0,11.0,0.0,0.0,1.0,0.0,4.0,8.0,0.0,7.0,0.0,11.0
106,77435960.0,0.0,1.0,0.0,1.0,1.0,67.0,1.0,0.0,1.0,5.0,17.0,0.0,0.0,13.0,60.0,5.0,0.0,0.0,1.0,0.0,9.0,58.0,36.0,1.0,53.0,35.0,2.0,1.0,17.0,47.0,6.0,11.0,0.0,1.0,0.0,0.0,22.0,1.0,0.0,5.0,10.0,0.0,7.0,56.0,15.0,0.0,0.0,36.0,0.0,0.0,7.0,0.0,0.0,0.0,0.0,14.0,7.0,44.0,1.0,9.0,8.0,8.0,26.0,13.0,0.0,5.0,0.0,74.0,2.0,0.0,0.0,2.0,22.0,0.0,6.0,57.0,0.0,0.0,30.0,11.0,30.0,0.0,0.0,90.0,10.0,0.0,59.0,85.0,28.0,0.0,73.0,5.0,41.0,25.0,29.0,8.0,28.0,61.0,40.0,87.0,66.0,14.0,3.0,2.0,11.0,0.0,0.0,0.0,0.0,1.0,9.0,15.0,0.0,28.0,0.0,62.0
107,7.769584515828408e+17,0.0,0.0,0.0,0.0,0.0,0.0,0.0,0.0,0.0,0.0,0.0,0.0,0.0,0.0,0.0,0.0,0.0,0.0,0.0,0.0,0.0,0.0,0.0,0.0,0.0,0.0,0.0,0.0,0.0,0.0,0.0,0.0,0.0,0.0,0.0,0.0,0.0,0.0,0.0,0.0,0.0,0.0,1.0,0.0,0.0,0.0,0.0,0.0,0.0,0.0,0.0,0.0,0.0,0.0,0.0,0.0,0.0,0.0,0.0,0.0,0.0,0.0,0.0,0.0,0.0,0.0,0.0,0.0,0.0,0.0,0.0,0.0,0.0,0.0,0.0,0.0,0.0,0.0,0.0,0.0,0.0,0.0,0.0,0.0,0.0,0.0,0.0,0.0,0.0,0.0,0.0,0.0,0.0,0.0,0.0,1.0,0.0,0.0,0.0,0.0,0.0,0.0,0.0,0.0,0.0,0.0,0.0,0.0,0.0,0.0,0.0,0.0,0.0,0.0,0.0,0.0
108,79382630.0,0.0,0.0,2.0,0.0,0.0,0.0,0.0,0.0,0.0,5.0,0.0,0.0,2.0,0.0,0.0,0.0,0.0,1.0,4.0,0.0,0.0,1.0,0.0,0.0,0.0,0.0,0.0,0.0,0.0,0.0,0.0,0.0,3.0,3.0,2.0,0.0,0.0,0.0,0.0,0.0,0.0,0.0,1.0,0.0,0.0,0.0,0.0,0.0,0.0,0.0,0.0,0.0,2.0,0.0,0.0,0.0,0.0,0.0,0.0,0.0,0.0,0.0,0.0,0.0,0.0,5.0,0.0,1.0,0.0,0.0,0.0,0.0,0.0,1.0,2.0,0.0,0.0,1.0,0.0,0.0,0.0,0.0,0.0,0.0,0.0,0.0,0.0,0.0,1.0,0.0,0.0,0.0,0.0,0.0,0.0,0.0,0.0,0.0,0.0,0.0,0.0,0.0,1.0,0.0,0.0,0.0,0.0,0.0,0.0,0.0,0.0,0.0,0.0,0.0,0.0,0.0
109,80874374.0,0.0,0.0,0.0,0.0,0.0,8.0,0.0,0.0,0.0,1.0,1.0,0.0,0.0,3.0,11.0,0.0,0.0,0.0,0.0,0.0,4.0,6.0,7.0,0.0,8.0,0.0,0.0,0.0,6.0,5.0,2.0,1.0,0.0,1.0,0.0,0.0,1.0,8.0,0.0,2.0,2.0,0.0,3.0,4.0,5.0,0.0,0.0,4.0,1.0,0.0,1.0,0.0,0.0,0.0,0.0,2.0,1.0,5.0,0.0,9.0,2.0,0.0,1.0,4.0,0.0,1.0,0.0,3.0,0.0,1.0,1.0,1.0,4.0,0.0,0.0,4.0,0.0,1.0,5.0,3.0,4.0,0.0,0.0,3.0,1.0,1.0,3.0,9.0,2.0,0.0,10.0,1.0,6.0,11.0,8.0,2.0,0.0,7.0,9.0,8.0,14.0,7.0,0.0,0.0,1.0,0.0,0.0,0.0,0.0,1.0,6.0,1.0,0.0,5.0,0.0,6.0
110,82943260.0,12.0,8.0,5.0,14.0,2.0,6.0,2.0,43.0,12.0,23.0,5.0,9.0,1.0,1.0,2.0,0.0,2.0,5.0,5.0,9.0,7.0,3.0,5.0,0.0,10.0,1.0,0.0,5.0,1.0,3.0,2.0,1.0,3.0,2.0,7.0,0.0,5.0,2.0,1.0,0.0,4.0,34.0,15.0,10.0,1.0,1.0,1.0,2.0,20.0,2.0,0.0,1.0,0.0,1.0,124.0,5.0,0.0,0.0,9.0,0.0,2.0,0.0,0.0,1.0,14.0,23.0,11.0,11.0,10.0,1.0,9.0,11.0,0.0,28.0,26.0,9.0,2.0,15.0,10.0,2.0,3.0,1.0,0.0,20.0,2.0,9.0,12.0,4.0,4.0,16.0,2.0,8.0,9.0,4.0,1.0,0.0,0.0,13.0,4.0,9.0,9.0,6.0,26.0,8.0,0.0,1.0,0.0,0.0,1.0,0.0,4.0,1.0,0.0,3.0,0.0,5.0
111,84209996.0,0.0,2.0,1.0,1.0,0.0,43.0,1.0,0.0,3.0,7.0,9.0,1.0,0.0,10.0,36.0,5.0,1.0,0.0,2.0,2.0,11.0,48.0,32.0,0.0,25.0,13.0,4.0,1.0,11.0,24.0,8.0,5.0,0.0,2.0,1.0,1.0,5.0,7.0,0.0,4.0,4.0,0.0,6.0,12.0,19.0,1.0,1.0,22.0,2.0,2.0,3.0,0.0,0.0,1.0,1.0,6.0,5.0,25.0,1.0,6.0,6.0,2.0,16.0,17.0,0.0,9.0,2.0,21.0,3.0,1.0,2.0,4.0,13.0,1.0,10.0,14.0,0.0,3.0,5.0,6.0,22.0,0.0,0.0,11.0,7.0,0.0,17.0,34.0,13.0,0.0,37.0,15.0,29.0,16.0,13.0,9.0,7.0,20.0,33.0,27.0,57.0,17.0,2.0,0.0,4.0,9.0,0.0,0.0,6.0,4.0,0.0,19.0,0.0,8.0,0.0,34.0
112,85580306.0,0.0,1.0,0.0,0.0,0.0,50.0,0.0,1.0,2.0,6.0,9.0,0.0,0.0,19.0,47.0,8.0,0.0,0.0,0.0,0.0,14.0,74.0,28.0,0.0,36.0,19.0,9.0,0.0,10.0,29.0,5.0,8.0,0.0,0.0,1.0,0.0,13.0,4.0,0.0,5.0,6.0,0.0,4.0,24.0,20.0,0.0,0.0,25.0,0.0,0.0,5.0,0.0,0.0,0.0,0.0,9.0,8.0,39.0,0.0,12.0,7.0,3.0,23.0,19.0,0.0,8.0,0.0,33.0,0.0,2.0,0.0,1.0,23.0,1.0,12.0,29.0,0.0,0.0,7.0,7.0,32.0,0.0,0.0,19.0,4.0,0.0,30.0,45.0,22.0,0.0,35.0,12.0,36.0,28.0,19.0,8.0,10.0,34.0,28.0,42.0,62.0,9.0,0.0,1.0,8.0,15.0,0.0,0.0,1.0,1.0,19.0,0.0,1.0,15.0,0.0,42.0
113,92024686.0,0.0,0.0,0.0,0.0,0.0,1.0,0.0,0.0,0.0,0.0,0.0,0.0,0.0,0.0,1.0,0.0,0.0,0.0,0.0,0.0,1.0,1.0,0.0,0.0,3.0,2.0,0.0,0.0,3.0,0.0,0.0,0.0,0.0,0.0,0.0,0.0,1.0,0.0,0.0,0.0,0.0,0.0,9.0,0.0,1.0,0.0,0.0,0.0,0.0,0.0,0.0,0.0,0.0,0.0,0.0,0.0,0.0,1.0,0.0,0.0,0.0,0.0,0.0,1.0,0.0,0.0,0.0,0.0,0.0,0.0,0.0,0.0,1.0,0.0,0.0,0.0,0.0,0.0,4.0,0.0,3.0,0.0,0.0,1.0,0.0,0.0,0.0,1.0,1.0,0.0,0.0,1.0,1.0,0.0,3.0,0.0,0.0,2.0,0.0,0.0,1.0,2.0,0.0,0.0,0.0,0.0,0.0,0.0,0.0,0.0,0.0,1.0,0.0,0.0,0.0,0.0
114,95133471.0,0.0,2.0,1.0,0.0,1.0,40.0,0.0,0.0,6.0,4.0,13.0,3.0,1.0,16.0,38.0,7.0,0.0,0.0,0.0,1.0,6.0,39.0,23.0,1.0,44.0,22.0,1.0,1.0,12.0,38.0,9.0,14.0,1.0,0.0,4.0,1.0,17.0,6.0,0.0,3.0,6.0,0.0,11.0,33.0,25.0,0.0,0.0,34.0,2.0,0.0,8.0,0.0,0.0,0.0,1.0,13.0,8.0,28.0,0.0,12.0,9.0,1.0,9.0,11.0,0.0,5.0,4.0,22.0,2.0,0.0,2.0,2.0,10.0,0.0,7.0,53.0,1.0,4.0,8.0,16.0,20.0,0.0,0.0,30.0,7.0,1.0,35.0,48.0,21.0,0.0,35.0,16.0,36.0,37.0,20.0,9.0,11.0,29.0,40.0,47.0,54.0,12.0,2.0,1.0,7.0,28.0,0.0,0.0,5.0,3.0,8.0,15.0,0.0,0.0,0.0,28.0
115,95623358.0,0.0,0.0,0.0,0.0,0.0,0.0,0.0,0.0,0.0,0.0,0.0,0.0,0.0,0.0,0.0,0.0,0.0,0.0,0.0,0.0,0.0,0.0,0.0,0.0,0.0,0.0,0.0,0.0,0.0,0.0,0.0,0.0,0.0,0.0,0.0,0.0,0.0,0.0,0.0,0.0,0.0,0.0,0.0,0.0,0.0,0.0,0.0,0.0,0.0,0.0,0.0,0.0,0.0,0.0,0.0,0.0,0.0,0.0,0.0,0.0,0.0,0.0,0.0,0.0,0.0,1.0,0.0,0.0,0.0,0.0,0.0,0.0,0.0,0.0,0.0,0.0,0.0,0.0,0.0,0.0,0.0,0.0,0.0,0.0,0.0,0.0,0.0,0.0,0.0,0.0,0.0,0.0,0.0,0.0,0.0,0.0,0.0,0.0,0.0,0.0,0.0,0.0,0.0,0.0,0.0,0.0,0.0,0.0,0.0,0.0,0.0,0.0,0.0,0.0,0.0,0.0
116,9595722.0,0.0,1.0,1.0,0.0,1.0,383.0,1.0,1.0,5.0,12.0,12.0,4.0,0.0,21.0,89.0,6.0,1.0,4.0,2.0,2.0,58.0,161.0,70.0,1.0,67.0,69.0,10.0,0.0,18.0,42.0,8.0,14.0,0.0,1.0,3.0,1.0,28.0,5.0,0.0,15.0,17.0,0.0,14.0,59.0,83.0,1.0,1.0,35.0,1.0,1.0,5.0,0.0,0.0,1.0,1.0,22.0,10.0,90.0,0.0,28.0,14.0,11.0,88.0,72.0,1.0,34.0,3.0,121.0,4.0,0.0,1.0,2.0,46.0,3.0,24.0,43.0,0.0,1.0,41.0,17.0,42.0,0.0,2.0,62.0,8.0,0.0,73.0,158.0,48.0,0.0,94.0,19.0,54.0,57.0,51.0,19.0,66.0,97.0,56.0,93.0,171.0,18.0,4.0,2.0,11.0,62.0,0.0,0.0,6.0,5.0,34.0,42.0,0.0,28.0,0.0,0.0
