,0,1,2,3,4,5,6,7,8,9,10,11,12,13,14,15,16,17,18,19,20,21,22,23,24,25,26,27,28,29,30,31,32,33,34,35,36,37,38,39,40,41,42,43,44,45,46,47,48,49,50,51,52,53,54,55,56,57,58,59,60,61,62,63,64,65,66,67,68,69,70,71,72,73,74,75,76,77,78,79,80,81,82,83,84,85,86,87,88,89,90,91,92,93,94,95,96,97,98,99,100,101,102,103,104,105,106,107,108,109,110,111,112,113,114,115,116,117,118,119,120,121,122,123,124,125,126,127,128
0,-1.0,101274242.0,101714446.0,102478857.0,105452353.0,108950604.0,109490750.0,111503188.0,112416205.0,1169713441.0,123471844.0,124205413.0,126575669.0,132336370.0,1435448460.0,1483726225.0,15379745.0,154113474.0,15719715.0,161073837.0,162507258.0,1640220374.0,170290373.0,17647281.0,17857427.0,18177920.0,183466614.0,187920956.0,190702011.0,191488285.0,19240962.0,19510901.0,197775435.0,20088606.0,204757427.0,21109466.0,212246121.0,215795742.0,216206181.0,22804260.0,22987203.0,233174284.0,23444563.0,2373363552.0,242341877.0,2593645240.0,2709200314.0,272295079.0,2723280013.0,27873849.0,27934573.0,28301925.0,28470296.0,28531872.0,289781808.0,292285721.0,297118386.0,3002845425.0,30210959.0,30486435.0,30591667.0,306729753.0,3102600800.0,3155484370.0,3218327082.0,33204999.0,332713490.0,346117908.0,348267990.0,358546924.0,37713751.0,377341937.0,3925244724.0,392628927.0,39707835.0,4099886599.0,41850450.0,4256951475.0,429357190.0,4518631756.0,4564475574.0,462846504.0,46317443.0,463810225.0,46643039.0,469391870.0,52225379.0,540158046.0,563618228.0,569284092.0,570086436.0,58812687.0,59507319.0,60094886.0,60925921.0,61500220.0,62726390.0,62929266.0,63184813.0,69045175.0,70063655.0,7.062552115143434e+17,71176568.0,7.516272502698762e+17,75359064.0,75495372.0,759256634.0,7.622865936253829e+17,8.103921454420419e+17,812938015.0,8.192183391761203e+17,82855474.0,84783906.0,85764911.0,859388982.0,864114421.0,890515868.0,90222516.0,905605520.0,916272523.0,9.187299620681769e+17,9.204870061400965e+17,92251040.0,92964808.0,93031355.0,941331380.0,95645017.0,962561856.0,978256268.0
1,101274242.0,0.0,87.0,2.0,4.0,4.0,7.0,27.0,9.0,2.0,2.0,2.0,10.0,0.0,0.0,22.0,17.0,1.0,4.0,15.0,0.0,0.0,6.0,5.0,0.0,13.0,3.0,1.0,1.0,1.0,4.0,21.0,3.0,7.0,9.0,4.0,4.0,9.0,4.0,7.0,105.0,0.0,15.0,0.0,6.0,4.0,3.0,3.0,0.0,8.0,6.0,9.0,4.0,1.0,33.0,17.0,19.0,19.0,0.0,6.0,34.0,1.0,1.0,0.0,0.0,4.0,1.0,25.0,11.0,0.0,15.0,56.0,2.0,5.0,3.0,0.0,5.0,12.0,0.0,1.0,1.0,5.0,3.0,12.0,13.0,3.0,3.0,5.0,3.0,0.0,0.0,28.0,11.0,0.0,0.0,7.0,9.0,2.0,30.0,0.0,4.0,0.0,1.0,0.0,11.0,10.0,9.0,1.0,2.0,0.0,0.0,2.0,2.0,15.0,5.0,4.0,1.0,9.0,2.0,0.0,0.0,24.0,12.0,14.0,11.0,3.0,3.0,2.0,6.0
2,101714446.0,87.0,0.0,1.0,21.0,5.0,2.0,9.0,2.0,0.0,2.0,3.0,8.0,0.0,0.0,3.0,6.0,1.0,2.0,9.0,0.0,0.0,1.0,2.0,0.0,6.0,3.0,1.0,1.0,1.0,2.0,11.0,2.0,6.0,7.0,2.0,3.0,1.0,2.0,1.0,83.0,2.0,11.0,0.0,6.0,6.0,2.0,1.0,0.0,4.0,2.0,4.0,1.0,2.0,15.0,2.0,11.0,0.0,0.0,2.0,6.0,0.0,0.0,0.0,0.0,1.0,1.0,9.0,7.0,0.0,8.0,64.0,1.0,2.0,6.0,0.0,3.0,4.0,0.0,0.0,0.0,9.0,1.0,15.0,3.0,1.0,0.0,2.0,5.0,1.0,1.0,8.0,19.0,0.0,0.0,11.0,1.0,4.0,9.0,0.0,1.0,0.0,0.0,0.0,0.0,5.0,4.0,0.0,0.0,0.0,0.0,3.0,2.0,2.0,3.0,5.0,1.0,10.0,1.0,0.0,0.0,30.0,2.0,11.0,14.0,2.0,3.0,1.0,5.0
3,102478857.0,2.0,1.0,0.0,0.0,0.0,2.0,1.0,0.0,0.0,0.0,1.0,1.0,0.0,0.0,0.0,0.0,0.0,2.0,0.0,0.0,0.0,0.0,0.0,0.0,0.0,0.0,0.0,0.0,0.0,0.0,1.0,1.0,0.0,0.0,0.0,0.0,1.0,1.0,0.0,3.0,0.0,1.0,0.0,1.0,0.0,0.0,0.0,0.0,2.0,0.0,0.0,0.0,0.0,0.0,0.0,1.0,0.0,0.0,0.0,0.0,0.0,0.0,0.0,0.0,0.0,0.0,1.0,1.0,0.0,0.0,0.0,1.0,0.0,0.0,0.0,1.0,2.0,0.0,0.0,0.0,1.0,0.0,1.0,1.0,0.0,0.0,2.0,0.0,0.0,0.0,1.0,0.0,0.0,0.0,0.0,0.0,0.0,1.0,0.0,0.0,0.0,0.0,0.0,0.0,0.0,1.0,0.0,0.0,0.0,0.0,0.0,0.0,0.0,1.0,0.0,0.0,0.0,0.0,0.0,0.0,1.0,0.0,1.0,0.0,0.0,0.0,0.0,0.0
4,105452353.0,4.0,21.0,0.0,0.0,0.0,0.0,3.0,1.0,1.0,2.0,1.0,5.0,0.0,1.0,4.0,2.0,1.0,1.0,6.0,0.0,0.0,2.0,1.0,0.0,6.0,2.0,1.0,0.0,1.0,3.0,10.0,3.0,1.0,2.0,1.0,2.0,3.0,0.0,2.0,54.0,0.0,8.0,0.0,2.0,2.0,1.0,3.0,0.0,8.0,2.0,6.0,1.0,3.0,5.0,1.0,10.0,0.0,0.0,1.0,8.0,0.0,0.0,0.0,0.0,0.0,1.0,8.0,4.0,0.0,3.0,1.0,1.0,1.0,5.0,0.0,3.0,1.0,0.0,0.0,1.0,1.0,4.0,6.0,3.0,0.0,1.0,0.0,1.0,0.0,2.0,10.0,5.0,2.0,1.0,3.0,1.0,1.0,12.0,2.0,3.0,0.0,2.0,0.0,3.0,8.0,2.0,2.0,1.0,0.0,0.0,2.0,1.0,5.0,2.0,11.0,1.0,6.0,1.0,1.0,0.0,15.0,4.0,8.0,0.0,0.0,2.0,1.0,1.0
5,108950604.0,4.0,5.0,0.0,0.0,0.0,5.0,2.0,0.0,0.0,0.0,0.0,4.0,0.0,0.0,15.0,4.0,0.0,1.0,2.0,0.0,3.0,2.0,0.0,0.0,1.0,1.0,0.0,0.0,1.0,1.0,12.0,0.0,4.0,2.0,0.0,1.0,1.0,0.0,2.0,9.0,9.0,0.0,0.0,0.0,0.0,0.0,0.0,0.0,0.0,0.0,2.0,1.0,0.0,14.0,1.0,3.0,1.0,0.0,0.0,1.0,0.0,0.0,0.0,0.0,1.0,0.0,3.0,0.0,0.0,1.0,3.0,1.0,1.0,0.0,0.0,0.0,2.0,0.0,0.0,0.0,0.0,3.0,18.0,0.0,0.0,1.0,0.0,0.0,1.0,1.0,5.0,1.0,1.0,0.0,0.0,0.0,0.0,4.0,0.0,0.0,0.0,2.0,0.0,2.0,3.0,1.0,0.0,0.0,0.0,0.0,0.0,0.0,1.0,0.0,1.0,0.0,2.0,0.0,1.0,0.0,2.0,17.0,19.0,3.0,0.0,1.0,0.0,22.0
6,109490750.0,7.0,2.0,2.0,0.0,5.0,0.0,5.0,11.0,3.0,3.0,1.0,15.0,0.0,0.0,130.0,5.0,0.0,0.0,11.0,0.0,4.0,2.0,1.0,0.0,7.0,0.0,0.0,0.0,0.0,6.0,22.0,5.0,4.0,4.0,0.0,2.0,15.0,1.0,1.0,20.0,2.0,1.0,0.0,10.0,1.0,11.0,0.0,0.0,8.0,5.0,27.0,0.0,0.0,16.0,0.0,22.0,0.0,0.0,0.0,14.0,1.0,0.0,0.0,5.0,2.0,2.0,17.0,5.0,0.0,12.0,0.0,21.0,1.0,17.0,0.0,1.0,41.0,0.0,6.0,29.0,3.0,13.0,12.0,5.0,0.0,1.0,3.0,4.0,0.0,2.0,33.0,1.0,0.0,0.0,1.0,2.0,2.0,27.0,3.0,6.0,1.0,1.0,0.0,6.0,3.0,3.0,1.0,13.0,0.0,0.0,2.0,0.0,15.0,2.0,5.0,0.0,16.0,1.0,15.0,2.0,12.0,15.0,74.0,31.0,5.0,1.0,1.0,7.0
7,111503188.0,27.0,9.0,1.0,3.0,2.0,5.0,0.0,6.0,0.0,2.0,2.0,11.0,0.0,0.0,1.0,3.0,1.0,2.0,10.0,0.0,0.0,13.0,2.0,0.0,7.0,0.0,1.0,0.0,1.0,7.0,12.0,2.0,4.0,7.0,3.0,4.0,3.0,6.0,6.0,51.0,2.0,5.0,0.0,5.0,3.0,0.0,3.0,0.0,4.0,7.0,8.0,5.0,1.0,24.0,4.0,16.0,4.0,0.0,2.0,16.0,2.0,1.0,0.0,0.0,4.0,2.0,19.0,9.0,1.0,14.0,6.0,1.0,1.0,7.0,0.0,3.0,3.0,0.0,0.0,1.0,2.0,4.0,12.0,6.0,3.0,4.0,2.0,0.0,1.0,0.0,26.0,2.0,2.0,0.0,4.0,10.0,1.0,19.0,1.0,3.0,0.0,2.0,0.0,7.0,2.0,7.0,1.0,1.0,1.0,0.0,1.0,0.0,12.0,5.0,11.0,1.0,4.0,2.0,0.0,0.0,15.0,13.0,8.0,1.0,1.0,7.0,2.0,2.0
8,112416205.0,9.0,2.0,0.0,1.0,0.0,11.0,6.0,0.0,2.0,0.0,0.0,8.0,1.0,0.0,14.0,8.0,1.0,5.0,8.0,0.0,0.0,2.0,0.0,0.0,2.0,2.0,0.0,0.0,0.0,4.0,10.0,1.0,3.0,5.0,0.0,4.0,5.0,2.0,0.0,21.0,3.0,1.0,0.0,3.0,1.0,1.0,0.0,0.0,6.0,4.0,8.0,2.0,0.0,10.0,0.0,9.0,1.0,0.0,5.0,9.0,1.0,0.0,0.0,0.0,4.0,0.0,1.0,4.0,1.0,9.0,1.0,1.0,1.0,3.0,0.0,0.0,0.0,0.0,1.0,0.0,3.0,2.0,6.0,2.0,2.0,0.0,0.0,0.0,0.0,2.0,14.0,1.0,3.0,0.0,4.0,2.0,2.0,10.0,0.0,2.0,2.0,0.0,0.0,2.0,5.0,4.0,0.0,5.0,0.0,0.0,0.0,1.0,9.0,1.0,5.0,5.0,4.0,1.0,7.0,0.0,6.0,6.0,13.0,6.0,2.0,2.0,0.0,9.0
9,1169713441.0,2.0,0.0,0.0,1.0,0.0,3.0,0.0,2.0,0.0,0.0,0.0,15.0,1.0,0.0,8.0,9.0,0.0,0.0,8.0,0.0,0.0,0.0,0.0,0.0,9.0,1.0,0.0,2.0,0.0,2.0,28.0,3.0,2.0,4.0,0.0,1.0,0.0,0.0,0.0,11.0,1.0,1.0,0.0,7.0,0.0,5.0,0.0,0.0,13.0,11.0,8.0,0.0,0.0,5.0,0.0,1.0,0.0,0.0,0.0,4.0,0.0,0.0,0.0,0.0,1.0,7.0,2.0,8.0,0.0,4.0,0.0,2.0,1.0,11.0,0.0,1.0,4.0,1.0,0.0,0.0,0.0,1.0,6.0,2.0,0.0,0.0,2.0,0.0,1.0,0.0,9.0,0.0,0.0,0.0,9.0,0.0,1.0,2.0,15.0,4.0,1.0,0.0,0.0,0.0,1.0,2.0,0.0,1.0,0.0,0.0,6.0,0.0,1.0,1.0,28.0,0.0,22.0,0.0,3.0,0.0,7.0,1.0,13.0,2.0,0.0,1.0,1.0,2.0
10,123471844.0,2.0,2.0,0.0,2.0,0.0,3.0,2.0,0.0,0.0,0.0,8.0,4.0,0.0,0.0,3.0,2.0,0.0,0.0,3.0,0.0,1.0,1.0,1.0,0.0,2.0,0.0,1.0,0.0,3.0,0.0,5.0,0.0,2.0,1.0,1.0,1.0,0.0,0.0,0.0,5.0,1.0,1.0,0.0,2.0,0.0,1.0,1.0,0.0,1.0,0.0,2.0,0.0,1.0,4.0,1.0,16.0,1.0,0.0,0.0,0.0,0.0,0.0,0.0,0.0,3.0,3.0,2.0,4.0,0.0,1.0,1.0,4.0,1.0,3.0,0.0,11.0,1.0,0.0,0.0,1.0,0.0,3.0,3.0,16.0,0.0,0.0,0.0,0.0,1.0,0.0,5.0,1.0,0.0,0.0,2.0,1.0,2.0,1.0,3.0,1.0,0.0,1.0,0.0,0.0,0.0,2.0,0.0,0.0,0.0,0.0,2.0,0.0,19.0,1.0,4.0,1.0,4.0,3.0,1.0,0.0,0.0,1.0,5.0,0.0,1.0,1.0,12.0,0.0
11,124205413.0,2.0,3.0,1.0,1.0,0.0,1.0,2.0,0.0,0.0,8.0,0.0,2.0,0.0,0.0,1.0,0.0,0.0,0.0,1.0,0.0,0.0,2.0,1.0,0.0,1.0,0.0,1.0,1.0,1.0,0.0,2.0,1.0,1.0,1.0,1.0,1.0,0.0,0.0,0.0,5.0,0.0,2.0,0.0,1.0,0.0,0.0,2.0,0.0,1.0,0.0,0.0,0.0,1.0,1.0,1.0,2.0,0.0,0.0,0.0,0.0,0.0,0.0,0.0,0.0,0.0,1.0,3.0,2.0,0.0,3.0,1.0,2.0,0.0,1.0,0.0,3.0,2.0,0.0,0.0,2.0,1.0,1.0,3.0,7.0,0.0,0.0,1.0,1.0,0.0,0.0,3.0,0.0,0.0,0.0,1.0,1.0,0.0,1.0,0.0,1.0,0.0,0.0,0.0,0.0,0.0,2.0,13.0,0.0,0.0,0.0,1.0,0.0,9.0,2.0,0.0,1.0,2.0,1.0,0.0,0.0,1.0,0.0,2.0,0.0,1.0,1.0,5.0,0.0
12,126575669.0,10.0,8.0,1.0,5.0,4.0,15.0,11.0,8.0,15.0,4.0,2.0,0.0,1.0,2.0,27.0,16.0,0.0,1.0,7.0,0.0,0.0,4.0,1.0,0.0,21.0,3.0,1.0,4.0,1.0,11.0,33.0,1.0,11.0,12.0,1.0,6.0,2.0,1.0,1.0,39.0,10.0,4.0,0.0,22.0,2.0,9.0,2.0,0.0,4.0,10.0,15.0,2.0,2.0,18.0,1.0,17.0,1.0,0.0,0.0,11.0,2.0,0.0,0.0,0.0,4.0,9.0,19.0,19.0,0.0,11.0,3.0,10.0,1.0,23.0,0.0,20.0,7.0,0.0,1.0,0.0,2.0,10.0,19.0,14.0,4.0,5.0,3.0,11.0,2.0,0.0,33.0,2.0,1.0,1.0,14.0,2.0,6.0,13.0,17.0,7.0,1.0,0.0,0.0,3.0,7.0,4.0,1.0,3.0,0.0,0.0,4.0,2.0,10.0,3.0,10.0,1.0,21.0,1.0,6.0,0.0,17.0,17.0,27.0,9.0,2.0,6.0,4.0,13.0
13,132336370.0,0.0,0.0,0.0,0.0,0.0,0.0,0.0,1.0,1.0,0.0,0.0,1.0,0.0,0.0,0.0,0.0,0.0,0.0,4.0,0.0,0.0,3.0,0.0,0.0,1.0,0.0,0.0,1.0,0.0,0.0,1.0,0.0,0.0,0.0,0.0,0.0,1.0,0.0,0.0,0.0,0.0,0.0,0.0,1.0,0.0,0.0,0.0,0.0,0.0,1.0,0.0,1.0,0.0,4.0,0.0,0.0,2.0,0.0,0.0,1.0,0.0,0.0,0.0,0.0,1.0,0.0,0.0,2.0,1.0,3.0,4.0,0.0,0.0,1.0,0.0,0.0,0.0,0.0,0.0,0.0,4.0,0.0,3.0,0.0,2.0,0.0,1.0,0.0,0.0,0.0,4.0,0.0,0.0,0.0,0.0,3.0,0.0,0.0,0.0,0.0,0.0,0.0,0.0,0.0,0.0,0.0,0.0,2.0,0.0,0.0,0.0,0.0,0.0,0.0,1.0,0.0,1.0,0.0,0.0,0.0,0.0,1.0,0.0,0.0,0.0,0.0,0.0,0.0
14,1435448460.0,0.0,0.0,0.0,1.0,0.0,0.0,0.0,0.0,0.0,0.0,0.0,2.0,0.0,0.0,0.0,0.0,0.0,0.0,0.0,0.0,0.0,0.0,0.0,0.0,1.0,0.0,0.0,0.0,0.0,1.0,0.0,0.0,0.0,0.0,0.0,0.0,0.0,0.0,0.0,0.0,0.0,0.0,0.0,0.0,0.0,0.0,0.0,0.0,0.0,0.0,0.0,0.0,3.0,0.0,0.0,1.0,0.0,0.0,0.0,0.0,3.0,0.0,0.0,0.0,0.0,1.0,2.0,0.0,0.0,0.0,0.0,1.0,0.0,4.0,2.0,0.0,0.0,0.0,0.0,0.0,0.0,0.0,1.0,0.0,0.0,0.0,0.0,1.0,5.0,0.0,18.0,0.0,0.0,1.0,1.0,0.0,0.0,1.0,0.0,10.0,0.0,0.0,1.0,0.0,0.0,0.0,3.0,0.0,0.0,0.0,13.0,0.0,0.0,0.0,0.0,0.0,2.0,0.0,0.0,4.0,0.0,0.0,0.0,0.0,0.0,0.0,0.0,0.0
15,1483726225.0,22.0,3.0,0.0,4.0,15.0,130.0,1.0,14.0,8.0,3.0,1.0,27.0,0.0,0.0,0.0,36.0,0.0,1.0,21.0,0.0,3.0,1.0,0.0,0.0,19.0,2.0,0.0,2.0,0.0,4.0,59.0,10.0,12.0,11.0,0.0,1.0,72.0,0.0,4.0,43.0,10.0,1.0,0.0,21.0,3.0,16.0,0.0,0.0,7.0,4.0,51.0,1.0,0.0,42.0,0.0,28.0,4.0,0.0,0.0,16.0,1.0,2.0,0.0,30.0,8.0,11.0,42.0,12.0,0.0,29.0,1.0,251.0,10.0,24.0,0.0,3.0,368.0,0.0,5.0,394.0,3.0,13.0,43.0,7.0,1.0,2.0,2.0,3.0,6.0,2.0,43.0,1.0,0.0,0.0,8.0,1.0,8.0,28.0,17.0,12.0,1.0,1.0,0.0,8.0,10.0,4.0,1.0,21.0,0.0,0.0,6.0,0.0,18.0,0.0,28.0,0.0,34.0,1.0,24.0,2.0,87.0,20.0,411.0,23.0,17.0,1.0,0.0,45.0
16,15379745.0,17.0,6.0,0.0,2.0,4.0,5.0,3.0,8.0,9.0,2.0,0.0,16.0,0.0,0.0,36.0,0.0,2.0,4.0,13.0,0.0,0.0,2.0,0.0,0.0,11.0,4.0,0.0,2.0,0.0,0.0,33.0,2.0,8.0,12.0,0.0,3.0,9.0,1.0,2.0,38.0,5.0,5.0,0.0,12.0,4.0,12.0,1.0,0.0,13.0,5.0,34.0,4.0,2.0,15.0,0.0,24.0,0.0,0.0,1.0,6.0,0.0,1.0,0.0,0.0,3.0,9.0,11.0,10.0,3.0,10.0,0.0,3.0,3.0,11.0,0.0,3.0,1.0,0.0,0.0,1.0,0.0,2.0,38.0,1.0,3.0,1.0,1.0,0.0,10.0,0.0,21.0,1.0,3.0,0.0,11.0,2.0,10.0,11.0,15.0,4.0,0.0,0.0,0.0,2.0,10.0,6.0,1.0,2.0,0.0,0.0,7.0,1.0,10.0,0.0,9.0,1.0,44.0,1.0,5.0,0.0,21.0,3.0,20.0,4.0,5.0,0.0,0.0,4.0
17,154113474.0,1.0,1.0,0.0,1.0,0.0,0.0,1.0,1.0,0.0,0.0,0.0,0.0,0.0,0.0,0.0,2.0,0.0,1.0,2.0,0.0,0.0,2.0,0.0,0.0,0.0,0.0,0.0,0.0,0.0,0.0,0.0,0.0,1.0,1.0,0.0,0.0,0.0,1.0,2.0,7.0,0.0,0.0,0.0,0.0,1.0,0.0,0.0,0.0,0.0,1.0,1.0,0.0,1.0,0.0,0.0,1.0,0.0,0.0,1.0,0.0,0.0,0.0,0.0,0.0,0.0,0.0,2.0,1.0,0.0,1.0,0.0,0.0,0.0,0.0,0.0,0.0,0.0,0.0,1.0,0.0,1.0,0.0,1.0,0.0,0.0,0.0,0.0,0.0,0.0,0.0,3.0,0.0,0.0,0.0,1.0,1.0,1.0,6.0,0.0,0.0,0.0,0.0,0.0,0.0,1.0,1.0,0.0,0.0,0.0,0.0,0.0,0.0,1.0,0.0,1.0,0.0,0.0,0.0,0.0,0.0,0.0,0.0,0.0,0.0,0.0,0.0,0.0,0.0
18,15719715.0,4.0,2.0,2.0,1.0,1.0,0.0,2.0,5.0,0.0,0.0,0.0,1.0,0.0,0.0,1.0,4.0,1.0,0.0,3.0,0.0,0.0,1.0,0.0,0.0,2.0,0.0,0.0,1.0,0.0,1.0,4.0,0.0,1.0,3.0,0.0,2.0,1.0,2.0,1.0,11.0,1.0,1.0,0.0,2.0,2.0,1.0,0.0,0.0,4.0,3.0,1.0,0.0,0.0,2.0,0.0,1.0,0.0,0.0,3.0,5.0,0.0,0.0,0.0,0.0,1.0,0.0,0.0,2.0,1.0,3.0,0.0,0.0,1.0,0.0,0.0,0.0,0.0,0.0,0.0,0.0,0.0,1.0,1.0,0.0,2.0,1.0,0.0,0.0,0.0,0.0,3.0,0.0,2.0,0.0,2.0,1.0,0.0,8.0,0.0,0.0,0.0,0.0,0.0,2.0,4.0,6.0,0.0,1.0,0.0,0.0,0.0,1.0,4.0,1.0,1.0,0.0,1.0,0.0,0.0,0.0,3.0,2.0,4.0,1.0,1.0,1.0,0.0,1.0
19,161073837.0,15.0,9.0,0.0,6.0,2.0,11.0,10.0,8.0,8.0,3.0,1.0,7.0,4.0,0.0,21.0,13.0,2.0,3.0,0.0,0.0,0.0,23.0,2.0,0.0,8.0,13.0,1.0,1.0,1.0,5.0,31.0,5.0,11.0,11.0,3.0,12.0,8.0,1.0,2.0,44.0,4.0,5.0,0.0,16.0,2.0,14.0,5.0,0.0,11.0,6.0,18.0,14.0,3.0,100.0,3.0,42.0,47.0,1.0,1.0,13.0,3.0,0.0,0.0,0.0,9.0,6.0,12.0,7.0,4.0,45.0,17.0,4.0,4.0,12.0,0.0,2.0,11.0,0.0,0.0,3.0,15.0,6.0,26.0,9.0,16.0,0.0,0.0,0.0,2.0,5.0,69.0,3.0,2.0,0.0,5.0,13.0,14.0,8.0,8.0,4.0,2.0,1.0,0.0,4.0,9.0,9.0,1.0,9.0,1.0,1.0,8.0,3.0,10.0,6.0,25.0,3.0,19.0,5.0,6.0,0.0,9.0,11.0,35.0,8.0,3.0,3.0,1.0,10.0
20,162507258.0,0.0,0.0,0.0,0.0,0.0,0.0,0.0,0.0,0.0,0.0,0.0,0.0,0.0,0.0,0.0,0.0,0.0,0.0,0.0,0.0,0.0,0.0,0.0,0.0,0.0,0.0,0.0,0.0,0.0,0.0,0.0,0.0,0.0,0.0,0.0,0.0,0.0,0.0,0.0,0.0,0.0,0.0,0.0,0.0,0.0,0.0,0.0,0.0,0.0,0.0,0.0,0.0,0.0,0.0,0.0,0.0,0.0,0.0,0.0,0.0,0.0,0.0,0.0,0.0,0.0,0.0,0.0,0.0,1.0,0.0,0.0,0.0,0.0,0.0,0.0,0.0,0.0,0.0,0.0,0.0,0.0,0.0,0.0,0.0,0.0,0.0,0.0,0.0,0.0,0.0,0.0,0.0,0.0,0.0,0.0,0.0,0.0,0.0,0.0,0.0,0.0,0.0,0.0,0.0,0.0,0.0,0.0,0.0,0.0,0.0,0.0,0.0,0.0,0.0,0.0,0.0,0.0,0.0,0.0,0.0,0.0,0.0,0.0,0.0,0.0,0.0,0.0,0.0
21,1640220374.0,0.0,0.0,0.0,0.0,3.0,4.0,0.0,0.0,0.0,1.0,0.0,0.0,0.0,0.0,3.0,0.0,0.0,0.0,0.0,0.0,0.0,0.0,0.0,0.0,1.0,0.0,0.0,0.0,0.0,0.0,4.0,0.0,0.0,0.0,0.0,0.0,0.0,0.0,0.0,0.0,0.0,0.0,0.0,0.0,0.0,0.0,0.0,0.0,0.0,0.0,0.0,0.0,0.0,0.0,0.0,0.0,0.0,0.0,0.0,0.0,0.0,0.0,0.0,0.0,0.0,0.0,0.0,0.0,0.0,0.0,0.0,1.0,0.0,0.0,0.0,0.0,0.0,0.0,0.0,0.0,0.0,0.0,1.0,0.0,0.0,0.0,0.0,0.0,1.0,0.0,1.0,0.0,0.0,0.0,0.0,0.0,0.0,0.0,0.0,0.0,0.0,0.0,0.0,0.0,0.0,0.0,0.0,0.0,0.0,0.0,0.0,0.0,1.0,0.0,0.0,0.0,1.0,0.0,1.0,0.0,0.0,0.0,6.0,1.0,0.0,0.0,0.0,1.0
22,170290373.0,6.0,1.0,0.0,2.0,2.0,2.0,13.0,2.0,0.0,1.0,2.0,4.0,3.0,0.0,1.0,2.0,2.0,1.0,23.0,0.0,0.0,0.0,0.0,0.0,9.0,1.0,0.0,1.0,0.0,10.0,6.0,0.0,3.0,4.0,0.0,3.0,8.0,1.0,3.0,16.0,2.0,2.0,0.0,4.0,2.0,1.0,1.0,0.0,1.0,8.0,8.0,5.0,0.0,31.0,3.0,12.0,9.0,1.0,0.0,12.0,0.0,0.0,0.0,0.0,6.0,0.0,12.0,6.0,3.0,19.0,11.0,0.0,1.0,4.0,0.0,0.0,0.0,0.0,0.0,0.0,8.0,2.0,10.0,1.0,11.0,5.0,0.0,0.0,0.0,2.0,34.0,3.0,2.0,0.0,1.0,17.0,4.0,5.0,0.0,1.0,1.0,2.0,0.0,9.0,2.0,4.0,0.0,7.0,2.0,1.0,1.0,1.0,7.0,1.0,10.0,2.0,4.0,1.0,0.0,0.0,11.0,13.0,4.0,1.0,1.0,4.0,0.0,2.0
23,17647281.0,5.0,2.0,0.0,1.0,0.0,1.0,2.0,0.0,0.0,1.0,1.0,1.0,0.0,0.0,0.0,0.0,0.0,0.0,2.0,0.0,0.0,0.0,0.0,0.0,2.0,0.0,1.0,0.0,1.0,1.0,2.0,0.0,1.0,1.0,1.0,1.0,0.0,0.0,0.0,5.0,0.0,3.0,0.0,1.0,3.0,0.0,1.0,0.0,0.0,1.0,1.0,0.0,1.0,1.0,2.0,2.0,0.0,0.0,0.0,1.0,0.0,0.0,0.0,0.0,0.0,1.0,16.0,2.0,0.0,2.0,1.0,0.0,0.0,1.0,0.0,1.0,1.0,0.0,0.0,0.0,0.0,1.0,2.0,1.0,0.0,4.0,0.0,0.0,0.0,0.0,1.0,0.0,0.0,0.0,2.0,1.0,1.0,3.0,0.0,1.0,0.0,0.0,0.0,0.0,0.0,1.0,0.0,0.0,0.0,0.0,1.0,0.0,2.0,1.0,0.0,1.0,1.0,1.0,0.0,0.0,0.0,1.0,2.0,1.0,0.0,1.0,1.0,5.0
24,17857427.0,0.0,0.0,0.0,0.0,0.0,0.0,0.0,0.0,0.0,0.0,0.0,0.0,0.0,0.0,0.0,0.0,0.0,0.0,0.0,0.0,0.0,0.0,0.0,0.0,0.0,0.0,0.0,0.0,0.0,0.0,0.0,0.0,0.0,0.0,0.0,0.0,0.0,0.0,0.0,0.0,0.0,0.0,0.0,0.0,0.0,0.0,0.0,0.0,0.0,0.0,0.0,0.0,0.0,0.0,0.0,0.0,0.0,0.0,0.0,0.0,0.0,0.0,0.0,0.0,0.0,0.0,0.0,0.0,0.0,0.0,0.0,0.0,1.0,0.0,0.0,0.0,0.0,0.0,0.0,0.0,0.0,0.0,0.0,0.0,0.0,0.0,0.0,0.0,0.0,0.0,0.0,0.0,0.0,0.0,0.0,0.0,0.0,0.0,0.0,0.0,0.0,0.0,0.0,0.0,0.0,0.0,0.0,0.0,0.0,0.0,0.0,0.0,0.0,0.0,0.0,0.0,0.0,0.0,0.0,0.0,0.0,0.0,0.0,0.0,0.0,0.0,0.0,0.0
25,18177920.0,13.0,6.0,0.0,6.0,1.0,7.0,7.0,2.0,9.0,2.0,1.0,21.0,1.0,1.0,19.0,11.0,0.0,2.0,8.0,0.0,1.0,9.0,2.0,0.0,0.0,3.0,1.0,2.0,1.0,14.0,47.0,3.0,8.0,16.0,1.0,3.0,4.0,1.0,6.0,34.0,3.0,5.0,0.0,11.0,2.0,1.0,2.0,0.0,6.0,15.0,18.0,2.0,1.0,25.0,1.0,8.0,0.0,0.0,0.0,19.0,0.0,0.0,0.0,0.0,7.0,8.0,22.0,12.0,0.0,10.0,4.0,4.0,2.0,20.0,0.0,3.0,11.0,0.0,0.0,1.0,2.0,11.0,16.0,5.0,2.0,3.0,4.0,5.0,2.0,0.0,44.0,1.0,2.0,1.0,13.0,5.0,2.0,13.0,25.0,8.0,0.0,1.0,0.0,14.0,3.0,5.0,1.0,2.0,0.0,0.0,3.0,1.0,20.0,1.0,8.0,3.0,31.0,1.0,1.0,0.0,21.0,22.0,29.0,2.0,4.0,6.0,1.0,5.0
26,183466614.0,3.0,3.0,0.0,2.0,1.0,0.0,0.0,2.0,1.0,0.0,0.0,3.0,0.0,0.0,2.0,4.0,0.0,0.0,13.0,0.0,0.0,1.0,0.0,0.0,3.0,0.0,0.0,0.0,0.0,1.0,5.0,1.0,4.0,2.0,0.0,1.0,1.0,0.0,0.0,14.0,5.0,2.0,0.0,3.0,0.0,0.0,0.0,0.0,3.0,2.0,3.0,0.0,0.0,2.0,0.0,4.0,0.0,0.0,0.0,0.0,1.0,0.0,0.0,0.0,1.0,4.0,0.0,4.0,0.0,2.0,0.0,0.0,1.0,3.0,0.0,0.0,0.0,0.0,0.0,0.0,0.0,3.0,0.0,1.0,0.0,0.0,1.0,0.0,2.0,0.0,3.0,1.0,1.0,0.0,1.0,0.0,5.0,2.0,5.0,2.0,0.0,0.0,0.0,0.0,0.0,1.0,0.0,0.0,0.0,0.0,1.0,2.0,0.0,1.0,5.0,0.0,4.0,0.0,1.0,0.0,8.0,1.0,6.0,0.0,0.0,1.0,0.0,12.0
27,187920956.0,1.0,1.0,0.0,1.0,0.0,0.0,1.0,0.0,0.0,1.0,1.0,1.0,0.0,0.0,0.0,0.0,0.0,0.0,1.0,0.0,0.0,0.0,1.0,0.0,1.0,0.0,0.0,0.0,1.0,0.0,1.0,0.0,1.0,1.0,1.0,1.0,0.0,0.0,0.0,1.0,0.0,1.0,0.0,0.0,0.0,0.0,1.0,0.0,0.0,0.0,0.0,0.0,1.0,1.0,1.0,1.0,0.0,0.0,0.0,0.0,0.0,0.0,0.0,0.0,0.0,1.0,1.0,1.0,1.0,1.0,1.0,0.0,0.0,1.0,0.0,1.0,1.0,0.0,0.0,0.0,0.0,1.0,1.0,1.0,0.0,0.0,0.0,0.0,0.0,0.0,1.0,0.0,0.0,0.0,1.0,1.0,0.0,1.0,0.0,1.0,0.0,0.0,0.0,0.0,0.0,1.0,0.0,0.0,0.0,0.0,1.0,0.0,1.0,1.0,0.0,1.0,1.0,1.0,0.0,0.0,0.0,0.0,1.0,0.0,0.0,1.0,1.0,0.0
28,190702011.0,1.0,1.0,0.0,0.0,0.0,0.0,0.0,0.0,2.0,0.0,1.0,4.0,1.0,0.0,2.0,2.0,0.0,1.0,1.0,0.0,0.0,1.0,0.0,0.0,2.0,0.0,0.0,0.0,0.0,0.0,5.0,0.0,0.0,2.0,0.0,0.0,1.0,0.0,0.0,3.0,0.0,0.0,0.0,4.0,1.0,0.0,0.0,0.0,1.0,1.0,1.0,0.0,0.0,0.0,0.0,0.0,0.0,0.0,0.0,0.0,0.0,0.0,0.0,0.0,0.0,1.0,0.0,3.0,1.0,0.0,0.0,1.0,0.0,2.0,0.0,1.0,0.0,0.0,0.0,0.0,0.0,1.0,4.0,1.0,0.0,0.0,1.0,1.0,0.0,0.0,4.0,0.0,0.0,0.0,1.0,0.0,0.0,1.0,1.0,0.0,0.0,0.0,0.0,2.0,0.0,1.0,0.0,0.0,0.0,0.0,0.0,0.0,2.0,0.0,0.0,1.0,3.0,0.0,0.0,0.0,2.0,1.0,2.0,2.0,0.0,5.0,0.0,0.0
29,191488285.0,1.0,1.0,0.0,1.0,1.0,0.0,1.0,0.0,0.0,3.0,1.0,1.0,0.0,0.0,0.0,0.0,0.0,0.0,1.0,0.0,0.0,0.0,1.0,0.0,1.0,0.0,1.0,0.0,0.0,0.0,2.0,0.0,1.0,1.0,1.0,1.0,0.0,0.0,0.0,1.0,0.0,1.0,0.0,0.0,0.0,0.0,1.0,0.0,0.0,0.0,0.0,0.0,1.0,1.0,1.0,1.0,0.0,0.0,0.0,0.0,0.0,0.0,0.0,0.0,0.0,1.0,1.0,1.0,0.0,2.0,1.0,3.0,0.0,1.0,0.0,5.0,1.0,0.0,0.0,0.0,0.0,1.0,2.0,4.0,0.0,0.0,0.0,0.0,0.0,0.0,1.0,0.0,0.0,0.0,1.0,1.0,0.0,1.0,0.0,1.0,0.0,0.0,0.0,0.0,0.0,1.0,0.0,0.0,0.0,0.0,1.0,0.0,5.0,1.0,0.0,1.0,1.0,1.0,0.0,0.0,0.0,0.0,2.0,0.0,0.0,1.0,4.0,2.0
30,19240962.0,4.0,2.0,0.0,3.0,1.0,6.0,7.0,4.0,2.0,0.0,0.0,11.0,0.0,1.0,4.0,0.0,0.0,1.0,5.0,0.0,0.0,10.0,1.0,0.0,14.0,1.0,0.0,0.0,0.0,0.0,15.0,1.0,4.0,5.0,1.0,3.0,1.0,1.0,5.0,31.0,4.0,2.0,0.0,6.0,2.0,1.0,0.0,0.0,2.0,11.0,18.0,3.0,0.0,13.0,1.0,13.0,4.0,0.0,0.0,19.0,0.0,0.0,0.0,0.0,4.0,0.0,12.0,3.0,0.0,5.0,1.0,0.0,1.0,12.0,0.0,2.0,0.0,0.0,0.0,0.0,1.0,6.0,2.0,1.0,5.0,4.0,0.0,1.0,0.0,0.0,21.0,1.0,1.0,1.0,3.0,2.0,2.0,10.0,3.0,5.0,3.0,1.0,0.0,14.0,7.0,1.0,1.0,2.0,0.0,0.0,0.0,2.0,11.0,0.0,2.0,0.0,4.0,0.0,2.0,0.0,12.0,15.0,5.0,2.0,3.0,5.0,0.0,1.0
31,19510901.0,21.0,11.0,1.0,10.0,12.0,22.0,12.0,10.0,28.0,5.0,2.0,33.0,1.0,0.0,59.0,33.0,0.0,4.0,31.0,0.0,4.0,6.0,2.0,0.0,47.0,5.0,1.0,5.0,2.0,15.0,0.0,7.0,29.0,32.0,2.0,7.0,9.0,4.0,7.0,98.0,26.0,11.0,0.0,36.0,7.0,11.0,4.0,0.0,15.0,20.0,56.0,4.0,1.0,45.0,3.0,52.0,0.0,0.0,2.0,17.0,2.0,0.0,0.0,0.0,11.0,19.0,24.0,28.0,2.0,30.0,2.0,4.0,12.0,42.0,0.0,11.0,23.0,1.0,0.0,4.0,2.0,15.0,33.0,8.0,5.0,4.0,7.0,3.0,4.0,3.0,60.0,2.0,2.0,0.0,12.0,4.0,6.0,27.0,45.0,13.0,2.0,2.0,0.0,18.0,16.0,9.0,0.0,5.0,0.0,0.0,5.0,4.0,24.0,4.0,33.0,1.0,54.0,3.0,11.0,0.0,38.0,44.0,150.0,11.0,10.0,6.0,1.0,32.0
32,197775435.0,3.0,2.0,1.0,3.0,0.0,5.0,2.0,1.0,3.0,0.0,1.0,1.0,0.0,0.0,10.0,2.0,0.0,0.0,5.0,0.0,0.0,0.0,0.0,0.0,3.0,1.0,0.0,0.0,0.0,1.0,7.0,0.0,1.0,1.0,0.0,0.0,0.0,0.0,1.0,3.0,0.0,4.0,0.0,2.0,2.0,1.0,1.0,0.0,5.0,0.0,2.0,1.0,2.0,3.0,0.0,13.0,1.0,0.0,0.0,2.0,0.0,0.0,0.0,0.0,1.0,1.0,2.0,2.0,0.0,4.0,0.0,3.0,2.0,2.0,0.0,1.0,3.0,0.0,0.0,1.0,3.0,1.0,4.0,2.0,0.0,0.0,1.0,0.0,1.0,1.0,4.0,0.0,0.0,0.0,1.0,0.0,2.0,1.0,4.0,1.0,2.0,1.0,0.0,1.0,3.0,2.0,2.0,1.0,0.0,0.0,1.0,0.0,2.0,1.0,6.0,0.0,4.0,0.0,2.0,0.0,3.0,0.0,5.0,8.0,1.0,0.0,0.0,1.0
33,20088606.0,7.0,6.0,0.0,1.0,4.0,4.0,4.0,3.0,2.0,2.0,1.0,11.0,0.0,0.0,12.0,8.0,1.0,1.0,11.0,0.0,0.0,3.0,1.0,0.0,8.0,4.0,1.0,0.0,1.0,4.0,29.0,1.0,0.0,8.0,1.0,4.0,7.0,3.0,2.0,28.0,13.0,4.0,0.0,5.0,2.0,2.0,2.0,0.0,3.0,2.0,8.0,2.0,1.0,32.0,1.0,83.0,3.0,0.0,1.0,5.0,1.0,0.0,0.0,0.0,2.0,3.0,6.0,5.0,0.0,9.0,2.0,0.0,2.0,8.0,0.0,2.0,4.0,0.0,34.0,0.0,0.0,7.0,10.0,2.0,5.0,3.0,2.0,0.0,1.0,1.0,10.0,1.0,1.0,0.0,5.0,3.0,4.0,15.0,2.0,4.0,0.0,0.0,0.0,2.0,2.0,4.0,0.0,1.0,0.0,0.0,5.0,2.0,6.0,1.0,5.0,2.0,5.0,1.0,1.0,0.0,8.0,21.0,19.0,2.0,2.0,3.0,1.0,12.0
34,204757427.0,9.0,7.0,0.0,2.0,2.0,4.0,7.0,5.0,4.0,1.0,1.0,12.0,0.0,0.0,11.0,12.0,1.0,3.0,11.0,0.0,0.0,4.0,1.0,0.0,16.0,2.0,1.0,2.0,1.0,5.0,32.0,1.0,8.0,0.0,1.0,4.0,4.0,2.0,1.0,35.0,3.0,6.0,0.0,11.0,2.0,5.0,2.0,0.0,4.0,6.0,9.0,1.0,1.0,13.0,1.0,16.0,0.0,0.0,1.0,10.0,0.0,0.0,0.0,0.0,7.0,8.0,11.0,15.0,1.0,11.0,1.0,2.0,1.0,15.0,0.0,4.0,8.0,0.0,0.0,1.0,1.0,6.0,13.0,4.0,0.0,4.0,4.0,0.0,4.0,0.0,21.0,2.0,1.0,0.0,8.0,2.0,5.0,8.0,13.0,7.0,1.0,1.0,0.0,7.0,4.0,4.0,0.0,1.0,0.0,0.0,5.0,0.0,12.0,1.0,6.0,1.0,24.0,1.0,3.0,0.0,44.0,8.0,18.0,5.0,4.0,4.0,2.0,4.0
35,21109466.0,4.0,2.0,0.0,1.0,0.0,0.0,3.0,0.0,0.0,1.0,1.0,1.0,0.0,0.0,0.0,0.0,0.0,0.0,3.0,0.0,0.0,0.0,1.0,0.0,1.0,0.0,1.0,0.0,1.0,1.0,2.0,0.0,1.0,1.0,0.0,1.0,0.0,0.0,0.0,8.0,0.0,1.0,0.0,0.0,0.0,0.0,1.0,0.0,0.0,0.0,0.0,0.0,1.0,1.0,1.0,2.0,0.0,0.0,0.0,3.0,0.0,1.0,0.0,0.0,0.0,1.0,2.0,2.0,0.0,1.0,1.0,1.0,0.0,1.0,0.0,1.0,2.0,0.0,0.0,0.0,0.0,1.0,1.0,2.0,1.0,0.0,0.0,0.0,0.0,0.0,2.0,0.0,0.0,0.0,1.0,1.0,0.0,2.0,0.0,1.0,0.0,0.0,0.0,0.0,0.0,1.0,0.0,0.0,0.0,0.0,1.0,0.0,1.0,1.0,0.0,1.0,1.0,1.0,0.0,0.0,0.0,0.0,2.0,1.0,0.0,3.0,1.0,0.0
36,212246121.0,4.0,3.0,0.0,2.0,1.0,2.0,4.0,4.0,1.0,1.0,1.0,6.0,0.0,0.0,1.0,3.0,0.0,2.0,12.0,0.0,0.0,3.0,1.0,0.0,3.0,1.0,1.0,0.0,1.0,3.0,7.0,0.0,4.0,4.0,1.0,0.0,1.0,1.0,1.0,16.0,5.0,1.0,0.0,1.0,0.0,0.0,1.0,0.0,1.0,2.0,2.0,1.0,1.0,12.0,1.0,8.0,3.0,0.0,1.0,10.0,1.0,0.0,0.0,0.0,1.0,1.0,2.0,2.0,1.0,6.0,4.0,0.0,1.0,4.0,0.0,1.0,1.0,0.0,0.0,0.0,0.0,3.0,2.0,3.0,4.0,0.0,1.0,0.0,0.0,0.0,8.0,0.0,1.0,0.0,2.0,2.0,1.0,4.0,0.0,1.0,0.0,0.0,0.0,1.0,4.0,4.0,0.0,0.0,0.0,0.0,1.0,3.0,4.0,3.0,2.0,1.0,1.0,3.0,0.0,0.0,3.0,6.0,5.0,1.0,1.0,2.0,1.0,1.0
37,215795742.0,9.0,1.0,1.0,3.0,1.0,15.0,3.0,5.0,0.0,0.0,0.0,2.0,1.0,0.0,72.0,9.0,0.0,1.0,8.0,0.0,0.0,8.0,0.0,0.0,4.0,1.0,0.0,1.0,0.0,1.0,9.0,0.0,7.0,4.0,0.0,1.0,0.0,15.0,4.0,35.0,0.0,0.0,0.0,3.0,2.0,0.0,4.0,0.0,1.0,3.0,2.0,2.0,0.0,10.0,1.0,12.0,5.0,0.0,2.0,37.0,0.0,1.0,0.0,0.0,2.0,0.0,35.0,2.0,4.0,9.0,4.0,0.0,0.0,1.0,0.0,0.0,5.0,0.0,9.0,0.0,2.0,0.0,5.0,1.0,3.0,1.0,1.0,0.0,0.0,1.0,16.0,0.0,1.0,0.0,1.0,3.0,0.0,102.0,0.0,1.0,0.0,1.0,0.0,8.0,5.0,6.0,0.0,21.0,0.0,0.0,0.0,1.0,9.0,1.0,4.0,1.0,2.0,1.0,0.0,0.0,69.0,5.0,1.0,2.0,0.0,1.0,0.0,4.0
38,216206181.0,4.0,2.0,1.0,0.0,0.0,1.0,6.0,2.0,0.0,0.0,0.0,1.0,0.0,0.0,0.0,1.0,1.0,2.0,1.0,0.0,0.0,1.0,0.0,0.0,1.0,0.0,0.0,0.0,0.0,1.0,4.0,0.0,3.0,2.0,0.0,1.0,15.0,0.0,1.0,11.0,1.0,0.0,0.0,1.0,1.0,0.0,0.0,0.0,1.0,3.0,1.0,0.0,0.0,1.0,0.0,2.0,0.0,0.0,2.0,4.0,0.0,0.0,0.0,0.0,1.0,0.0,1.0,2.0,0.0,2.0,0.0,0.0,1.0,0.0,0.0,0.0,0.0,0.0,0.0,0.0,0.0,1.0,0.0,0.0,0.0,0.0,0.0,0.0,0.0,0.0,3.0,0.0,1.0,0.0,2.0,1.0,0.0,21.0,0.0,1.0,0.0,0.0,0.0,2.0,1.0,2.0,0.0,0.0,0.0,0.0,0.0,0.0,2.0,0.0,0.0,0.0,0.0,0.0,0.0,0.0,3.0,1.0,1.0,1.0,1.0,2.0,0.0,0.0
39,22804260.0,7.0,1.0,0.0,2.0,2.0,1.0,6.0,0.0,0.0,0.0,0.0,1.0,0.0,0.0,4.0,2.0,2.0,1.0,2.0,0.0,0.0,3.0,0.0,0.0,6.0,0.0,0.0,0.0,0.0,5.0,7.0,1.0,2.0,1.0,0.0,1.0,4.0,1.0,0.0,23.0,3.0,0.0,0.0,0.0,2.0,0.0,0.0,0.0,2.0,5.0,6.0,1.0,1.0,6.0,0.0,6.0,0.0,0.0,0.0,9.0,0.0,0.0,0.0,0.0,3.0,0.0,12.0,0.0,0.0,3.0,0.0,1.0,0.0,2.0,0.0,0.0,0.0,0.0,0.0,0.0,1.0,3.0,1.0,0.0,6.0,2.0,0.0,2.0,0.0,0.0,5.0,0.0,0.0,0.0,0.0,0.0,0.0,17.0,0.0,0.0,1.0,1.0,0.0,4.0,8.0,2.0,0.0,0.0,0.0,0.0,0.0,0.0,8.0,0.0,2.0,0.0,3.0,0.0,1.0,0.0,7.0,14.0,3.0,0.0,0.0,0.0,0.0,3.0
40,22987203.0,105.0,83.0,3.0,54.0,9.0,20.0,51.0,21.0,11.0,5.0,5.0,39.0,0.0,0.0,43.0,38.0,7.0,11.0,44.0,0.0,0.0,16.0,5.0,0.0,34.0,14.0,1.0,3.0,1.0,31.0,98.0,3.0,28.0,35.0,8.0,16.0,35.0,11.0,23.0,0.0,23.0,44.0,0.0,28.0,15.0,17.0,26.0,0.0,16.0,28.0,73.0,18.0,2.0,90.0,10.0,103.0,8.0,0.0,12.0,75.0,2.0,3.0,0.0,0.0,11.0,7.0,61.0,17.0,10.0,49.0,16.0,7.0,8.0,26.0,0.0,16.0,12.0,0.0,0.0,3.0,3.0,16.0,55.0,43.0,16.0,7.0,5.0,4.0,2.0,10.0,99.0,18.0,7.0,0.0,15.0,9.0,19.0,135.0,13.0,9.0,6.0,6.0,0.0,28.0,69.0,23.0,1.0,6.0,0.0,0.0,9.0,14.0,52.0,15.0,35.0,1.0,41.0,8.0,6.0,0.0,159.0,47.0,44.0,15.0,6.0,12.0,4.0,21.0
41,233174284.0,0.0,2.0,0.0,0.0,9.0,2.0,2.0,3.0,1.0,1.0,0.0,10.0,0.0,0.0,10.0,5.0,0.0,1.0,4.0,0.0,0.0,2.0,0.0,0.0,3.0,5.0,0.0,0.0,0.0,4.0,26.0,0.0,13.0,3.0,0.0,5.0,0.0,1.0,3.0,23.0,0.0,1.0,0.0,4.0,1.0,1.0,0.0,0.0,4.0,4.0,15.0,0.0,1.0,25.0,0.0,18.0,0.0,0.0,1.0,2.0,0.0,0.0,0.0,0.0,4.0,0.0,2.0,2.0,0.0,6.0,0.0,3.0,3.0,8.0,0.0,0.0,1.0,0.0,0.0,0.0,0.0,8.0,6.0,0.0,1.0,1.0,1.0,1.0,2.0,0.0,8.0,0.0,1.0,0.0,2.0,2.0,2.0,3.0,3.0,0.0,0.0,1.0,0.0,2.0,5.0,1.0,1.0,0.0,0.0,0.0,1.0,1.0,8.0,0.0,5.0,0.0,7.0,0.0,2.0,0.0,3.0,25.0,16.0,2.0,4.0,1.0,0.0,17.0
42,23444563.0,15.0,11.0,1.0,8.0,0.0,1.0,5.0,1.0,1.0,1.0,2.0,4.0,0.0,0.0,1.0,5.0,0.0,1.0,5.0,0.0,0.0,2.0,3.0,0.0,5.0,2.0,1.0,0.0,1.0,2.0,11.0,4.0,4.0,6.0,1.0,1.0,0.0,0.0,0.0,44.0,1.0,0.0,0.0,5.0,1.0,1.0,2.0,0.0,3.0,3.0,4.0,0.0,1.0,5.0,5.0,13.0,11.0,0.0,2.0,4.0,0.0,0.0,0.0,0.0,2.0,2.0,3.0,2.0,0.0,4.0,6.0,1.0,1.0,4.0,0.0,5.0,3.0,0.0,0.0,0.0,2.0,1.0,7.0,3.0,2.0,0.0,1.0,0.0,0.0,0.0,3.0,1.0,1.0,0.0,4.0,6.0,6.0,6.0,4.0,1.0,1.0,0.0,0.0,0.0,10.0,3.0,0.0,0.0,0.0,0.0,2.0,0.0,3.0,2.0,0.0,1.0,9.0,1.0,0.0,0.0,3.0,0.0,6.0,2.0,1.0,1.0,1.0,3.0
43,2373363552.0,0.0,0.0,0.0,0.0,0.0,0.0,0.0,0.0,0.0,0.0,0.0,0.0,0.0,0.0,0.0,0.0,0.0,0.0,0.0,0.0,0.0,0.0,0.0,0.0,0.0,0.0,0.0,0.0,0.0,0.0,0.0,0.0,0.0,0.0,0.0,0.0,0.0,0.0,0.0,0.0,0.0,0.0,0.0,0.0,0.0,0.0,0.0,0.0,0.0,0.0,0.0,0.0,0.0,0.0,0.0,0.0,0.0,0.0,0.0,0.0,0.0,0.0,0.0,0.0,0.0,0.0,0.0,0.0,1.0,0.0,0.0,0.0,0.0,0.0,0.0,0.0,0.0,0.0,0.0,0.0,0.0,0.0,0.0,0.0,0.0,0.0,0.0,0.0,0.0,0.0,0.0,0.0,0.0,0.0,0.0,0.0,0.0,0.0,0.0,0.0,0.0,0.0,0.0,0.0,0.0,0.0,0.0,0.0,0.0,0.0,0.0,0.0,0.0,0.0,0.0,0.0,0.0,0.0,0.0,0.0,0.0,0.0,0.0,0.0,0.0,0.0,0.0,0.0
44,242341877.0,6.0,6.0,1.0,2.0,0.0,10.0,5.0,3.0,7.0,2.0,1.0,22.0,1.0,0.0,21.0,12.0,0.0,2.0,16.0,0.0,0.0,4.0,1.0,0.0,11.0,3.0,0.0,4.0,0.0,6.0,36.0,2.0,5.0,11.0,0.0,1.0,3.0,1.0,0.0,28.0,4.0,5.0,0.0,0.0,1.0,9.0,0.0,0.0,4.0,8.0,28.0,0.0,0.0,13.0,2.0,17.0,0.0,0.0,0.0,7.0,1.0,0.0,0.0,0.0,3.0,11.0,4.0,18.0,1.0,16.0,1.0,2.0,4.0,26.0,0.0,9.0,4.0,0.0,0.0,1.0,4.0,5.0,17.0,4.0,1.0,0.0,3.0,0.0,4.0,0.0,35.0,0.0,1.0,0.0,7.0,2.0,8.0,10.0,16.0,5.0,1.0,1.0,0.0,4.0,3.0,5.0,1.0,2.0,0.0,0.0,3.0,1.0,9.0,1.0,13.0,2.0,19.0,1.0,7.0,0.0,13.0,5.0,24.0,2.0,5.0,4.0,1.0,4.0
45,2593645240.0,4.0,6.0,0.0,2.0,0.0,1.0,3.0,1.0,0.0,0.0,0.0,2.0,0.0,0.0,3.0,4.0,1.0,2.0,2.0,0.0,0.0,2.0,3.0,0.0,2.0,0.0,0.0,1.0,0.0,2.0,7.0,2.0,2.0,2.0,0.0,0.0,2.0,1.0,2.0,15.0,1.0,1.0,0.0,1.0,0.0,0.0,0.0,0.0,2.0,3.0,5.0,2.0,1.0,3.0,0.0,2.0,0.0,0.0,1.0,9.0,0.0,0.0,0.0,0.0,1.0,1.0,21.0,3.0,1.0,3.0,2.0,1.0,1.0,4.0,0.0,0.0,1.0,0.0,0.0,1.0,0.0,2.0,8.0,0.0,0.0,6.0,0.0,2.0,2.0,1.0,7.0,1.0,0.0,0.0,9.0,0.0,2.0,7.0,3.0,0.0,0.0,1.0,0.0,3.0,3.0,2.0,0.0,0.0,0.0,0.0,2.0,0.0,4.0,0.0,3.0,0.0,9.0,0.0,1.0,0.0,5.0,2.0,6.0,1.0,1.0,0.0,0.0,1.0
46,2709200314.0,3.0,2.0,0.0,1.0,0.0,11.0,0.0,1.0,5.0,1.0,0.0,9.0,0.0,0.0,16.0,12.0,0.0,1.0,14.0,0.0,0.0,1.0,0.0,0.0,1.0,0.0,0.0,0.0,0.0,1.0,11.0,1.0,2.0,5.0,0.0,0.0,0.0,0.0,0.0,17.0,1.0,1.0,0.0,9.0,0.0,0.0,0.0,0.0,4.0,3.0,29.0,0.0,0.0,13.0,0.0,7.0,0.0,0.0,0.0,2.0,0.0,0.0,0.0,0.0,0.0,2.0,1.0,4.0,1.0,8.0,0.0,2.0,2.0,13.0,0.0,2.0,8.0,0.0,0.0,7.0,1.0,3.0,10.0,1.0,1.0,2.0,0.0,0.0,0.0,0.0,18.0,1.0,1.0,0.0,1.0,0.0,4.0,2.0,5.0,4.0,2.0,0.0,0.0,2.0,2.0,3.0,1.0,3.0,0.0,0.0,3.0,0.0,2.0,0.0,4.0,0.0,11.0,1.0,4.0,0.0,5.0,3.0,18.0,1.0,4.0,0.0,0.0,1.0
47,272295079.0,3.0,1.0,0.0,3.0,0.0,0.0,3.0,0.0,0.0,1.0,2.0,2.0,0.0,0.0,0.0,1.0,0.0,0.0,5.0,0.0,0.0,1.0,1.0,0.0,2.0,0.0,1.0,0.0,1.0,0.0,4.0,1.0,2.0,2.0,1.0,1.0,4.0,0.0,0.0,26.0,0.0,2.0,0.0,0.0,0.0,0.0,0.0,0.0,0.0,0.0,0.0,0.0,2.0,16.0,1.0,4.0,0.0,0.0,1.0,1.0,0.0,0.0,0.0,0.0,1.0,1.0,10.0,2.0,1.0,3.0,6.0,1.0,3.0,2.0,0.0,1.0,1.0,0.0,0.0,0.0,1.0,1.0,3.0,20.0,1.0,0.0,1.0,0.0,0.0,0.0,5.0,0.0,0.0,0.0,1.0,1.0,1.0,4.0,0.0,4.0,0.0,0.0,0.0,2.0,0.0,2.0,1.0,0.0,0.0,0.0,6.0,0.0,8.0,8.0,2.0,1.0,1.0,5.0,0.0,0.0,10.0,2.0,2.0,1.0,0.0,1.0,5.0,0.0
48,2723280013.0,0.0,0.0,0.0,0.0,0.0,0.0,0.0,0.0,0.0,0.0,0.0,0.0,0.0,0.0,0.0,0.0,0.0,0.0,0.0,0.0,0.0,0.0,0.0,0.0,0.0,0.0,0.0,0.0,0.0,0.0,0.0,0.0,0.0,0.0,0.0,0.0,0.0,0.0,0.0,0.0,0.0,0.0,0.0,0.0,0.0,0.0,0.0,0.0,0.0,0.0,0.0,0.0,0.0,0.0,0.0,0.0,0.0,0.0,0.0,0.0,0.0,0.0,0.0,0.0,0.0,0.0,0.0,0.0,0.0,0.0,0.0,0.0,0.0,0.0,0.0,0.0,0.0,0.0,0.0,0.0,0.0,0.0,0.0,0.0,0.0,0.0,0.0,0.0,0.0,0.0,0.0,0.0,0.0,0.0,0.0,0.0,0.0,0.0,0.0,0.0,0.0,0.0,0.0,0.0,0.0,0.0,0.0,0.0,0.0,0.0,0.0,0.0,0.0,0.0,0.0,0.0,0.0,0.0,0.0,0.0,0.0,0.0,0.0,0.0,0.0,0.0,0.0,0.0
49,27873849.0,8.0,4.0,2.0,8.0,0.0,8.0,4.0,6.0,13.0,1.0,1.0,4.0,0.0,0.0,7.0,13.0,0.0,4.0,11.0,0.0,0.0,1.0,0.0,0.0,6.0,3.0,0.0,1.0,0.0,2.0,15.0,5.0,3.0,4.0,0.0,1.0,1.0,1.0,2.0,16.0,4.0,3.0,0.0,4.0,2.0,4.0,0.0,0.0,0.0,3.0,8.0,0.0,2.0,4.0,0.0,9.0,0.0,0.0,5.0,4.0,0.0,0.0,0.0,0.0,3.0,3.0,3.0,5.0,1.0,8.0,0.0,3.0,2.0,5.0,0.0,1.0,3.0,0.0,0.0,1.0,2.0,3.0,7.0,1.0,1.0,0.0,2.0,1.0,2.0,2.0,9.0,1.0,2.0,0.0,2.0,0.0,5.0,11.0,7.0,1.0,2.0,0.0,0.0,3.0,4.0,4.0,1.0,3.0,0.0,0.0,5.0,1.0,8.0,2.0,18.0,0.0,12.0,1.0,4.0,0.0,7.0,1.0,10.0,3.0,2.0,0.0,0.0,4.0
50,27934573.0,6.0,2.0,0.0,2.0,0.0,5.0,7.0,4.0,11.0,0.0,0.0,10.0,1.0,0.0,4.0,5.0,1.0,3.0,6.0,0.0,0.0,8.0,1.0,0.0,15.0,2.0,0.0,1.0,0.0,11.0,20.0,0.0,2.0,6.0,0.0,2.0,3.0,3.0,5.0,28.0,4.0,3.0,0.0,8.0,3.0,3.0,0.0,0.0,3.0,0.0,14.0,5.0,0.0,8.0,0.0,16.0,0.0,0.0,1.0,16.0,0.0,0.0,0.0,0.0,3.0,2.0,7.0,6.0,0.0,5.0,0.0,0.0,2.0,12.0,0.0,2.0,2.0,0.0,0.0,0.0,0.0,4.0,1.0,1.0,2.0,2.0,1.0,0.0,0.0,0.0,17.0,1.0,1.0,0.0,4.0,1.0,2.0,9.0,18.0,1.0,2.0,1.0,0.0,6.0,4.0,3.0,0.0,0.0,0.0,0.0,1.0,1.0,8.0,0.0,1.0,0.0,18.0,0.0,2.0,0.0,12.0,9.0,7.0,1.0,2.0,3.0,0.0,1.0
51,28301925.0,9.0,4.0,0.0,6.0,2.0,27.0,8.0,8.0,8.0,2.0,0.0,15.0,0.0,0.0,51.0,34.0,1.0,1.0,18.0,0.0,0.0,8.0,1.0,0.0,18.0,3.0,0.0,1.0,0.0,18.0,56.0,2.0,8.0,9.0,0.0,2.0,2.0,1.0,6.0,73.0,15.0,4.0,0.0,28.0,5.0,29.0,0.0,0.0,8.0,14.0,0.0,12.0,2.0,37.0,0.0,59.0,0.0,0.0,0.0,12.0,3.0,1.0,1.0,0.0,7.0,1.0,9.0,10.0,0.0,16.0,0.0,9.0,4.0,32.0,0.0,4.0,7.0,0.0,0.0,2.0,2.0,16.0,69.0,5.0,6.0,2.0,0.0,0.0,3.0,0.0,82.0,1.0,3.0,0.0,2.0,4.0,19.0,9.0,17.0,4.0,6.0,2.0,0.0,13.0,8.0,6.0,1.0,1.0,0.0,0.0,5.0,1.0,21.0,0.0,17.0,0.0,39.0,1.0,14.0,0.0,15.0,19.0,28.0,5.0,17.0,4.0,1.0,4.0
52,28470296.0,4.0,1.0,0.0,1.0,1.0,0.0,5.0,2.0,0.0,0.0,0.0,2.0,1.0,0.0,1.0,4.0,0.0,0.0,14.0,0.0,0.0,5.0,0.0,0.0,2.0,0.0,0.0,0.0,0.0,3.0,4.0,1.0,2.0,1.0,0.0,1.0,2.0,0.0,1.0,18.0,0.0,0.0,0.0,0.0,2.0,0.0,0.0,0.0,0.0,5.0,12.0,0.0,0.0,17.0,1.0,16.0,10.0,0.0,0.0,2.0,0.0,0.0,0.0,0.0,0.0,2.0,5.0,0.0,0.0,2.0,9.0,0.0,0.0,0.0,0.0,0.0,0.0,0.0,0.0,0.0,1.0,1.0,4.0,1.0,9.0,0.0,0.0,0.0,0.0,0.0,7.0,0.0,1.0,0.0,7.0,2.0,0.0,2.0,0.0,0.0,0.0,1.0,0.0,1.0,2.0,0.0,0.0,1.0,0.0,0.0,0.0,0.0,0.0,0.0,0.0,0.0,5.0,0.0,0.0,0.0,2.0,3.0,1.0,1.0,0.0,1.0,0.0,1.0
53,28531872.0,1.0,2.0,0.0,3.0,0.0,0.0,1.0,0.0,0.0,1.0,1.0,2.0,0.0,3.0,0.0,2.0,1.0,0.0,3.0,0.0,0.0,0.0,1.0,0.0,1.0,0.0,1.0,0.0,1.0,0.0,1.0,2.0,1.0,1.0,1.0,1.0,0.0,0.0,1.0,2.0,1.0,1.0,0.0,0.0,1.0,0.0,2.0,0.0,2.0,0.0,2.0,0.0,0.0,3.0,1.0,6.0,0.0,0.0,0.0,1.0,2.0,0.0,0.0,0.0,3.0,1.0,3.0,3.0,0.0,4.0,1.0,3.0,0.0,7.0,2.0,1.0,1.0,0.0,1.0,0.0,1.0,1.0,2.0,2.0,1.0,0.0,0.0,0.0,1.0,0.0,15.0,0.0,0.0,0.0,1.0,2.0,3.0,2.0,1.0,7.0,1.0,0.0,0.0,0.0,2.0,1.0,3.0,0.0,0.0,0.0,6.0,0.0,3.0,1.0,1.0,1.0,4.0,1.0,2.0,1.0,0.0,0.0,4.0,0.0,1.0,1.0,1.0,1.0
54,289781808.0,33.0,15.0,0.0,5.0,14.0,16.0,24.0,10.0,5.0,4.0,1.0,18.0,4.0,0.0,42.0,15.0,0.0,2.0,100.0,0.0,0.0,31.0,1.0,0.0,25.0,2.0,1.0,0.0,1.0,13.0,45.0,3.0,32.0,13.0,1.0,12.0,10.0,1.0,6.0,90.0,25.0,5.0,0.0,13.0,3.0,13.0,16.0,0.0,4.0,8.0,37.0,17.0,3.0,0.0,6.0,92.0,40.0,0.0,1.0,22.0,5.0,0.0,0.0,0.0,13.0,6.0,26.0,17.0,4.0,28.0,28.0,4.0,7.0,18.0,0.0,5.0,13.0,0.0,0.0,3.0,7.0,9.0,20.0,18.0,11.0,7.0,1.0,1.0,2.0,1.0,66.0,6.0,2.0,0.0,6.0,14.0,10.0,19.0,9.0,6.0,2.0,3.0,0.0,17.0,10.0,7.0,0.0,11.0,0.0,0.0,5.0,6.0,18.0,11.0,18.0,2.0,25.0,7.0,7.0,0.0,34.0,38.0,65.0,13.0,12.0,5.0,1.0,30.0
55,292285721.0,17.0,2.0,0.0,1.0,1.0,0.0,4.0,0.0,0.0,1.0,1.0,1.0,0.0,0.0,0.0,0.0,0.0,0.0,3.0,0.0,0.0,3.0,2.0,0.0,1.0,0.0,1.0,0.0,1.0,1.0,3.0,0.0,1.0,1.0,1.0,1.0,1.0,0.0,0.0,10.0,0.0,5.0,0.0,2.0,0.0,0.0,1.0,0.0,0.0,0.0,0.0,1.0,1.0,6.0,0.0,2.0,12.0,0.0,0.0,2.0,0.0,0.0,0.0,0.0,0.0,1.0,1.0,1.0,0.0,4.0,10.0,0.0,1.0,1.0,0.0,1.0,1.0,0.0,0.0,0.0,2.0,1.0,4.0,1.0,1.0,0.0,0.0,0.0,0.0,0.0,5.0,0.0,1.0,0.0,1.0,4.0,2.0,2.0,0.0,1.0,0.0,1.0,0.0,1.0,0.0,1.0,0.0,2.0,0.0,0.0,1.0,0.0,2.0,2.0,1.0,1.0,1.0,1.0,0.0,0.0,1.0,2.0,2.0,0.0,0.0,2.0,1.0,0.0
56,297118386.0,19.0,11.0,1.0,10.0,3.0,22.0,16.0,9.0,1.0,16.0,2.0,17.0,0.0,1.0,28.0,24.0,1.0,1.0,42.0,0.0,0.0,12.0,2.0,0.0,8.0,4.0,1.0,0.0,1.0,13.0,52.0,13.0,83.0,16.0,2.0,8.0,12.0,2.0,6.0,103.0,18.0,13.0,0.0,17.0,2.0,7.0,4.0,0.0,9.0,16.0,59.0,16.0,6.0,92.0,2.0,0.0,15.0,0.0,1.0,22.0,1.0,0.0,0.0,0.0,14.0,5.0,26.0,11.0,3.0,26.0,5.0,5.0,5.0,17.0,0.0,5.0,6.0,0.0,0.0,1.0,2.0,8.0,27.0,16.0,12.0,2.0,4.0,0.0,4.0,2.0,42.0,2.0,4.0,0.0,3.0,7.0,17.0,23.0,17.0,8.0,4.0,4.0,0.0,8.0,14.0,7.0,3.0,10.0,0.0,1.0,8.0,6.0,30.0,7.0,10.0,2.0,26.0,4.0,9.0,0.0,26.0,29.0,36.0,26.0,10.0,7.0,4.0,19.0
57,3002845425.0,19.0,0.0,0.0,0.0,1.0,0.0,4.0,1.0,0.0,1.0,0.0,1.0,2.0,0.0,4.0,0.0,0.0,0.0,47.0,0.0,0.0,9.0,0.0,0.0,0.0,0.0,0.0,0.0,0.0,4.0,0.0,1.0,3.0,0.0,0.0,3.0,5.0,0.0,0.0,8.0,0.0,11.0,0.0,0.0,0.0,0.0,0.0,0.0,0.0,0.0,0.0,10.0,0.0,40.0,12.0,15.0,0.0,0.0,0.0,6.0,0.0,0.0,0.0,0.0,0.0,0.0,0.0,2.0,0.0,5.0,15.0,0.0,2.0,0.0,0.0,0.0,0.0,0.0,0.0,0.0,3.0,0.0,3.0,4.0,10.0,2.0,1.0,0.0,0.0,0.0,8.0,1.0,1.0,0.0,0.0,6.0,1.0,1.0,0.0,0.0,0.0,1.0,0.0,0.0,0.0,1.0,0.0,2.0,0.0,0.0,0.0,0.0,2.0,0.0,1.0,0.0,0.0,0.0,0.0,0.0,0.0,3.0,2.0,0.0,0.0,1.0,0.0,0.0
58,30210959.0,0.0,0.0,0.0,0.0,0.0,0.0,0.0,0.0,0.0,0.0,0.0,0.0,0.0,0.0,0.0,0.0,0.0,0.0,1.0,0.0,0.0,1.0,0.0,0.0,0.0,0.0,0.0,0.0,0.0,0.0,0.0,0.0,0.0,0.0,0.0,0.0,0.0,0.0,0.0,0.0,0.0,0.0,0.0,0.0,0.0,0.0,0.0,0.0,0.0,0.0,0.0,0.0,0.0,0.0,0.0,0.0,0.0,0.0,0.0,0.0,0.0,0.0,0.0,0.0,0.0,0.0,0.0,0.0,0.0,1.0,0.0,0.0,0.0,0.0,0.0,0.0,0.0,0.0,0.0,0.0,0.0,0.0,0.0,0.0,0.0,0.0,0.0,0.0,0.0,0.0,0.0,0.0,0.0,0.0,0.0,0.0,0.0,0.0,0.0,0.0,0.0,0.0,0.0,0.0,0.0,0.0,0.0,0.0,0.0,0.0,0.0,0.0,0.0,0.0,0.0,2.0,0.0,0.0,0.0,0.0,0.0,0.0,0.0,0.0,0.0,0.0,0.0,0.0
59,30486435.0,6.0,2.0,0.0,1.0,0.0,0.0,2.0,5.0,0.0,0.0,0.0,0.0,0.0,0.0,0.0,1.0,1.0,3.0,1.0,0.0,0.0,0.0,0.0,0.0,0.0,0.0,0.0,0.0,0.0,0.0,2.0,0.0,1.0,1.0,0.0,1.0,2.0,2.0,0.0,12.0,1.0,2.0,0.0,0.0,1.0,0.0,1.0,0.0,5.0,1.0,0.0,0.0,0.0,1.0,0.0,1.0,0.0,0.0,0.0,5.0,0.0,0.0,0.0,0.0,0.0,0.0,0.0,1.0,0.0,3.0,0.0,0.0,0.0,0.0,0.0,0.0,0.0,0.0,0.0,0.0,0.0,0.0,0.0,2.0,1.0,0.0,0.0,0.0,0.0,0.0,1.0,1.0,1.0,0.0,1.0,0.0,0.0,10.0,0.0,0.0,0.0,0.0,0.0,2.0,2.0,4.0,0.0,0.0,0.0,0.0,0.0,1.0,5.0,1.0,0.0,0.0,0.0,0.0,0.0,0.0,3.0,0.0,1.0,0.0,0.0,0.0,0.0,1.0
60,30591667.0,34.0,6.0,0.0,8.0,1.0,14.0,16.0,9.0,4.0,0.0,0.0,11.0,1.0,0.0,16.0,6.0,0.0,5.0,13.0,0.0,0.0,12.0,1.0,0.0,19.0,0.0,0.0,0.0,0.0,19.0,17.0,2.0,5.0,10.0,3.0,10.0,37.0,4.0,9.0,75.0,2.0,4.0,0.0,7.0,9.0,2.0,1.0,0.0,4.0,16.0,12.0,2.0,1.0,22.0,2.0,22.0,6.0,0.0,5.0,0.0,1.0,1.0,0.0,0.0,6.0,0.0,24.0,5.0,2.0,10.0,3.0,1.0,1.0,7.0,0.0,0.0,2.0,0.0,2.0,1.0,5.0,6.0,4.0,7.0,10.0,4.0,1.0,0.0,0.0,1.0,44.0,1.0,2.0,0.0,4.0,4.0,7.0,72.0,1.0,2.0,2.0,2.0,0.0,18.0,15.0,3.0,1.0,13.0,0.0,0.0,7.0,2.0,13.0,1.0,4.0,0.0,6.0,0.0,2.0,0.0,25.0,17.0,8.0,4.0,3.0,8.0,0.0,2.0
61,306729753.0,1.0,0.0,0.0,0.0,0.0,1.0,2.0,1.0,0.0,0.0,0.0,2.0,0.0,3.0,1.0,0.0,0.0,0.0,3.0,0.0,0.0,0.0,0.0,0.0,0.0,1.0,0.0,0.0,0.0,0.0,2.0,0.0,1.0,0.0,0.0,1.0,0.0,0.0,0.0,2.0,0.0,0.0,0.0,1.0,0.0,0.0,0.0,0.0,0.0,0.0,3.0,0.0,2.0,5.0,0.0,1.0,0.0,0.0,0.0,1.0,0.0,0.0,0.0,0.0,0.0,0.0,0.0,2.0,0.0,3.0,0.0,0.0,0.0,7.0,0.0,0.0,1.0,0.0,0.0,0.0,1.0,1.0,1.0,1.0,0.0,0.0,0.0,0.0,2.0,1.0,14.0,0.0,0.0,0.0,1.0,1.0,1.0,0.0,1.0,3.0,0.0,0.0,0.0,0.0,0.0,0.0,2.0,0.0,0.0,0.0,5.0,0.0,0.0,0.0,1.0,0.0,1.0,0.0,1.0,2.0,0.0,2.0,3.0,1.0,0.0,0.0,0.0,2.0
62,3102600800.0,1.0,0.0,0.0,0.0,0.0,0.0,1.0,0.0,0.0,0.0,0.0,0.0,0.0,0.0,2.0,1.0,0.0,0.0,0.0,0.0,0.0,0.0,0.0,0.0,0.0,0.0,0.0,0.0,0.0,0.0,0.0,0.0,0.0,0.0,1.0,0.0,1.0,0.0,0.0,3.0,0.0,0.0,0.0,0.0,0.0,0.0,0.0,0.0,0.0,0.0,1.0,0.0,0.0,0.0,0.0,0.0,0.0,0.0,0.0,1.0,0.0,0.0,0.0,0.0,0.0,0.0,0.0,2.0,0.0,1.0,0.0,0.0,0.0,0.0,0.0,0.0,0.0,0.0,0.0,0.0,0.0,2.0,1.0,0.0,1.0,0.0,0.0,0.0,0.0,0.0,2.0,0.0,0.0,0.0,0.0,0.0,1.0,0.0,1.0,0.0,0.0,0.0,0.0,0.0,1.0,0.0,0.0,0.0,0.0,0.0,0.0,0.0,1.0,0.0,1.0,0.0,0.0,0.0,0.0,0.0,0.0,0.0,0.0,0.0,0.0,3.0,0.0,0.0
63,3155484370.0,0.0,0.0,0.0,0.0,0.0,0.0,0.0,0.0,0.0,0.0,0.0,0.0,0.0,0.0,0.0,0.0,0.0,0.0,0.0,0.0,0.0,0.0,0.0,0.0,0.0,0.0,0.0,0.0,0.0,0.0,0.0,0.0,0.0,0.0,0.0,0.0,0.0,0.0,0.0,0.0,0.0,0.0,0.0,0.0,0.0,0.0,0.0,0.0,0.0,0.0,1.0,0.0,0.0,0.0,0.0,0.0,0.0,0.0,0.0,0.0,0.0,0.0,0.0,0.0,0.0,0.0,0.0,0.0,0.0,0.0,0.0,0.0,0.0,0.0,0.0,0.0,0.0,0.0,0.0,0.0,5.0,1.0,2.0,0.0,0.0,0.0,0.0,0.0,0.0,0.0,0.0,0.0,0.0,0.0,0.0,0.0,0.0,0.0,0.0,0.0,0.0,0.0,0.0,0.0,0.0,0.0,0.0,0.0,0.0,0.0,0.0,0.0,0.0,0.0,0.0,0.0,0.0,0.0,0.0,0.0,0.0,0.0,0.0,0.0,0.0,0.0,0.0,0.0
64,3218327082.0,0.0,0.0,0.0,0.0,0.0,5.0,0.0,0.0,0.0,0.0,0.0,0.0,0.0,0.0,30.0,0.0,0.0,0.0,0.0,0.0,0.0,0.0,0.0,0.0,0.0,0.0,0.0,0.0,0.0,0.0,0.0,0.0,0.0,0.0,0.0,0.0,0.0,0.0,0.0,0.0,0.0,0.0,0.0,0.0,0.0,0.0,0.0,0.0,0.0,0.0,0.0,0.0,0.0,0.0,0.0,0.0,0.0,0.0,0.0,0.0,0.0,0.0,0.0,0.0,0.0,0.0,0.0,0.0,0.0,0.0,0.0,46.0,0.0,0.0,0.0,0.0,49.0,0.0,0.0,36.0,0.0,1.0,0.0,0.0,0.0,0.0,0.0,0.0,0.0,0.0,1.0,0.0,0.0,0.0,0.0,0.0,0.0,0.0,0.0,0.0,0.0,0.0,0.0,0.0,0.0,0.0,0.0,0.0,0.0,0.0,0.0,0.0,0.0,0.0,0.0,0.0,0.0,0.0,6.0,0.0,0.0,0.0,45.0,0.0,0.0,0.0,0.0,0.0
65,33204999.0,4.0,1.0,0.0,0.0,1.0,2.0,4.0,4.0,1.0,3.0,0.0,4.0,1.0,0.0,8.0,3.0,0.0,1.0,9.0,0.0,0.0,6.0,0.0,0.0,7.0,1.0,0.0,0.0,0.0,4.0,11.0,1.0,2.0,7.0,0.0,1.0,2.0,1.0,3.0,11.0,4.0,2.0,0.0,3.0,1.0,0.0,1.0,0.0,3.0,3.0,7.0,0.0,3.0,13.0,0.0,14.0,0.0,0.0,0.0,6.0,0.0,0.0,0.0,0.0,0.0,2.0,3.0,5.0,2.0,9.0,1.0,5.0,1.0,5.0,0.0,4.0,4.0,0.0,0.0,1.0,1.0,5.0,4.0,8.0,0.0,2.0,1.0,0.0,1.0,1.0,11.0,1.0,1.0,0.0,2.0,2.0,4.0,2.0,5.0,1.0,2.0,8.0,0.0,2.0,3.0,1.0,0.0,1.0,0.0,0.0,1.0,0.0,13.0,0.0,4.0,0.0,15.0,0.0,5.0,0.0,6.0,5.0,13.0,2.0,3.0,3.0,2.0,6.0
66,332713490.0,1.0,1.0,0.0,1.0,0.0,2.0,2.0,0.0,7.0,3.0,1.0,9.0,0.0,1.0,11.0,9.0,0.0,0.0,6.0,0.0,0.0,0.0,1.0,0.0,8.0,4.0,1.0,1.0,1.0,0.0,19.0,1.0,3.0,8.0,1.0,1.0,0.0,0.0,0.0,7.0,0.0,2.0,0.0,11.0,1.0,2.0,1.0,0.0,3.0,2.0,1.0,2.0,1.0,6.0,1.0,5.0,0.0,0.0,0.0,0.0,0.0,0.0,0.0,0.0,2.0,0.0,5.0,14.0,5.0,6.0,1.0,1.0,1.0,10.0,0.0,2.0,7.0,1.0,0.0,1.0,0.0,3.0,5.0,2.0,0.0,0.0,3.0,0.0,3.0,1.0,8.0,0.0,0.0,0.0,4.0,1.0,3.0,2.0,16.0,6.0,0.0,0.0,0.0,0.0,0.0,1.0,0.0,2.0,0.0,0.0,4.0,0.0,1.0,2.0,9.0,1.0,13.0,2.0,3.0,0.0,10.0,0.0,15.0,1.0,1.0,1.0,1.0,4.0
67,346117908.0,25.0,9.0,1.0,8.0,3.0,17.0,19.0,1.0,2.0,2.0,3.0,19.0,0.0,2.0,42.0,11.0,2.0,0.0,12.0,0.0,0.0,12.0,16.0,0.0,22.0,0.0,1.0,0.0,1.0,12.0,24.0,2.0,6.0,11.0,2.0,2.0,35.0,1.0,12.0,61.0,2.0,3.0,0.0,4.0,21.0,1.0,10.0,0.0,3.0,7.0,9.0,5.0,3.0,26.0,1.0,26.0,0.0,0.0,0.0,24.0,0.0,0.0,0.0,0.0,3.0,5.0,0.0,11.0,1.0,16.0,4.0,1.0,1.0,11.0,0.0,4.0,6.0,0.0,2.0,1.0,1.0,5.0,68.0,11.0,4.0,52.0,3.0,8.0,4.0,2.0,40.0,3.0,1.0,0.0,11.0,2.0,5.0,24.0,3.0,8.0,0.0,2.0,0.0,18.0,5.0,6.0,0.0,2.0,0.0,0.0,5.0,2.0,28.0,3.0,10.0,2.0,18.0,4.0,0.0,1.0,63.0,28.0,14.0,2.0,0.0,4.0,3.0,7.0
68,348267990.0,11.0,7.0,1.0,4.0,0.0,5.0,9.0,4.0,8.0,4.0,2.0,19.0,2.0,0.0,12.0,10.0,1.0,2.0,7.0,0.0,0.0,6.0,2.0,0.0,12.0,4.0,1.0,3.0,1.0,3.0,28.0,2.0,5.0,15.0,2.0,2.0,2.0,2.0,0.0,17.0,2.0,2.0,0.0,18.0,3.0,4.0,2.0,0.0,5.0,6.0,10.0,0.0,3.0,17.0,1.0,11.0,2.0,0.0,1.0,5.0,2.0,2.0,0.0,0.0,5.0,14.0,11.0,0.0,2.0,11.0,3.0,4.0,2.0,16.0,1.0,5.0,6.0,0.0,0.0,1.0,6.0,6.0,22.0,5.0,1.0,1.0,4.0,6.0,6.0,0.0,18.0,4.0,1.0,0.0,8.0,7.0,8.0,5.0,17.0,6.0,0.0,0.0,0.0,3.0,2.0,4.0,3.0,4.0,2.0,0.0,4.0,0.0,7.0,2.0,16.0,5.0,17.0,3.0,7.0,0.0,14.0,5.0,25.0,2.0,1.0,4.0,2.0,5.0
69,358546924.0,0.0,0.0,0.0,0.0,0.0,0.0,1.0,1.0,0.0,0.0,0.0,0.0,1.0,0.0,0.0,3.0,0.0,1.0,4.0,1.0,0.0,3.0,0.0,0.0,0.0,0.0,1.0,1.0,0.0,0.0,2.0,0.0,0.0,1.0,0.0,1.0,4.0,0.0,0.0,10.0,0.0,0.0,1.0,1.0,1.0,1.0,1.0,0.0,1.0,0.0,0.0,0.0,0.0,4.0,0.0,3.0,0.0,0.0,0.0,2.0,0.0,0.0,0.0,0.0,2.0,5.0,1.0,2.0,0.0,4.0,2.0,0.0,0.0,0.0,0.0,0.0,0.0,0.0,0.0,0.0,1.0,0.0,2.0,3.0,2.0,0.0,0.0,0.0,0.0,1.0,4.0,0.0,0.0,0.0,1.0,2.0,0.0,1.0,0.0,0.0,0.0,0.0,0.0,1.0,0.0,2.0,0.0,2.0,0.0,0.0,0.0,2.0,1.0,1.0,3.0,0.0,3.0,1.0,0.0,0.0,3.0,0.0,1.0,0.0,0.0,0.0,0.0,0.0
70,37713751.0,15.0,8.0,0.0,3.0,1.0,12.0,14.0,9.0,4.0,1.0,3.0,11.0,3.0,0.0,29.0,10.0,1.0,3.0,45.0,0.0,0.0,19.0,2.0,0.0,10.0,2.0,1.0,0.0,2.0,5.0,30.0,4.0,9.0,11.0,1.0,6.0,9.0,2.0,3.0,49.0,6.0,4.0,0.0,16.0,3.0,8.0,3.0,0.0,8.0,5.0,16.0,2.0,4.0,28.0,4.0,26.0,5.0,1.0,3.0,10.0,3.0,1.0,0.0,0.0,9.0,6.0,16.0,11.0,4.0,0.0,12.0,3.0,3.0,22.0,0.0,2.0,9.0,0.0,0.0,0.0,12.0,10.0,42.0,5.0,9.0,1.0,1.0,1.0,3.0,4.0,68.0,0.0,4.0,0.0,4.0,15.0,10.0,11.0,7.0,7.0,4.0,1.0,0.0,7.0,10.0,6.0,2.0,8.0,0.0,0.0,4.0,1.0,16.0,3.0,19.0,4.0,18.0,3.0,10.0,0.0,17.0,16.0,28.0,5.0,8.0,4.0,1.0,11.0
71,377341937.0,56.0,64.0,0.0,1.0,3.0,0.0,6.0,1.0,0.0,1.0,1.0,3.0,4.0,0.0,1.0,0.0,0.0,0.0,17.0,0.0,0.0,11.0,1.0,0.0,4.0,0.0,1.0,0.0,1.0,1.0,2.0,0.0,2.0,1.0,1.0,4.0,4.0,0.0,0.0,16.0,0.0,6.0,0.0,1.0,2.0,0.0,6.0,0.0,0.0,0.0,0.0,9.0,1.0,28.0,10.0,5.0,15.0,0.0,0.0,3.0,0.0,0.0,0.0,0.0,1.0,1.0,4.0,3.0,2.0,12.0,0.0,0.0,1.0,1.0,0.0,2.0,1.0,0.0,0.0,0.0,9.0,1.0,12.0,9.0,7.0,0.0,0.0,0.0,0.0,0.0,27.0,6.0,1.0,0.0,2.0,14.0,3.0,2.0,0.0,1.0,0.0,1.0,0.0,0.0,0.0,1.0,0.0,4.0,0.0,0.0,1.0,1.0,1.0,5.0,10.0,3.0,1.0,3.0,0.0,0.0,1.0,3.0,3.0,9.0,0.0,2.0,1.0,0.0
72,3925244724.0,2.0,1.0,1.0,1.0,1.0,21.0,1.0,1.0,2.0,4.0,2.0,10.0,0.0,1.0,251.0,3.0,0.0,0.0,4.0,0.0,1.0,0.0,0.0,0.0,4.0,0.0,0.0,1.0,3.0,0.0,4.0,3.0,0.0,2.0,1.0,0.0,0.0,0.0,1.0,7.0,3.0,1.0,0.0,2.0,1.0,2.0,1.0,0.0,3.0,0.0,9.0,0.0,3.0,4.0,0.0,5.0,0.0,0.0,0.0,1.0,0.0,0.0,0.0,46.0,5.0,1.0,1.0,4.0,0.0,3.0,0.0,0.0,0.0,6.0,0.0,7.0,405.0,0.0,0.0,622.0,2.0,6.0,2.0,22.0,0.0,0.0,2.0,0.0,1.0,0.0,16.0,0.0,0.0,0.0,1.0,0.0,2.0,2.0,3.0,2.0,1.0,0.0,0.0,0.0,1.0,1.0,1.0,0.0,0.0,0.0,1.0,0.0,14.0,1.0,2.0,0.0,10.0,0.0,21.0,0.0,5.0,0.0,335.0,4.0,1.0,1.0,8.0,1.0
73,392628927.0,5.0,2.0,0.0,1.0,1.0,1.0,1.0,1.0,1.0,1.0,0.0,1.0,0.0,0.0,10.0,3.0,0.0,1.0,4.0,0.0,0.0,1.0,0.0,1.0,2.0,1.0,0.0,0.0,0.0,1.0,12.0,2.0,2.0,1.0,0.0,1.0,0.0,1.0,0.0,8.0,3.0,1.0,0.0,4.0,1.0,2.0,3.0,0.0,2.0,2.0,4.0,0.0,0.0,7.0,1.0,5.0,2.0,0.0,0.0,1.0,0.0,0.0,0.0,0.0,1.0,1.0,1.0,2.0,0.0,3.0,1.0,0.0,0.0,6.0,0.0,0.0,0.0,0.0,0.0,2.0,0.0,1.0,5.0,1.0,2.0,0.0,0.0,0.0,0.0,0.0,4.0,0.0,1.0,0.0,2.0,3.0,1.0,2.0,2.0,0.0,0.0,1.0,0.0,2.0,2.0,1.0,1.0,0.0,0.0,0.0,1.0,1.0,1.0,3.0,5.0,0.0,2.0,1.0,0.0,0.0,1.0,3.0,16.0,2.0,2.0,1.0,0.0,7.0
74,39707835.0,3.0,6.0,0.0,5.0,0.0,17.0,7.0,3.0,11.0,3.0,1.0,23.0,1.0,4.0,24.0,11.0,0.0,0.0,12.0,0.0,0.0,4.0,1.0,0.0,20.0,3.0,1.0,2.0,1.0,12.0,42.0,2.0,8.0,15.0,1.0,4.0,1.0,0.0,2.0,26.0,8.0,4.0,0.0,26.0,4.0,13.0,2.0,0.0,5.0,12.0,32.0,0.0,7.0,18.0,1.0,17.0,0.0,0.0,0.0,7.0,7.0,0.0,0.0,0.0,5.0,10.0,11.0,16.0,0.0,22.0,1.0,6.0,6.0,0.0,1.0,5.0,8.0,1.0,0.0,2.0,2.0,16.0,19.0,5.0,0.0,3.0,5.0,2.0,7.0,0.0,86.0,1.0,1.0,2.0,9.0,3.0,8.0,7.0,27.0,25.0,2.0,1.0,0.0,6.0,1.0,3.0,4.0,2.0,0.0,0.0,17.0,2.0,12.0,3.0,14.0,1.0,35.0,2.0,11.0,1.0,14.0,12.0,33.0,4.0,9.0,3.0,1.0,6.0
75,4099886599.0,0.0,0.0,0.0,0.0,0.0,0.0,0.0,0.0,0.0,0.0,0.0,0.0,0.0,2.0,0.0,0.0,0.0,0.0,0.0,0.0,0.0,0.0,0.0,0.0,0.0,0.0,0.0,0.0,0.0,0.0,0.0,0.0,0.0,0.0,0.0,0.0,0.0,0.0,0.0,0.0,0.0,0.0,0.0,0.0,0.0,0.0,0.0,0.0,0.0,0.0,0.0,0.0,2.0,0.0,0.0,0.0,0.0,0.0,0.0,0.0,0.0,0.0,0.0,0.0,0.0,0.0,0.0,1.0,0.0,0.0,0.0,0.0,0.0,1.0,0.0,0.0,0.0,0.0,0.0,0.0,0.0,0.0,1.0,0.0,0.0,0.0,0.0,0.0,1.0,0.0,9.0,0.0,0.0,1.0,0.0,0.0,0.0,0.0,0.0,2.0,0.0,0.0,53.0,0.0,0.0,0.0,3.0,0.0,1.0,0.0,1.0,0.0,0.0,0.0,0.0,0.0,0.0,0.0,0.0,41.0,0.0,0.0,0.0,0.0,0.0,0.0,0.0,0.0
76,41850450.0,5.0,3.0,1.0,3.0,0.0,1.0,3.0,0.0,1.0,11.0,3.0,20.0,0.0,0.0,3.0,3.0,0.0,0.0,2.0,0.0,0.0,0.0,1.0,0.0,3.0,0.0,1.0,1.0,5.0,2.0,11.0,1.0,2.0,4.0,1.0,1.0,0.0,0.0,0.0,16.0,0.0,5.0,0.0,9.0,0.0,2.0,1.0,0.0,1.0,2.0,4.0,0.0,1.0,5.0,1.0,5.0,0.0,0.0,0.0,0.0,0.0,0.0,0.0,0.0,4.0,2.0,4.0,5.0,0.0,2.0,2.0,7.0,0.0,5.0,0.0,0.0,4.0,0.0,0.0,0.0,1.0,3.0,8.0,46.0,0.0,0.0,1.0,1.0,0.0,0.0,8.0,0.0,0.0,0.0,5.0,1.0,1.0,4.0,4.0,1.0,0.0,0.0,0.0,0.0,0.0,2.0,0.0,0.0,0.0,0.0,1.0,0.0,15.0,2.0,1.0,1.0,5.0,2.0,0.0,0.0,4.0,0.0,6.0,0.0,0.0,1.0,54.0,0.0
77,4256951475.0,12.0,4.0,2.0,1.0,2.0,41.0,3.0,0.0,4.0,1.0,2.0,7.0,0.0,0.0,368.0,1.0,0.0,0.0,11.0,0.0,0.0,0.0,1.0,0.0,11.0,0.0,1.0,0.0,1.0,0.0,23.0,3.0,4.0,8.0,2.0,1.0,5.0,0.0,0.0,12.0,1.0,3.0,0.0,4.0,1.0,8.0,1.0,0.0,3.0,2.0,7.0,0.0,1.0,13.0,1.0,6.0,0.0,0.0,0.0,2.0,1.0,0.0,0.0,49.0,4.0,7.0,6.0,6.0,0.0,9.0,1.0,405.0,0.0,8.0,0.0,4.0,0.0,0.0,0.0,587.0,3.0,6.0,7.0,5.0,0.0,1.0,3.0,1.0,3.0,2.0,14.0,1.0,0.0,0.0,5.0,2.0,0.0,3.0,11.0,1.0,0.0,0.0,0.0,2.0,2.0,2.0,0.0,1.0,0.0,0.0,2.0,0.0,3.0,3.0,3.0,1.0,13.0,1.0,20.0,0.0,7.0,5.0,543.0,3.0,0.0,3.0,1.0,11.0
78,429357190.0,0.0,0.0,0.0,0.0,0.0,0.0,0.0,0.0,1.0,0.0,0.0,0.0,0.0,0.0,0.0,0.0,0.0,0.0,0.0,0.0,0.0,0.0,0.0,0.0,0.0,0.0,0.0,0.0,0.0,0.0,1.0,0.0,0.0,0.0,0.0,0.0,0.0,0.0,0.0,0.0,0.0,0.0,0.0,0.0,0.0,0.0,0.0,0.0,0.0,0.0,0.0,0.0,0.0,0.0,0.0,0.0,0.0,0.0,0.0,0.0,0.0,0.0,0.0,0.0,0.0,1.0,0.0,0.0,0.0,0.0,0.0,0.0,0.0,1.0,0.0,0.0,0.0,0.0,0.0,0.0,0.0,0.0,0.0,0.0,0.0,0.0,1.0,0.0,0.0,0.0,0.0,0.0,0.0,0.0,0.0,0.0,0.0,0.0,1.0,1.0,0.0,0.0,0.0,0.0,0.0,0.0,0.0,0.0,0.0,0.0,0.0,0.0,0.0,1.0,1.0,0.0,1.0,0.0,0.0,0.0,0.0,0.0,0.0,0.0,0.0,0.0,0.0,1.0
79,4518631756.0,1.0,0.0,0.0,0.0,0.0,6.0,0.0,1.0,0.0,0.0,0.0,1.0,0.0,0.0,5.0,0.0,1.0,0.0,0.0,0.0,0.0,0.0,0.0,0.0,0.0,0.0,0.0,0.0,0.0,0.0,0.0,0.0,34.0,0.0,0.0,0.0,9.0,0.0,0.0,0.0,0.0,0.0,0.0,0.0,0.0,0.0,0.0,0.0,0.0,0.0,0.0,0.0,1.0,0.0,0.0,0.0,0.0,0.0,0.0,2.0,0.0,0.0,0.0,0.0,0.0,0.0,2.0,0.0,0.0,0.0,0.0,0.0,0.0,0.0,0.0,0.0,0.0,0.0,0.0,0.0,0.0,0.0,1.0,0.0,0.0,0.0,1.0,0.0,0.0,0.0,0.0,0.0,1.0,0.0,0.0,0.0,1.0,6.0,0.0,0.0,0.0,0.0,0.0,0.0,0.0,0.0,0.0,3.0,0.0,0.0,0.0,0.0,0.0,0.0,0.0,0.0,0.0,0.0,0.0,0.0,8.0,2.0,0.0,1.0,0.0,0.0,0.0,2.0
80,4564475574.0,1.0,0.0,0.0,1.0,0.0,29.0,1.0,0.0,0.0,1.0,2.0,0.0,0.0,0.0,394.0,1.0,0.0,0.0,3.0,0.0,0.0,0.0,0.0,0.0,1.0,0.0,0.0,0.0,0.0,0.0,4.0,1.0,0.0,1.0,0.0,0.0,0.0,0.0,0.0,3.0,0.0,0.0,0.0,1.0,1.0,7.0,0.0,0.0,1.0,0.0,2.0,0.0,0.0,3.0,0.0,1.0,0.0,0.0,0.0,1.0,0.0,0.0,0.0,36.0,1.0,1.0,1.0,1.0,0.0,0.0,0.0,622.0,2.0,2.0,0.0,0.0,587.0,0.0,0.0,0.0,0.0,5.0,0.0,3.0,0.0,1.0,1.0,0.0,0.0,0.0,5.0,0.0,0.0,0.0,1.0,0.0,1.0,2.0,2.0,0.0,0.0,1.0,0.0,0.0,1.0,0.0,2.0,0.0,0.0,0.0,1.0,0.0,2.0,0.0,2.0,0.0,1.0,1.0,10.0,0.0,2.0,0.0,413.0,0.0,0.0,1.0,0.0,1.0
81,462846504.0,5.0,9.0,1.0,1.0,0.0,3.0,2.0,3.0,0.0,0.0,1.0,2.0,4.0,0.0,3.0,0.0,1.0,0.0,15.0,0.0,0.0,8.0,0.0,0.0,2.0,0.0,0.0,0.0,0.0,1.0,2.0,3.0,0.0,1.0,0.0,0.0,2.0,0.0,1.0,3.0,0.0,2.0,0.0,4.0,0.0,1.0,1.0,0.0,2.0,0.0,2.0,1.0,1.0,7.0,2.0,2.0,3.0,0.0,0.0,5.0,1.0,0.0,5.0,0.0,1.0,0.0,1.0,6.0,1.0,12.0,9.0,2.0,0.0,2.0,0.0,1.0,3.0,0.0,0.0,0.0,0.0,3.0,16.0,6.0,3.0,0.0,1.0,1.0,0.0,0.0,15.0,1.0,0.0,0.0,0.0,5.0,5.0,0.0,3.0,1.0,1.0,0.0,0.0,1.0,1.0,1.0,3.0,7.0,1.0,0.0,0.0,0.0,2.0,1.0,3.0,2.0,1.0,0.0,1.0,0.0,2.0,0.0,5.0,3.0,1.0,0.0,0.0,0.0
82,46317443.0,3.0,1.0,0.0,4.0,3.0,13.0,4.0,2.0,1.0,3.0,1.0,10.0,0.0,0.0,13.0,2.0,0.0,1.0,6.0,0.0,0.0,2.0,1.0,0.0,11.0,3.0,1.0,1.0,1.0,6.0,15.0,1.0,7.0,6.0,1.0,3.0,0.0,1.0,3.0,16.0,8.0,1.0,0.0,5.0,2.0,3.0,1.0,0.0,3.0,4.0,16.0,1.0,1.0,9.0,1.0,8.0,0.0,0.0,0.0,6.0,1.0,2.0,1.0,1.0,5.0,3.0,5.0,6.0,0.0,10.0,1.0,6.0,1.0,16.0,0.0,3.0,6.0,0.0,0.0,5.0,3.0,0.0,19.0,4.0,1.0,2.0,0.0,3.0,2.0,1.0,22.0,0.0,1.0,0.0,3.0,2.0,5.0,5.0,5.0,7.0,1.0,1.0,0.0,4.0,4.0,3.0,2.0,2.0,0.0,0.0,3.0,1.0,8.0,1.0,4.0,1.0,9.0,1.0,9.0,0.0,6.0,8.0,18.0,5.0,7.0,2.0,1.0,3.0
83,463810225.0,12.0,15.0,1.0,6.0,18.0,12.0,12.0,6.0,6.0,3.0,3.0,19.0,3.0,1.0,43.0,38.0,1.0,1.0,26.0,0.0,1.0,10.0,2.0,0.0,16.0,0.0,1.0,4.0,2.0,2.0,33.0,4.0,10.0,13.0,1.0,2.0,5.0,0.0,1.0,55.0,6.0,7.0,0.0,17.0,8.0,10.0,3.0,0.0,7.0,1.0,69.0,4.0,2.0,20.0,4.0,27.0,3.0,0.0,0.0,4.0,1.0,1.0,2.0,0.0,4.0,5.0,68.0,22.0,2.0,42.0,12.0,2.0,5.0,19.0,1.0,8.0,7.0,0.0,1.0,0.0,16.0,19.0,0.0,5.0,4.0,11.0,1.0,28.0,9.0,1.0,64.0,4.0,2.0,0.0,19.0,11.0,27.0,11.0,10.0,6.0,1.0,1.0,0.0,4.0,4.0,4.0,4.0,9.0,4.0,1.0,6.0,1.0,13.0,4.0,34.0,9.0,39.0,4.0,7.0,1.0,8.0,13.0,16.0,3.0,14.0,2.0,2.0,16.0
84,46643039.0,13.0,3.0,1.0,3.0,0.0,5.0,6.0,2.0,2.0,16.0,7.0,14.0,0.0,0.0,7.0,1.0,0.0,0.0,9.0,0.0,0.0,1.0,1.0,0.0,5.0,1.0,1.0,1.0,4.0,1.0,8.0,2.0,2.0,4.0,2.0,3.0,1.0,0.0,0.0,43.0,0.0,3.0,0.0,4.0,0.0,1.0,20.0,0.0,1.0,1.0,5.0,1.0,2.0,18.0,1.0,16.0,4.0,0.0,2.0,7.0,1.0,0.0,0.0,0.0,8.0,2.0,11.0,5.0,3.0,5.0,9.0,22.0,1.0,5.0,0.0,46.0,5.0,0.0,0.0,3.0,6.0,4.0,5.0,0.0,2.0,1.0,3.0,1.0,0.0,0.0,15.0,0.0,0.0,0.0,2.0,2.0,2.0,2.0,0.0,3.0,1.0,5.0,0.0,1.0,2.0,2.0,2.0,0.0,0.0,0.0,2.0,5.0,38.0,10.0,5.0,1.0,1.0,7.0,3.0,0.0,15.0,1.0,8.0,3.0,1.0,3.0,46.0,0.0
85,469391870.0,3.0,1.0,0.0,0.0,0.0,0.0,3.0,2.0,0.0,0.0,0.0,4.0,2.0,0.0,1.0,3.0,0.0,2.0,16.0,0.0,0.0,11.0,0.0,0.0,2.0,0.0,0.0,0.0,0.0,5.0,5.0,0.0,5.0,0.0,1.0,4.0,3.0,0.0,6.0,16.0,1.0,2.0,0.0,1.0,0.0,1.0,1.0,0.0,1.0,2.0,6.0,9.0,1.0,11.0,1.0,12.0,10.0,0.0,1.0,10.0,0.0,1.0,0.0,0.0,0.0,0.0,4.0,1.0,2.0,9.0,7.0,0.0,2.0,0.0,0.0,0.0,0.0,0.0,0.0,0.0,3.0,1.0,4.0,2.0,0.0,1.0,0.0,0.0,0.0,1.0,14.0,0.0,1.0,0.0,2.0,8.0,1.0,4.0,0.0,1.0,0.0,1.0,0.0,0.0,6.0,1.0,0.0,5.0,0.0,0.0,1.0,2.0,5.0,1.0,3.0,0.0,1.0,1.0,0.0,0.0,3.0,7.0,2.0,1.0,0.0,2.0,0.0,0.0
86,52225379.0,3.0,0.0,0.0,1.0,1.0,1.0,4.0,0.0,0.0,0.0,0.0,5.0,0.0,0.0,2.0,1.0,0.0,1.0,0.0,0.0,0.0,5.0,4.0,0.0,3.0,0.0,0.0,0.0,0.0,4.0,4.0,0.0,3.0,4.0,0.0,0.0,1.0,0.0,2.0,7.0,1.0,0.0,0.0,0.0,6.0,2.0,0.0,0.0,0.0,2.0,2.0,0.0,0.0,7.0,0.0,2.0,2.0,0.0,0.0,4.0,0.0,0.0,0.0,0.0,2.0,0.0,52.0,1.0,0.0,1.0,0.0,0.0,0.0,3.0,0.0,0.0,1.0,0.0,0.0,1.0,0.0,2.0,11.0,1.0,1.0,0.0,1.0,4.0,0.0,0.0,7.0,0.0,0.0,0.0,1.0,1.0,0.0,3.0,0.0,1.0,1.0,0.0,1.0,3.0,2.0,0.0,0.0,1.0,0.0,0.0,0.0,0.0,5.0,0.0,2.0,0.0,3.0,0.0,0.0,0.0,6.0,5.0,4.0,0.0,0.0,1.0,0.0,3.0
87,540158046.0,5.0,2.0,2.0,0.0,0.0,3.0,2.0,0.0,2.0,0.0,1.0,3.0,1.0,0.0,2.0,1.0,0.0,0.0,0.0,0.0,0.0,0.0,0.0,0.0,4.0,1.0,0.0,1.0,0.0,0.0,7.0,1.0,2.0,4.0,0.0,1.0,1.0,0.0,0.0,5.0,1.0,1.0,0.0,3.0,0.0,0.0,1.0,0.0,2.0,1.0,0.0,0.0,0.0,1.0,0.0,4.0,1.0,0.0,0.0,1.0,0.0,0.0,0.0,0.0,1.0,3.0,3.0,4.0,0.0,1.0,0.0,2.0,0.0,5.0,0.0,1.0,3.0,1.0,1.0,1.0,1.0,0.0,1.0,3.0,0.0,1.0,0.0,0.0,0.0,0.0,3.0,0.0,0.0,0.0,0.0,0.0,0.0,0.0,4.0,3.0,0.0,0.0,0.0,0.0,1.0,1.0,0.0,0.0,0.0,0.0,0.0,0.0,2.0,2.0,3.0,0.0,5.0,1.0,0.0,0.0,5.0,1.0,4.0,0.0,0.0,1.0,0.0,2.0
88,563618228.0,3.0,5.0,0.0,1.0,0.0,4.0,0.0,0.0,0.0,0.0,1.0,11.0,0.0,1.0,3.0,0.0,0.0,0.0,0.0,0.0,0.0,0.0,0.0,0.0,5.0,0.0,0.0,1.0,0.0,1.0,3.0,0.0,0.0,0.0,0.0,0.0,0.0,0.0,2.0,4.0,1.0,0.0,0.0,0.0,2.0,0.0,0.0,0.0,1.0,0.0,0.0,0.0,0.0,1.0,0.0,0.0,0.0,0.0,0.0,0.0,0.0,0.0,0.0,0.0,0.0,0.0,8.0,6.0,0.0,1.0,0.0,0.0,0.0,2.0,0.0,1.0,1.0,0.0,0.0,0.0,1.0,3.0,28.0,1.0,0.0,4.0,0.0,0.0,1.0,0.0,1.0,2.0,0.0,1.0,8.0,0.0,0.0,4.0,0.0,2.0,0.0,0.0,0.0,0.0,0.0,0.0,1.0,0.0,0.0,0.0,0.0,0.0,0.0,0.0,0.0,0.0,2.0,0.0,0.0,0.0,0.0,0.0,1.0,1.0,0.0,0.0,0.0,2.0
89,569284092.0,0.0,1.0,0.0,0.0,1.0,0.0,1.0,0.0,1.0,1.0,0.0,2.0,0.0,5.0,6.0,10.0,0.0,0.0,2.0,0.0,1.0,0.0,0.0,0.0,2.0,2.0,0.0,0.0,0.0,0.0,4.0,1.0,1.0,4.0,0.0,0.0,0.0,0.0,0.0,2.0,2.0,0.0,0.0,4.0,2.0,0.0,0.0,0.0,2.0,0.0,3.0,0.0,1.0,2.0,0.0,4.0,0.0,0.0,0.0,0.0,2.0,0.0,0.0,0.0,1.0,3.0,4.0,6.0,0.0,3.0,0.0,1.0,0.0,7.0,1.0,0.0,3.0,0.0,0.0,0.0,0.0,2.0,9.0,0.0,0.0,0.0,0.0,1.0,0.0,1.0,15.0,0.0,0.0,0.0,3.0,0.0,3.0,0.0,9.0,6.0,0.0,0.0,0.0,0.0,0.0,0.0,1.0,0.0,0.0,0.0,7.0,0.0,0.0,0.0,5.0,0.0,7.0,0.0,2.0,1.0,4.0,0.0,4.0,0.0,1.0,0.0,0.0,1.0
90,570086436.0,0.0,1.0,0.0,2.0,1.0,2.0,0.0,2.0,0.0,0.0,0.0,0.0,0.0,0.0,2.0,0.0,0.0,0.0,5.0,0.0,0.0,2.0,0.0,0.0,0.0,0.0,0.0,0.0,0.0,0.0,3.0,1.0,1.0,0.0,0.0,0.0,1.0,0.0,0.0,10.0,0.0,0.0,0.0,0.0,1.0,0.0,0.0,0.0,2.0,0.0,0.0,0.0,0.0,1.0,0.0,2.0,0.0,0.0,0.0,1.0,1.0,0.0,0.0,0.0,1.0,1.0,2.0,0.0,1.0,4.0,0.0,0.0,0.0,0.0,0.0,0.0,2.0,0.0,0.0,0.0,0.0,1.0,1.0,0.0,1.0,0.0,0.0,0.0,1.0,0.0,4.0,0.0,0.0,0.0,0.0,2.0,0.0,0.0,1.0,0.0,0.0,0.0,0.0,0.0,0.0,0.0,0.0,2.0,0.0,0.0,1.0,0.0,1.0,0.0,2.0,1.0,0.0,0.0,0.0,0.0,8.0,2.0,2.0,0.0,0.0,0.0,0.0,1.0
91,58812687.0,28.0,8.0,1.0,10.0,5.0,33.0,26.0,14.0,9.0,5.0,3.0,33.0,4.0,18.0,43.0,21.0,3.0,3.0,69.0,0.0,1.0,34.0,1.0,0.0,44.0,3.0,1.0,4.0,1.0,21.0,60.0,4.0,10.0,21.0,2.0,8.0,16.0,3.0,5.0,99.0,8.0,3.0,0.0,35.0,7.0,18.0,5.0,0.0,9.0,17.0,82.0,7.0,15.0,66.0,5.0,42.0,8.0,0.0,1.0,44.0,14.0,2.0,0.0,1.0,11.0,8.0,40.0,18.0,4.0,68.0,27.0,16.0,4.0,86.0,9.0,8.0,14.0,0.0,0.0,5.0,15.0,22.0,64.0,15.0,14.0,7.0,3.0,1.0,15.0,4.0,0.0,3.0,3.0,1.0,8.0,20.0,15.0,24.0,20.0,55.0,2.0,3.0,1.0,30.0,11.0,14.0,5.0,8.0,0.0,0.0,42.0,2.0,38.0,7.0,45.0,5.0,40.0,6.0,14.0,6.0,34.0,37.0,61.0,9.0,11.0,7.0,4.0,11.0
92,59507319.0,11.0,19.0,0.0,5.0,1.0,1.0,2.0,1.0,0.0,1.0,0.0,2.0,0.0,0.0,1.0,1.0,0.0,0.0,3.0,0.0,0.0,3.0,0.0,0.0,1.0,1.0,0.0,0.0,0.0,1.0,2.0,0.0,1.0,2.0,0.0,0.0,0.0,0.0,0.0,18.0,0.0,1.0,0.0,0.0,1.0,1.0,0.0,0.0,1.0,1.0,1.0,0.0,0.0,6.0,0.0,2.0,1.0,0.0,1.0,1.0,0.0,0.0,0.0,0.0,1.0,0.0,3.0,4.0,0.0,0.0,6.0,0.0,0.0,1.0,0.0,0.0,1.0,0.0,0.0,0.0,1.0,0.0,4.0,0.0,0.0,0.0,0.0,2.0,0.0,0.0,3.0,0.0,0.0,0.0,0.0,0.0,0.0,2.0,0.0,0.0,0.0,0.0,0.0,1.0,4.0,1.0,0.0,0.0,0.0,0.0,1.0,0.0,4.0,0.0,0.0,0.0,1.0,0.0,0.0,0.0,6.0,3.0,1.0,2.0,1.0,1.0,0.0,5.0
93,60094886.0,0.0,0.0,0.0,2.0,1.0,0.0,2.0,3.0,0.0,0.0,0.0,1.0,0.0,0.0,0.0,3.0,0.0,2.0,2.0,0.0,0.0,2.0,0.0,0.0,2.0,1.0,0.0,0.0,0.0,1.0,2.0,0.0,1.0,1.0,0.0,1.0,1.0,1.0,0.0,7.0,1.0,1.0,0.0,1.0,0.0,1.0,0.0,0.0,2.0,1.0,3.0,1.0,0.0,2.0,1.0,4.0,1.0,0.0,1.0,2.0,0.0,0.0,0.0,0.0,1.0,0.0,1.0,1.0,0.0,4.0,1.0,0.0,1.0,1.0,0.0,0.0,0.0,0.0,1.0,0.0,0.0,1.0,2.0,0.0,1.0,0.0,0.0,0.0,0.0,0.0,3.0,0.0,0.0,0.0,1.0,1.0,1.0,3.0,0.0,0.0,0.0,1.0,0.0,2.0,2.0,2.0,0.0,0.0,0.0,0.0,0.0,0.0,2.0,0.0,0.0,0.0,0.0,0.0,1.0,0.0,2.0,2.0,2.0,1.0,1.0,2.0,0.0,0.0
94,60925921.0,0.0,0.0,0.0,1.0,0.0,0.0,0.0,0.0,0.0,0.0,0.0,1.0,0.0,1.0,0.0,0.0,0.0,0.0,0.0,0.0,0.0,0.0,0.0,0.0,1.0,0.0,0.0,0.0,0.0,1.0,0.0,0.0,0.0,0.0,0.0,0.0,0.0,0.0,0.0,0.0,0.0,0.0,0.0,0.0,0.0,0.0,0.0,0.0,0.0,0.0,0.0,0.0,0.0,0.0,0.0,0.0,0.0,0.0,0.0,0.0,0.0,0.0,0.0,0.0,0.0,0.0,0.0,0.0,0.0,0.0,0.0,0.0,0.0,2.0,1.0,0.0,0.0,0.0,0.0,0.0,0.0,0.0,0.0,0.0,0.0,0.0,0.0,1.0,0.0,0.0,1.0,0.0,0.0,0.0,1.0,0.0,0.0,1.0,0.0,3.0,0.0,0.0,0.0,0.0,0.0,0.0,2.0,0.0,0.0,0.0,0.0,0.0,0.0,0.0,0.0,0.0,0.0,0.0,0.0,0.0,0.0,0.0,0.0,0.0,0.0,0.0,0.0,0.0
95,61500220.0,7.0,11.0,0.0,3.0,0.0,1.0,4.0,4.0,9.0,2.0,1.0,14.0,0.0,1.0,8.0,11.0,1.0,2.0,5.0,0.0,0.0,1.0,2.0,0.0,13.0,1.0,1.0,1.0,1.0,3.0,12.0,1.0,5.0,8.0,1.0,2.0,1.0,2.0,0.0,15.0,2.0,4.0,0.0,7.0,9.0,1.0,1.0,0.0,2.0,4.0,2.0,7.0,1.0,6.0,1.0,3.0,0.0,0.0,1.0,4.0,1.0,0.0,0.0,0.0,2.0,4.0,11.0,8.0,1.0,4.0,2.0,1.0,2.0,9.0,0.0,5.0,5.0,0.0,0.0,1.0,0.0,3.0,19.0,2.0,2.0,1.0,0.0,8.0,3.0,0.0,8.0,0.0,1.0,1.0,0.0,2.0,4.0,5.0,7.0,2.0,0.0,1.0,0.0,1.0,2.0,3.0,1.0,0.0,0.0,0.0,1.0,1.0,2.0,1.0,3.0,1.0,24.0,1.0,2.0,0.0,2.0,3.0,7.0,1.0,2.0,3.0,1.0,0.0
96,62726390.0,9.0,1.0,0.0,1.0,0.0,2.0,10.0,2.0,0.0,1.0,1.0,2.0,3.0,0.0,1.0,2.0,1.0,1.0,13.0,0.0,0.0,17.0,1.0,0.0,5.0,0.0,1.0,0.0,1.0,2.0,4.0,0.0,3.0,2.0,1.0,2.0,3.0,1.0,0.0,9.0,2.0,6.0,0.0,2.0,0.0,0.0,1.0,0.0,0.0,1.0,4.0,2.0,2.0,14.0,4.0,7.0,6.0,0.0,0.0,4.0,1.0,0.0,0.0,0.0,2.0,1.0,2.0,7.0,2.0,15.0,14.0,0.0,3.0,3.0,0.0,1.0,2.0,0.0,0.0,0.0,5.0,2.0,11.0,2.0,8.0,1.0,0.0,0.0,0.0,2.0,20.0,0.0,1.0,0.0,2.0,0.0,2.0,3.0,0.0,2.0,0.0,0.0,0.0,2.0,1.0,3.0,0.0,6.0,0.0,0.0,1.0,0.0,2.0,1.0,6.0,3.0,3.0,1.0,0.0,0.0,2.0,4.0,4.0,1.0,1.0,2.0,2.0,1.0
97,62929266.0,2.0,4.0,0.0,1.0,0.0,2.0,1.0,2.0,1.0,2.0,0.0,6.0,0.0,0.0,8.0,10.0,1.0,0.0,14.0,0.0,0.0,4.0,1.0,0.0,2.0,5.0,0.0,0.0,0.0,2.0,6.0,2.0,4.0,5.0,0.0,1.0,0.0,0.0,0.0,19.0,2.0,6.0,0.0,8.0,2.0,4.0,1.0,0.0,5.0,2.0,19.0,0.0,3.0,10.0,2.0,17.0,1.0,0.0,0.0,7.0,1.0,1.0,0.0,0.0,4.0,3.0,5.0,8.0,0.0,10.0,3.0,2.0,1.0,8.0,0.0,1.0,0.0,0.0,1.0,1.0,5.0,5.0,27.0,2.0,1.0,0.0,0.0,0.0,3.0,0.0,15.0,0.0,1.0,0.0,4.0,2.0,0.0,1.0,6.0,3.0,2.0,0.0,0.0,1.0,1.0,3.0,1.0,3.0,0.0,0.0,4.0,0.0,4.0,0.0,5.0,0.0,8.0,2.0,5.0,0.0,4.0,4.0,7.0,1.0,3.0,1.0,0.0,3.0
98,63184813.0,30.0,9.0,1.0,12.0,4.0,27.0,19.0,10.0,2.0,1.0,1.0,13.0,0.0,1.0,28.0,11.0,6.0,8.0,8.0,0.0,0.0,5.0,3.0,0.0,13.0,2.0,1.0,1.0,1.0,10.0,27.0,1.0,15.0,8.0,2.0,4.0,102.0,21.0,17.0,135.0,3.0,6.0,0.0,10.0,7.0,2.0,4.0,0.0,11.0,9.0,9.0,2.0,2.0,19.0,2.0,23.0,1.0,0.0,10.0,72.0,0.0,0.0,0.0,0.0,2.0,2.0,24.0,5.0,1.0,11.0,2.0,2.0,2.0,7.0,0.0,4.0,3.0,0.0,6.0,2.0,0.0,5.0,11.0,2.0,4.0,3.0,0.0,4.0,0.0,0.0,24.0,2.0,3.0,1.0,5.0,3.0,1.0,0.0,2.0,6.0,0.0,3.0,0.0,9.0,17.0,9.0,1.0,12.0,0.0,0.0,1.0,1.0,23.0,3.0,6.0,1.0,7.0,1.0,0.0,0.0,23.0,18.0,16.0,8.0,1.0,4.0,2.0,10.0
99,69045175.0,0.0,0.0,0.0,2.0,0.0,3.0,1.0,0.0,15.0,3.0,0.0,17.0,0.0,0.0,17.0,15.0,0.0,0.0,8.0,0.0,0.0,0.0,0.0,0.0,25.0,5.0,0.0,1.0,0.0,3.0,45.0,4.0,2.0,13.0,0.0,0.0,0.0,0.0,0.0,13.0,3.0,4.0,0.0,16.0,3.0,5.0,0.0,0.0,7.0,18.0,17.0,0.0,1.0,9.0,0.0,17.0,0.0,0.0,0.0,1.0,1.0,1.0,0.0,0.0,5.0,16.0,3.0,17.0,0.0,7.0,0.0,3.0,2.0,27.0,0.0,4.0,11.0,1.0,0.0,2.0,3.0,5.0,10.0,0.0,0.0,0.0,4.0,0.0,9.0,1.0,20.0,0.0,0.0,0.0,7.0,0.0,6.0,2.0,0.0,7.0,0.0,2.0,0.0,0.0,2.0,0.0,0.0,1.0,0.0,0.0,4.0,1.0,3.0,1.0,14.0,0.0,43.0,1.0,4.0,0.0,13.0,1.0,24.0,1.0,3.0,0.0,0.0,6.0
100,70063655.0,4.0,1.0,0.0,3.0,0.0,6.0,3.0,2.0,4.0,1.0,1.0,7.0,0.0,10.0,12.0,4.0,0.0,0.0,4.0,0.0,0.0,1.0,1.0,0.0,8.0,2.0,1.0,0.0,1.0,5.0,13.0,1.0,4.0,7.0,1.0,1.0,1.0,1.0,0.0,9.0,0.0,1.0,0.0,5.0,0.0,4.0,4.0,0.0,1.0,1.0,4.0,0.0,7.0,6.0,1.0,8.0,0.0,0.0,0.0,2.0,3.0,0.0,0.0,0.0,1.0,6.0,8.0,6.0,0.0,7.0,1.0,2.0,0.0,25.0,2.0,1.0,1.0,1.0,0.0,0.0,1.0,7.0,6.0,3.0,1.0,1.0,3.0,2.0,6.0,0.0,55.0,0.0,0.0,3.0,2.0,2.0,3.0,6.0,7.0,0.0,2.0,0.0,0.0,2.0,1.0,1.0,3.0,2.0,0.0,0.0,16.0,0.0,4.0,2.0,7.0,1.0,8.0,1.0,3.0,3.0,6.0,4.0,10.0,2.0,2.0,2.0,1.0,3.0
101,7.062552115143434e+17,0.0,0.0,0.0,0.0,0.0,1.0,0.0,2.0,1.0,0.0,0.0,1.0,0.0,0.0,1.0,0.0,0.0,0.0,2.0,0.0,0.0,1.0,0.0,0.0,0.0,0.0,0.0,0.0,0.0,3.0,2.0,2.0,0.0,1.0,0.0,0.0,0.0,0.0,1.0,6.0,0.0,1.0,0.0,1.0,0.0,2.0,0.0,0.0,2.0,2.0,6.0,0.0,1.0,2.0,0.0,4.0,0.0,0.0,0.0,2.0,0.0,0.0,0.0,0.0,2.0,0.0,0.0,0.0,0.0,4.0,0.0,1.0,0.0,2.0,0.0,0.0,0.0,0.0,0.0,0.0,1.0,1.0,1.0,1.0,0.0,1.0,0.0,0.0,0.0,0.0,2.0,0.0,0.0,0.0,0.0,0.0,2.0,0.0,0.0,2.0,0.0,0.0,0.0,2.0,3.0,0.0,0.0,1.0,0.0,0.0,0.0,0.0,2.0,0.0,0.0,0.0,3.0,0.0,3.0,0.0,1.0,1.0,2.0,2.0,1.0,1.0,0.0,1.0
102,71176568.0,1.0,0.0,0.0,2.0,2.0,1.0,2.0,0.0,0.0,1.0,0.0,0.0,0.0,0.0,1.0,0.0,0.0,0.0,1.0,0.0,0.0,2.0,0.0,0.0,1.0,0.0,0.0,0.0,0.0,1.0,2.0,1.0,0.0,1.0,0.0,0.0,1.0,0.0,1.0,6.0,1.0,0.0,0.0,1.0,1.0,0.0,0.0,0.0,0.0,1.0,2.0,1.0,0.0,3.0,1.0,4.0,1.0,0.0,0.0,2.0,0.0,0.0,0.0,0.0,8.0,0.0,2.0,0.0,0.0,1.0,1.0,0.0,1.0,1.0,0.0,0.0,0.0,0.0,0.0,1.0,0.0,1.0,1.0,5.0,1.0,0.0,0.0,0.0,0.0,0.0,3.0,0.0,1.0,0.0,1.0,0.0,0.0,3.0,2.0,0.0,0.0,0.0,0.0,2.0,0.0,0.0,0.0,0.0,0.0,0.0,0.0,0.0,8.0,0.0,1.0,0.0,3.0,0.0,0.0,0.0,2.0,3.0,2.0,0.0,0.0,2.0,1.0,0.0
103,7.516272502698762e+17,0.0,0.0,0.0,0.0,0.0,0.0,0.0,0.0,0.0,0.0,0.0,0.0,0.0,1.0,0.0,0.0,0.0,0.0,0.0,0.0,0.0,0.0,0.0,0.0,0.0,0.0,0.0,0.0,0.0,0.0,0.0,0.0,0.0,0.0,0.0,0.0,0.0,0.0,0.0,0.0,0.0,0.0,0.0,0.0,0.0,0.0,0.0,0.0,0.0,0.0,0.0,0.0,0.0,0.0,0.0,0.0,0.0,0.0,0.0,0.0,0.0,0.0,0.0,0.0,0.0,0.0,0.0,0.0,0.0,0.0,0.0,0.0,0.0,0.0,53.0,0.0,0.0,0.0,0.0,0.0,0.0,0.0,0.0,0.0,0.0,1.0,0.0,0.0,0.0,0.0,1.0,0.0,0.0,0.0,0.0,0.0,0.0,0.0,0.0,0.0,0.0,0.0,0.0,0.0,0.0,0.0,0.0,0.0,0.0,0.0,0.0,0.0,0.0,0.0,0.0,0.0,0.0,0.0,0.0,85.0,0.0,0.0,0.0,0.0,0.0,0.0,0.0,0.0
104,75359064.0,11.0,0.0,0.0,3.0,2.0,6.0,7.0,2.0,0.0,0.0,0.0,3.0,0.0,0.0,8.0,2.0,0.0,2.0,4.0,0.0,0.0,9.0,0.0,0.0,14.0,0.0,0.0,2.0,0.0,14.0,18.0,1.0,2.0,7.0,0.0,1.0,8.0,2.0,4.0,28.0,2.0,0.0,0.0,4.0,3.0,2.0,2.0,0.0,3.0,6.0,13.0,1.0,0.0,17.0,1.0,8.0,0.0,0.0,2.0,18.0,0.0,0.0,0.0,0.0,2.0,0.0,18.0,3.0,1.0,7.0,0.0,0.0,2.0,6.0,0.0,0.0,2.0,0.0,0.0,0.0,1.0,4.0,4.0,1.0,0.0,3.0,0.0,0.0,0.0,0.0,30.0,1.0,2.0,0.0,1.0,2.0,1.0,9.0,0.0,2.0,2.0,2.0,0.0,0.0,6.0,5.0,0.0,1.0,0.0,0.0,1.0,0.0,18.0,0.0,1.0,0.0,6.0,1.0,3.0,0.0,19.0,20.0,6.0,2.0,3.0,3.0,0.0,0.0
105,75495372.0,10.0,5.0,0.0,8.0,3.0,3.0,2.0,5.0,1.0,0.0,0.0,7.0,0.0,0.0,10.0,10.0,1.0,4.0,9.0,0.0,0.0,2.0,0.0,0.0,3.0,0.0,0.0,0.0,0.0,7.0,16.0,3.0,2.0,4.0,0.0,4.0,5.0,1.0,8.0,69.0,5.0,10.0,0.0,3.0,3.0,2.0,0.0,0.0,4.0,4.0,8.0,2.0,2.0,10.0,0.0,14.0,0.0,0.0,2.0,15.0,0.0,1.0,0.0,0.0,3.0,0.0,5.0,2.0,0.0,10.0,0.0,1.0,2.0,1.0,0.0,0.0,2.0,0.0,0.0,1.0,1.0,4.0,4.0,2.0,6.0,2.0,1.0,0.0,0.0,0.0,11.0,4.0,2.0,0.0,2.0,1.0,1.0,17.0,2.0,1.0,3.0,0.0,0.0,6.0,0.0,5.0,0.0,1.0,0.0,0.0,0.0,0.0,11.0,0.0,3.0,0.0,9.0,0.0,2.0,0.0,13.0,5.0,9.0,2.0,2.0,2.0,0.0,2.0
106,759256634.0,9.0,4.0,1.0,2.0,1.0,3.0,7.0,4.0,2.0,2.0,2.0,4.0,0.0,0.0,4.0,6.0,1.0,6.0,9.0,0.0,0.0,4.0,1.0,0.0,5.0,1.0,1.0,1.0,1.0,1.0,9.0,2.0,4.0,4.0,1.0,4.0,6.0,2.0,2.0,23.0,1.0,3.0,0.0,5.0,2.0,3.0,2.0,0.0,4.0,3.0,6.0,0.0,1.0,7.0,1.0,7.0,1.0,0.0,4.0,3.0,0.0,0.0,0.0,0.0,1.0,1.0,6.0,4.0,2.0,6.0,1.0,1.0,1.0,3.0,0.0,2.0,2.0,0.0,0.0,0.0,1.0,3.0,4.0,2.0,1.0,0.0,1.0,0.0,0.0,0.0,14.0,1.0,2.0,0.0,3.0,3.0,3.0,9.0,0.0,1.0,0.0,0.0,0.0,5.0,5.0,0.0,0.0,0.0,0.0,0.0,1.0,1.0,5.0,3.0,1.0,1.0,6.0,1.0,1.0,0.0,7.0,6.0,9.0,1.0,1.0,2.0,1.0,2.0
107,7.622865936253829e+17,1.0,0.0,0.0,2.0,0.0,1.0,1.0,0.0,0.0,0.0,13.0,1.0,0.0,3.0,1.0,1.0,0.0,0.0,1.0,0.0,0.0,0.0,0.0,0.0,1.0,0.0,0.0,0.0,0.0,1.0,0.0,2.0,0.0,0.0,0.0,0.0,0.0,0.0,0.0,1.0,1.0,0.0,0.0,1.0,0.0,1.0,1.0,0.0,1.0,0.0,1.0,0.0,3.0,0.0,0.0,3.0,0.0,0.0,0.0,1.0,2.0,0.0,0.0,0.0,0.0,0.0,0.0,3.0,0.0,2.0,0.0,1.0,1.0,4.0,3.0,0.0,0.0,0.0,0.0,2.0,3.0,2.0,4.0,2.0,0.0,0.0,0.0,1.0,1.0,0.0,5.0,0.0,0.0,2.0,1.0,0.0,1.0,1.0,0.0,3.0,0.0,0.0,0.0,0.0,0.0,0.0,0.0,0.0,3.0,0.0,2.0,0.0,2.0,0.0,0.0,0.0,2.0,0.0,0.0,0.0,1.0,0.0,1.0,2.0,1.0,0.0,0.0,0.0
108,8.103921454420419e+17,2.0,0.0,0.0,1.0,0.0,13.0,1.0,5.0,1.0,0.0,0.0,3.0,2.0,0.0,21.0,2.0,0.0,1.0,9.0,0.0,0.0,7.0,0.0,0.0,2.0,0.0,0.0,0.0,0.0,2.0,5.0,1.0,1.0,1.0,0.0,0.0,21.0,0.0,0.0,6.0,0.0,0.0,0.0,2.0,0.0,3.0,0.0,0.0,3.0,0.0,1.0,1.0,0.0,11.0,2.0,10.0,2.0,0.0,0.0,13.0,0.0,0.0,0.0,0.0,1.0,2.0,2.0,4.0,2.0,8.0,4.0,0.0,0.0,2.0,0.0,0.0,1.0,0.0,3.0,0.0,7.0,2.0,9.0,0.0,5.0,1.0,0.0,0.0,0.0,2.0,8.0,0.0,0.0,0.0,0.0,6.0,3.0,12.0,1.0,2.0,1.0,0.0,0.0,1.0,1.0,0.0,0.0,0.0,0.0,0.0,1.0,0.0,3.0,0.0,6.0,2.0,3.0,0.0,1.0,1.0,26.0,7.0,3.0,6.0,2.0,0.0,0.0,2.0
109,812938015.0,0.0,0.0,0.0,0.0,0.0,0.0,1.0,0.0,0.0,0.0,0.0,0.0,0.0,0.0,0.0,0.0,0.0,0.0,1.0,0.0,0.0,2.0,0.0,0.0,0.0,0.0,0.0,0.0,0.0,0.0,0.0,0.0,0.0,0.0,0.0,0.0,0.0,0.0,0.0,0.0,0.0,0.0,0.0,0.0,0.0,0.0,0.0,0.0,0.0,0.0,0.0,0.0,0.0,0.0,0.0,0.0,0.0,0.0,0.0,0.0,0.0,0.0,0.0,0.0,0.0,0.0,0.0,2.0,0.0,0.0,0.0,0.0,0.0,0.0,1.0,0.0,0.0,0.0,0.0,0.0,1.0,0.0,4.0,0.0,0.0,0.0,0.0,0.0,0.0,0.0,0.0,0.0,0.0,0.0,0.0,0.0,0.0,0.0,0.0,0.0,0.0,0.0,0.0,0.0,0.0,0.0,3.0,0.0,0.0,0.0,0.0,0.0,0.0,0.0,0.0,0.0,0.0,0.0,0.0,0.0,0.0,0.0,0.0,0.0,0.0,0.0,0.0,0.0
110,8.192183391761203e+17,0.0,0.0,0.0,0.0,0.0,0.0,0.0,0.0,0.0,0.0,0.0,0.0,0.0,0.0,0.0,0.0,0.0,0.0,1.0,0.0,0.0,1.0,0.0,0.0,0.0,0.0,0.0,0.0,0.0,0.0,0.0,0.0,0.0,0.0,0.0,0.0,0.0,0.0,0.0,0.0,0.0,0.0,0.0,0.0,0.0,0.0,0.0,0.0,0.0,0.0,0.0,0.0,0.0,0.0,0.0,1.0,0.0,0.0,0.0,0.0,0.0,0.0,0.0,0.0,0.0,0.0,0.0,0.0,0.0,0.0,0.0,0.0,0.0,0.0,0.0,0.0,0.0,0.0,0.0,0.0,0.0,0.0,1.0,0.0,0.0,0.0,0.0,0.0,0.0,0.0,0.0,0.0,0.0,0.0,0.0,0.0,0.0,0.0,0.0,0.0,0.0,0.0,0.0,0.0,0.0,0.0,0.0,0.0,0.0,0.0,0.0,0.0,0.0,0.0,0.0,0.0,0.0,0.0,0.0,0.0,0.0,0.0,0.0,0.0,0.0,0.0,0.0,0.0
111,82855474.0,2.0,3.0,0.0,2.0,0.0,2.0,1.0,0.0,6.0,2.0,1.0,4.0,0.0,13.0,6.0,7.0,0.0,0.0,8.0,0.0,0.0,1.0,1.0,0.0,3.0,1.0,1.0,0.0,1.0,0.0,5.0,1.0,5.0,5.0,1.0,1.0,0.0,0.0,0.0,9.0,1.0,2.0,0.0,3.0,2.0,3.0,6.0,0.0,5.0,1.0,5.0,0.0,6.0,5.0,1.0,8.0,0.0,0.0,0.0,7.0,5.0,0.0,0.0,0.0,1.0,4.0,5.0,4.0,0.0,4.0,1.0,1.0,1.0,17.0,1.0,1.0,2.0,0.0,0.0,1.0,0.0,3.0,6.0,2.0,1.0,0.0,0.0,0.0,7.0,1.0,42.0,1.0,0.0,0.0,1.0,1.0,4.0,1.0,4.0,16.0,0.0,0.0,0.0,1.0,0.0,1.0,2.0,1.0,0.0,0.0,0.0,0.0,2.0,2.0,13.0,1.0,9.0,4.0,3.0,3.0,2.0,0.0,5.0,1.0,1.0,1.0,1.0,2.0
112,84783906.0,2.0,2.0,0.0,1.0,0.0,0.0,0.0,1.0,0.0,0.0,0.0,2.0,0.0,0.0,0.0,1.0,0.0,1.0,3.0,0.0,0.0,1.0,0.0,0.0,1.0,2.0,0.0,0.0,0.0,2.0,4.0,0.0,2.0,0.0,0.0,3.0,1.0,0.0,0.0,14.0,1.0,0.0,0.0,1.0,0.0,0.0,0.0,0.0,1.0,1.0,1.0,0.0,0.0,6.0,0.0,6.0,0.0,0.0,1.0,2.0,0.0,0.0,0.0,0.0,0.0,0.0,2.0,0.0,2.0,1.0,1.0,0.0,1.0,2.0,0.0,0.0,0.0,0.0,0.0,0.0,0.0,1.0,1.0,5.0,2.0,0.0,0.0,0.0,0.0,0.0,2.0,0.0,0.0,0.0,1.0,0.0,0.0,1.0,1.0,0.0,0.0,0.0,0.0,0.0,0.0,1.0,0.0,0.0,0.0,0.0,0.0,0.0,0.0,5.0,1.0,0.0,1.0,2.0,0.0,0.0,6.0,1.0,4.0,0.0,0.0,1.0,0.0,2.0
113,85764911.0,15.0,2.0,0.0,5.0,1.0,15.0,12.0,9.0,1.0,19.0,9.0,10.0,0.0,0.0,18.0,10.0,1.0,4.0,10.0,0.0,1.0,7.0,2.0,0.0,20.0,0.0,1.0,2.0,5.0,11.0,24.0,2.0,6.0,12.0,1.0,4.0,9.0,2.0,8.0,52.0,8.0,3.0,0.0,9.0,4.0,2.0,8.0,0.0,8.0,8.0,21.0,0.0,3.0,18.0,2.0,30.0,2.0,0.0,5.0,13.0,0.0,1.0,0.0,0.0,13.0,1.0,28.0,7.0,1.0,16.0,1.0,14.0,1.0,12.0,0.0,15.0,3.0,0.0,0.0,2.0,2.0,8.0,13.0,38.0,5.0,5.0,2.0,0.0,0.0,1.0,38.0,4.0,2.0,0.0,2.0,2.0,4.0,23.0,3.0,4.0,2.0,8.0,0.0,18.0,11.0,5.0,2.0,3.0,0.0,0.0,2.0,0.0,0.0,2.0,6.0,1.0,11.0,2.0,4.0,0.0,14.0,24.0,14.0,2.0,4.0,5.0,19.0,5.0
114,859388982.0,5.0,3.0,1.0,2.0,0.0,2.0,5.0,1.0,1.0,1.0,2.0,3.0,0.0,0.0,0.0,0.0,0.0,1.0,6.0,0.0,0.0,1.0,1.0,0.0,1.0,1.0,1.0,0.0,1.0,0.0,4.0,1.0,1.0,1.0,1.0,3.0,1.0,0.0,0.0,15.0,0.0,2.0,0.0,1.0,0.0,0.0,8.0,0.0,2.0,0.0,0.0,0.0,1.0,11.0,2.0,7.0,0.0,0.0,1.0,1.0,0.0,0.0,0.0,0.0,0.0,2.0,3.0,2.0,1.0,3.0,5.0,1.0,3.0,3.0,0.0,2.0,3.0,1.0,0.0,0.0,1.0,1.0,4.0,10.0,1.0,0.0,2.0,0.0,0.0,0.0,7.0,0.0,0.0,0.0,1.0,1.0,0.0,3.0,1.0,2.0,0.0,0.0,0.0,0.0,0.0,3.0,0.0,0.0,0.0,0.0,2.0,5.0,2.0,0.0,4.0,1.0,2.0,5.0,1.0,0.0,5.0,0.0,7.0,4.0,0.0,1.0,1.0,3.0
115,864114421.0,4.0,5.0,0.0,11.0,1.0,5.0,11.0,5.0,28.0,4.0,0.0,10.0,1.0,0.0,28.0,9.0,1.0,1.0,25.0,0.0,0.0,10.0,0.0,0.0,8.0,5.0,0.0,0.0,0.0,2.0,33.0,6.0,5.0,6.0,0.0,2.0,4.0,0.0,2.0,35.0,5.0,0.0,0.0,13.0,3.0,4.0,2.0,0.0,18.0,1.0,17.0,0.0,1.0,18.0,1.0,10.0,1.0,0.0,0.0,4.0,1.0,1.0,0.0,0.0,4.0,9.0,10.0,16.0,3.0,19.0,10.0,2.0,5.0,14.0,0.0,1.0,3.0,1.0,0.0,2.0,3.0,4.0,34.0,5.0,3.0,2.0,3.0,0.0,5.0,2.0,45.0,0.0,0.0,0.0,3.0,6.0,5.0,6.0,14.0,7.0,0.0,1.0,0.0,1.0,3.0,1.0,0.0,6.0,0.0,0.0,13.0,1.0,6.0,4.0,0.0,1.0,15.0,4.0,4.0,0.0,14.0,5.0,31.0,1.0,2.0,0.0,0.0,6.0
116,890515868.0,1.0,1.0,0.0,1.0,0.0,0.0,1.0,5.0,0.0,1.0,1.0,1.0,0.0,0.0,0.0,1.0,0.0,0.0,3.0,0.0,0.0,2.0,1.0,0.0,3.0,0.0,1.0,1.0,1.0,0.0,1.0,0.0,2.0,1.0,1.0,1.0,1.0,0.0,0.0,1.0,0.0,1.0,0.0,2.0,0.0,0.0,1.0,0.0,0.0,0.0,0.0,0.0,1.0,2.0,1.0,2.0,0.0,2.0,0.0,0.0,0.0,0.0,0.0,0.0,0.0,1.0,2.0,5.0,0.0,4.0,3.0,0.0,0.0,1.0,0.0,1.0,1.0,0.0,0.0,0.0,2.0,1.0,9.0,1.0,0.0,0.0,0.0,0.0,0.0,1.0,5.0,0.0,0.0,0.0,1.0,3.0,0.0,1.0,0.0,1.0,0.0,0.0,0.0,0.0,0.0,1.0,0.0,2.0,0.0,0.0,1.0,0.0,1.0,1.0,1.0,0.0,2.0,1.0,0.0,0.0,0.0,0.0,1.0,0.0,0.0,1.0,2.0,0.0
117,90222516.0,9.0,10.0,0.0,6.0,2.0,16.0,4.0,4.0,22.0,4.0,2.0,21.0,1.0,2.0,34.0,44.0,0.0,1.0,19.0,0.0,1.0,4.0,1.0,0.0,31.0,4.0,1.0,3.0,1.0,4.0,54.0,4.0,5.0,24.0,1.0,1.0,2.0,0.0,3.0,41.0,7.0,9.0,0.0,19.0,9.0,11.0,1.0,0.0,12.0,18.0,39.0,5.0,4.0,25.0,1.0,26.0,0.0,0.0,0.0,6.0,1.0,0.0,0.0,0.0,15.0,13.0,18.0,17.0,3.0,18.0,1.0,10.0,2.0,35.0,0.0,5.0,13.0,1.0,0.0,1.0,1.0,9.0,39.0,1.0,1.0,3.0,5.0,2.0,7.0,0.0,40.0,1.0,0.0,0.0,24.0,3.0,8.0,7.0,43.0,8.0,3.0,3.0,0.0,6.0,9.0,6.0,2.0,3.0,0.0,0.0,9.0,1.0,11.0,2.0,15.0,2.0,0.0,2.0,11.0,0.0,20.0,8.0,39.0,4.0,8.0,1.0,2.0,7.0
118,905605520.0,2.0,1.0,0.0,1.0,0.0,1.0,2.0,1.0,0.0,3.0,1.0,1.0,0.0,0.0,1.0,1.0,0.0,0.0,5.0,0.0,0.0,1.0,1.0,0.0,1.0,0.0,1.0,0.0,1.0,0.0,3.0,0.0,1.0,1.0,1.0,3.0,1.0,0.0,0.0,8.0,0.0,1.0,0.0,1.0,0.0,1.0,5.0,0.0,1.0,0.0,1.0,0.0,1.0,7.0,1.0,4.0,0.0,0.0,0.0,0.0,0.0,0.0,0.0,0.0,0.0,2.0,4.0,3.0,1.0,3.0,3.0,0.0,1.0,2.0,0.0,2.0,1.0,0.0,0.0,1.0,0.0,1.0,4.0,7.0,1.0,0.0,1.0,0.0,0.0,0.0,6.0,0.0,0.0,0.0,1.0,1.0,2.0,1.0,1.0,1.0,0.0,0.0,0.0,1.0,0.0,1.0,0.0,0.0,0.0,0.0,4.0,2.0,2.0,5.0,4.0,1.0,2.0,0.0,0.0,0.0,4.0,0.0,2.0,0.0,1.0,1.0,2.0,1.0
119,916272523.0,0.0,0.0,0.0,1.0,1.0,15.0,0.0,7.0,3.0,1.0,0.0,6.0,0.0,0.0,24.0,5.0,0.0,0.0,6.0,0.0,1.0,0.0,0.0,0.0,1.0,1.0,0.0,0.0,0.0,2.0,11.0,2.0,1.0,3.0,0.0,0.0,0.0,0.0,1.0,6.0,2.0,0.0,0.0,7.0,1.0,4.0,0.0,0.0,4.0,2.0,14.0,0.0,2.0,7.0,0.0,9.0,0.0,0.0,0.0,2.0,1.0,0.0,0.0,6.0,5.0,3.0,0.0,7.0,0.0,10.0,0.0,21.0,0.0,11.0,0.0,0.0,20.0,0.0,0.0,10.0,1.0,9.0,7.0,3.0,0.0,0.0,0.0,0.0,2.0,0.0,14.0,0.0,1.0,0.0,2.0,0.0,5.0,0.0,4.0,3.0,3.0,0.0,0.0,3.0,2.0,1.0,0.0,1.0,0.0,0.0,3.0,0.0,4.0,1.0,4.0,0.0,11.0,0.0,0.0,0.0,2.0,1.0,36.0,1.0,5.0,1.0,0.0,4.0
120,9.187299620681769e+17,0.0,0.0,0.0,0.0,0.0,2.0,0.0,0.0,0.0,0.0,0.0,0.0,0.0,4.0,2.0,0.0,0.0,0.0,0.0,0.0,0.0,0.0,0.0,0.0,0.0,0.0,0.0,0.0,0.0,0.0,0.0,0.0,0.0,0.0,0.0,0.0,0.0,0.0,0.0,0.0,0.0,0.0,0.0,0.0,0.0,0.0,0.0,0.0,0.0,0.0,0.0,0.0,1.0,0.0,0.0,0.0,0.0,0.0,0.0,0.0,2.0,0.0,0.0,0.0,0.0,0.0,1.0,0.0,0.0,0.0,0.0,0.0,0.0,1.0,41.0,0.0,0.0,0.0,0.0,0.0,0.0,0.0,1.0,0.0,0.0,0.0,0.0,0.0,1.0,0.0,6.0,0.0,0.0,0.0,0.0,0.0,0.0,0.0,0.0,3.0,0.0,0.0,85.0,0.0,0.0,0.0,0.0,1.0,0.0,0.0,3.0,0.0,0.0,0.0,0.0,0.0,0.0,0.0,0.0,0.0,0.0,0.0,0.0,0.0,0.0,0.0,0.0,0.0
121,9.204870061400965e+17,24.0,30.0,1.0,15.0,2.0,12.0,15.0,6.0,7.0,0.0,1.0,17.0,0.0,0.0,87.0,21.0,0.0,3.0,9.0,0.0,0.0,11.0,0.0,0.0,21.0,8.0,0.0,2.0,0.0,12.0,38.0,3.0,8.0,44.0,0.0,3.0,69.0,3.0,7.0,159.0,3.0,3.0,0.0,13.0,5.0,5.0,10.0,0.0,7.0,12.0,15.0,2.0,0.0,34.0,1.0,26.0,0.0,0.0,3.0,25.0,0.0,0.0,0.0,0.0,6.0,10.0,63.0,14.0,3.0,17.0,1.0,5.0,1.0,14.0,0.0,4.0,7.0,0.0,8.0,2.0,2.0,6.0,8.0,15.0,3.0,6.0,5.0,0.0,4.0,8.0,34.0,6.0,2.0,0.0,2.0,2.0,4.0,23.0,13.0,6.0,1.0,2.0,0.0,19.0,13.0,7.0,1.0,26.0,0.0,0.0,2.0,6.0,14.0,5.0,14.0,0.0,20.0,4.0,2.0,0.0,0.0,20.0,17.0,3.0,2.0,4.0,0.0,9.0
122,92251040.0,12.0,2.0,0.0,4.0,17.0,15.0,13.0,6.0,1.0,1.0,0.0,17.0,1.0,0.0,20.0,3.0,0.0,2.0,11.0,0.0,0.0,13.0,1.0,0.0,22.0,1.0,0.0,1.0,0.0,15.0,44.0,0.0,21.0,8.0,0.0,6.0,5.0,1.0,14.0,47.0,25.0,0.0,0.0,5.0,2.0,3.0,2.0,0.0,1.0,9.0,19.0,3.0,0.0,38.0,2.0,29.0,3.0,0.0,0.0,17.0,2.0,0.0,0.0,0.0,5.0,0.0,28.0,5.0,0.0,16.0,3.0,0.0,3.0,12.0,0.0,0.0,5.0,0.0,2.0,0.0,0.0,8.0,13.0,1.0,7.0,5.0,1.0,0.0,0.0,2.0,37.0,3.0,2.0,0.0,3.0,4.0,4.0,18.0,1.0,4.0,1.0,3.0,0.0,20.0,5.0,6.0,0.0,7.0,0.0,0.0,0.0,1.0,24.0,0.0,5.0,0.0,8.0,0.0,1.0,0.0,20.0,0.0,43.0,6.0,1.0,5.0,0.0,24.0
123,92964808.0,14.0,11.0,1.0,8.0,19.0,74.0,8.0,13.0,13.0,5.0,2.0,27.0,0.0,0.0,411.0,20.0,0.0,4.0,35.0,0.0,6.0,4.0,2.0,0.0,29.0,6.0,1.0,2.0,2.0,5.0,150.0,5.0,19.0,18.0,2.0,5.0,1.0,1.0,3.0,44.0,16.0,6.0,0.0,24.0,6.0,18.0,2.0,0.0,10.0,7.0,28.0,1.0,4.0,65.0,2.0,36.0,2.0,0.0,1.0,8.0,3.0,0.0,0.0,45.0,13.0,15.0,14.0,25.0,1.0,28.0,3.0,335.0,16.0,33.0,0.0,6.0,543.0,0.0,0.0,413.0,5.0,18.0,16.0,8.0,2.0,4.0,4.0,1.0,4.0,2.0,61.0,1.0,2.0,0.0,7.0,4.0,7.0,16.0,24.0,10.0,2.0,2.0,0.0,6.0,9.0,9.0,1.0,3.0,0.0,0.0,5.0,4.0,14.0,7.0,31.0,1.0,39.0,2.0,36.0,0.0,17.0,43.0,0.0,16.0,4.0,5.0,2.0,51.0
124,93031355.0,11.0,14.0,0.0,0.0,3.0,31.0,1.0,6.0,2.0,0.0,0.0,9.0,0.0,0.0,23.0,4.0,0.0,1.0,8.0,0.0,1.0,1.0,1.0,0.0,2.0,0.0,0.0,2.0,0.0,2.0,11.0,8.0,2.0,5.0,1.0,1.0,2.0,1.0,0.0,15.0,2.0,2.0,0.0,2.0,1.0,1.0,1.0,0.0,3.0,1.0,5.0,1.0,0.0,13.0,0.0,26.0,0.0,0.0,0.0,4.0,1.0,0.0,0.0,0.0,2.0,1.0,2.0,2.0,0.0,5.0,9.0,4.0,2.0,4.0,0.0,0.0,3.0,0.0,1.0,0.0,3.0,5.0,3.0,3.0,1.0,0.0,0.0,1.0,0.0,0.0,9.0,2.0,1.0,0.0,1.0,1.0,1.0,8.0,1.0,2.0,2.0,0.0,0.0,2.0,2.0,1.0,2.0,6.0,0.0,0.0,1.0,0.0,2.0,4.0,1.0,0.0,4.0,0.0,1.0,0.0,3.0,6.0,16.0,0.0,2.0,3.0,1.0,3.0
125,941331380.0,3.0,2.0,0.0,0.0,0.0,5.0,1.0,2.0,0.0,1.0,1.0,2.0,0.0,0.0,17.0,5.0,0.0,1.0,3.0,0.0,0.0,1.0,0.0,0.0,4.0,0.0,0.0,0.0,0.0,3.0,10.0,1.0,2.0,4.0,0.0,1.0,0.0,1.0,0.0,6.0,4.0,1.0,0.0,5.0,1.0,4.0,0.0,0.0,2.0,2.0,17.0,0.0,1.0,12.0,0.0,10.0,0.0,0.0,0.0,3.0,0.0,0.0,0.0,0.0,3.0,1.0,0.0,1.0,0.0,8.0,0.0,1.0,2.0,9.0,0.0,0.0,0.0,0.0,0.0,0.0,1.0,7.0,14.0,1.0,0.0,0.0,0.0,0.0,1.0,0.0,11.0,1.0,1.0,0.0,2.0,1.0,3.0,1.0,3.0,2.0,1.0,0.0,0.0,3.0,2.0,1.0,1.0,2.0,0.0,0.0,1.0,0.0,4.0,0.0,2.0,0.0,8.0,1.0,5.0,0.0,2.0,1.0,4.0,2.0,0.0,1.0,0.0,1.0
126,95645017.0,3.0,3.0,0.0,2.0,1.0,1.0,7.0,2.0,1.0,1.0,1.0,6.0,0.0,0.0,1.0,0.0,0.0,1.0,3.0,0.0,0.0,4.0,1.0,0.0,6.0,1.0,1.0,5.0,1.0,5.0,6.0,0.0,3.0,4.0,3.0,2.0,1.0,2.0,0.0,12.0,1.0,1.0,0.0,4.0,0.0,0.0,1.0,0.0,0.0,3.0,4.0,1.0,1.0,5.0,2.0,7.0,1.0,0.0,0.0,8.0,0.0,3.0,0.0,0.0,3.0,1.0,4.0,4.0,0.0,4.0,2.0,1.0,1.0,3.0,0.0,1.0,3.0,0.0,0.0,1.0,0.0,2.0,2.0,3.0,2.0,1.0,1.0,0.0,0.0,0.0,7.0,1.0,2.0,0.0,3.0,2.0,1.0,4.0,0.0,2.0,1.0,2.0,0.0,3.0,2.0,2.0,0.0,0.0,0.0,0.0,1.0,1.0,5.0,1.0,0.0,1.0,1.0,1.0,1.0,0.0,4.0,5.0,5.0,3.0,1.0,0.0,1.0,0.0
127,962561856.0,2.0,1.0,0.0,1.0,0.0,1.0,2.0,0.0,1.0,12.0,5.0,4.0,0.0,0.0,0.0,0.0,0.0,0.0,1.0,0.0,0.0,0.0,1.0,0.0,1.0,0.0,1.0,0.0,4.0,0.0,1.0,0.0,1.0,2.0,1.0,1.0,0.0,0.0,0.0,4.0,0.0,1.0,0.0,1.0,0.0,0.0,5.0,0.0,0.0,0.0,1.0,0.0,1.0,1.0,1.0,4.0,0.0,0.0,0.0,0.0,0.0,0.0,0.0,0.0,2.0,1.0,3.0,2.0,0.0,1.0,1.0,8.0,0.0,1.0,0.0,54.0,1.0,0.0,0.0,0.0,0.0,1.0,2.0,46.0,0.0,0.0,0.0,0.0,0.0,0.0,4.0,0.0,0.0,0.0,1.0,2.0,0.0,2.0,0.0,1.0,0.0,1.0,0.0,0.0,0.0,1.0,0.0,0.0,0.0,0.0,1.0,0.0,19.0,1.0,0.0,2.0,2.0,2.0,0.0,0.0,0.0,0.0,2.0,1.0,0.0,1.0,0.0,0.0
128,978256268.0,6.0,5.0,0.0,1.0,22.0,7.0,2.0,9.0,2.0,0.0,0.0,13.0,0.0,0.0,45.0,4.0,0.0,1.0,10.0,0.0,1.0,2.0,5.0,0.0,5.0,12.0,0.0,0.0,2.0,1.0,32.0,1.0,12.0,4.0,0.0,1.0,4.0,0.0,3.0,21.0,17.0,3.0,0.0,4.0,1.0,1.0,0.0,0.0,4.0,1.0,4.0,1.0,1.0,30.0,0.0,19.0,0.0,0.0,1.0,2.0,2.0,0.0,0.0,0.0,6.0,4.0,7.0,5.0,0.0,11.0,0.0,1.0,7.0,6.0,0.0,0.0,11.0,1.0,2.0,1.0,0.0,3.0,16.0,0.0,0.0,3.0,2.0,2.0,1.0,1.0,11.0,5.0,0.0,0.0,0.0,1.0,3.0,10.0,6.0,3.0,1.0,0.0,0.0,0.0,2.0,2.0,0.0,2.0,0.0,0.0,2.0,2.0,5.0,3.0,6.0,0.0,7.0,1.0,4.0,0.0,9.0,24.0,51.0,3.0,1.0,0.0,0.0,0.0
