,0,1,2,3,4,5,6,7,8,9,10,11,12,13,14,15,16,17,18,19,20,21,22,23,24,25,26,27,28,29,30,31,32,33,34,35,36,37,38,39,40,41,42,43,44,45,46,47,48,49,50,51,52,53,54,55,56,57,58,59,60,61,62,63,64,65,66,67,68,69,70,71,72,73,74,75,76,77,78,79,80,81,82,83,84,85,86,87,88,89,90,91,92,93,94,95,96,97,98,99,100,101,102,103,104,105,106,107,108,109,110,111
0,-1.0,116434111.0,1217991722.0,123480219.0,130382093.0,132095476.0,1333059001.0,1338926610.0,136949988.0,1469086140.0,1497730880.0,1533828294.0,154502692.0,17481929.0,185667013.0,1958029015.0,2264566573.0,2291277529.0,2411780837.0,2450421474.0,2467201618.0,2507068351.0,252260757.0,27115305.0,273378687.0,2752498194.0,2756132406.0,280001092.0,2821107367.0,2836621284.0,2898655952.0,2898982677.0,2950301492.0,2954907308.0,2955056552.0,2955987295.0,2956626636.0,2956885202.0,2957220588.0,2957458380.0,2957881886.0,2960473008.0,2982013375.0,3012051132.0,30860019.0,320811254.0,3244035912.0,3253468556.0,325403636.0,325610106.0,3314238331.0,335159421.0,343343892.0,366713786.0,4154896334.0,4275710122.0,441909786.0,44815147.0,450378435.0,4574311770.0,4688575886.0,4737042973.0,4777301054.0,580057012.0,628960161.0,7.050964902055813e+17,7.184282798336369e+17,7.248709077648261e+17,7.327544372997079e+17,7.575753628301517e+17,7.647663670440837e+17,7.651540429977108e+17,7.686505362330788e+17,768674803.0,7.712127026895299e+17,7.713321093656044e+17,7.717132291143844e+17,77396252.0,7.791547124236984e+17,7.828765772479242e+17,7.909474863281725e+17,8.032499543703101e+17,807941154.0,8.140353771829289e+17,8.168373180321137e+17,8.231188750804623e+17,8.315030333265019e+17,832373833.0,8.358668750158684e+17,8.365564965529969e+17,8.369322251700429e+17,8.459933761806828e+17,8.523590312095539e+17,8.694933701666652e+17,8.699372456665252e+17,8.796333356178063e+17,8.862795477123523e+17,8.898514935739965e+17,8.932917022317691e+17,8.938747308428083e+17,8.988921433134735e+17,9.029402266114212e+17,9.090464372912333e+17,9.108481723431772e+17,9.17086515389272e+17,9.366327193032499e+17,9.387523784378e+17,9.412062273837343e+17,9.458592492084019e+17,9.513879496979374e+17,9.524546228698235e+17,9.531231506523505e+17
1,116434111.0,0.0,132.0,25.0,59.0,4.0,63.0,0.0,127.0,27.0,89.0,88.0,10.0,0.0,26.0,29.0,9.0,16.0,19.0,95.0,66.0,8.0,78.0,4.0,25.0,20.0,9.0,7.0,6.0,27.0,33.0,1.0,38.0,15.0,3.0,8.0,10.0,2.0,47.0,19.0,8.0,20.0,1.0,52.0,11.0,3.0,7.0,47.0,26.0,66.0,28.0,59.0,159.0,5.0,17.0,13.0,62.0,6.0,72.0,9.0,13.0,0.0,1.0,17.0,10.0,19.0,87.0,36.0,23.0,76.0,19.0,81.0,7.0,39.0,0.0,10.0,22.0,14.0,36.0,74.0,47.0,15.0,5.0,22.0,18.0,13.0,22.0,23.0,44.0,0.0,12.0,60.0,0.0,13.0,35.0,4.0,13.0,35.0,3.0,76.0,36.0,7.0,55.0,21.0,0.0,11.0,97.0,43.0,1.0,44.0,7.0,40.0
2,1217991722.0,132.0,0.0,51.0,185.0,12.0,218.0,0.0,350.0,87.0,236.0,212.0,30.0,0.0,60.0,99.0,18.0,22.0,72.0,343.0,129.0,29.0,187.0,9.0,63.0,56.0,23.0,16.0,8.0,78.0,96.0,1.0,93.0,36.0,12.0,26.0,42.0,7.0,91.0,73.0,23.0,33.0,4.0,186.0,32.0,6.0,10.0,119.0,85.0,192.0,20.0,189.0,372.0,8.0,50.0,28.0,221.0,13.0,126.0,37.0,31.0,0.0,1.0,39.0,20.0,31.0,349.0,98.0,56.0,205.0,46.0,189.0,32.0,128.0,0.0,40.0,53.0,38.0,67.0,262.0,137.0,63.0,22.0,52.0,28.0,32.0,55.0,73.0,137.0,0.0,28.0,186.0,0.0,35.0,71.0,13.0,29.0,102.0,3.0,264.0,79.0,23.0,189.0,48.0,0.0,15.0,86.0,133.0,7.0,137.0,23.0,118.0
3,123480219.0,25.0,51.0,0.0,19.0,4.0,11.0,0.0,32.0,12.0,38.0,42.0,4.0,0.0,9.0,7.0,9.0,5.0,2.0,19.0,11.0,2.0,37.0,0.0,5.0,4.0,3.0,0.0,3.0,20.0,25.0,0.0,19.0,10.0,2.0,5.0,5.0,0.0,31.0,5.0,8.0,9.0,0.0,41.0,0.0,1.0,2.0,10.0,16.0,25.0,4.0,15.0,52.0,0.0,11.0,0.0,7.0,0.0,33.0,0.0,3.0,0.0,1.0,11.0,3.0,11.0,22.0,7.0,2.0,35.0,5.0,33.0,2.0,6.0,0.0,3.0,3.0,10.0,21.0,11.0,21.0,9.0,0.0,7.0,6.0,6.0,11.0,13.0,12.0,0.0,2.0,21.0,0.0,3.0,4.0,2.0,5.0,13.0,1.0,11.0,7.0,2.0,9.0,4.0,0.0,3.0,15.0,8.0,0.0,13.0,1.0,12.0
4,130382093.0,59.0,185.0,19.0,0.0,10.0,174.0,0.0,228.0,141.0,165.0,95.0,40.0,0.0,85.0,76.0,7.0,15.0,62.0,273.0,68.0,39.0,94.0,5.0,79.0,67.0,26.0,12.0,7.0,114.0,67.0,0.0,150.0,34.0,23.0,48.0,41.0,14.0,41.0,83.0,16.0,13.0,8.0,115.0,23.0,9.0,4.0,106.0,113.0,201.0,3.0,160.0,183.0,4.0,47.0,13.0,162.0,18.0,61.0,33.0,39.0,0.0,4.0,59.0,8.0,8.0,268.0,92.0,60.0,155.0,69.0,85.0,37.0,144.0,0.0,41.0,51.0,36.0,17.0,231.0,132.0,104.0,41.0,47.0,19.0,25.0,53.0,116.0,123.0,0.0,19.0,171.0,0.0,52.0,43.0,26.0,17.0,120.0,6.0,187.0,64.0,40.0,148.0,43.0,0.0,3.0,60.0,110.0,7.0,128.0,18.0,76.0
5,132095476.0,4.0,12.0,4.0,10.0,0.0,8.0,0.0,7.0,7.0,13.0,10.0,3.0,0.0,3.0,2.0,1.0,0.0,3.0,18.0,3.0,3.0,8.0,0.0,2.0,4.0,0.0,0.0,0.0,6.0,8.0,0.0,6.0,3.0,0.0,1.0,1.0,1.0,4.0,4.0,1.0,1.0,0.0,11.0,0.0,0.0,0.0,8.0,6.0,10.0,1.0,12.0,14.0,0.0,4.0,1.0,6.0,1.0,8.0,0.0,0.0,0.0,1.0,5.0,5.0,1.0,15.0,4.0,2.0,8.0,1.0,7.0,2.0,5.0,0.0,3.0,2.0,2.0,1.0,10.0,7.0,7.0,2.0,1.0,0.0,0.0,1.0,4.0,9.0,0.0,1.0,15.0,0.0,0.0,4.0,1.0,2.0,5.0,0.0,7.0,1.0,4.0,6.0,4.0,0.0,0.0,2.0,4.0,0.0,4.0,0.0,6.0
6,1333059001.0,63.0,218.0,11.0,174.0,8.0,0.0,1.0,308.0,82.0,197.0,116.0,35.0,0.0,47.0,77.0,15.0,19.0,76.0,376.0,105.0,34.0,109.0,15.0,72.0,63.0,28.0,23.0,4.0,60.0,44.0,1.0,66.0,33.0,19.0,31.0,39.0,11.0,40.0,89.0,18.0,19.0,7.0,63.0,30.0,9.0,8.0,129.0,88.0,182.0,8.0,263.0,206.0,9.0,17.0,28.0,278.0,13.0,60.0,43.0,37.0,0.0,3.0,37.0,10.0,12.0,427.0,127.0,68.0,138.0,55.0,112.0,41.0,153.0,0.0,43.0,62.0,33.0,23.0,298.0,116.0,58.0,33.0,52.0,25.0,31.0,49.0,48.0,104.0,0.0,27.0,183.0,0.0,49.0,80.0,12.0,26.0,97.0,6.0,293.0,88.0,23.0,234.0,57.0,0.0,9.0,60.0,165.0,13.0,158.0,31.0,117.0
7,1338926610.0,0.0,0.0,0.0,0.0,0.0,1.0,0.0,1.0,0.0,0.0,0.0,0.0,0.0,0.0,0.0,0.0,0.0,0.0,1.0,0.0,0.0,0.0,0.0,0.0,0.0,0.0,0.0,0.0,0.0,0.0,0.0,0.0,0.0,0.0,0.0,0.0,0.0,0.0,0.0,0.0,0.0,0.0,0.0,0.0,0.0,0.0,0.0,0.0,1.0,0.0,1.0,1.0,0.0,0.0,0.0,1.0,0.0,0.0,0.0,0.0,0.0,0.0,0.0,0.0,0.0,1.0,0.0,0.0,0.0,0.0,0.0,0.0,0.0,0.0,0.0,0.0,0.0,0.0,1.0,0.0,0.0,0.0,0.0,1.0,0.0,0.0,0.0,0.0,0.0,0.0,0.0,0.0,0.0,1.0,0.0,0.0,0.0,0.0,1.0,0.0,0.0,1.0,0.0,0.0,0.0,0.0,0.0,0.0,1.0,0.0,1.0
8,136949988.0,127.0,350.0,32.0,228.0,7.0,308.0,1.0,0.0,107.0,264.0,257.0,41.0,0.0,60.0,123.0,22.0,25.0,80.0,645.0,157.0,25.0,192.0,28.0,84.0,61.0,25.0,22.0,22.0,97.0,83.0,1.0,108.0,49.0,9.0,29.0,43.0,11.0,75.0,87.0,24.0,30.0,2.0,140.0,54.0,17.0,13.0,134.0,103.0,235.0,21.0,279.0,427.0,7.0,35.0,37.0,337.0,27.0,108.0,58.0,32.0,0.0,6.0,34.0,12.0,29.0,624.0,125.0,59.0,203.0,51.0,223.0,33.0,193.0,0.0,37.0,60.0,39.0,60.0,407.0,153.0,66.0,24.0,45.0,28.0,32.0,69.0,71.0,147.0,0.0,27.0,206.0,0.0,58.0,90.0,13.0,47.0,117.0,5.0,382.0,87.0,26.0,260.0,53.0,3.0,15.0,85.0,174.0,11.0,157.0,36.0,217.0
9,1469086140.0,27.0,87.0,12.0,141.0,7.0,82.0,0.0,107.0,0.0,121.0,50.0,59.0,0.0,125.0,122.0,11.0,12.0,43.0,159.0,45.0,57.0,41.0,6.0,61.0,99.0,31.0,6.0,21.0,136.0,91.0,1.0,212.0,48.0,36.0,77.0,36.0,17.0,35.0,63.0,12.0,8.0,11.0,130.0,10.0,10.0,3.0,82.0,159.0,194.0,6.0,79.0,99.0,5.0,54.0,8.0,90.0,12.0,39.0,12.0,26.0,0.0,1.0,56.0,3.0,7.0,136.0,68.0,51.0,182.0,80.0,96.0,30.0,97.0,0.0,37.0,46.0,22.0,29.0,220.0,142.0,170.0,48.0,53.0,12.0,41.0,84.0,177.0,176.0,0.0,14.0,238.0,0.0,100.0,24.0,61.0,20.0,135.0,4.0,88.0,35.0,81.0,79.0,47.0,0.0,4.0,73.0,52.0,5.0,100.0,9.0,42.0
10,1497730880.0,89.0,236.0,38.0,165.0,13.0,197.0,0.0,264.0,121.0,0.0,146.0,46.0,0.0,81.0,95.0,17.0,17.0,74.0,287.0,107.0,44.0,120.0,6.0,59.0,67.0,28.0,13.0,11.0,99.0,87.0,0.0,120.0,42.0,23.0,45.0,40.0,10.0,72.0,84.0,21.0,26.0,5.0,138.0,23.0,8.0,9.0,118.0,122.0,201.0,13.0,169.0,250.0,6.0,37.0,24.0,173.0,7.0,96.0,23.0,37.0,0.0,2.0,46.0,15.0,21.0,261.0,106.0,63.0,198.0,60.0,139.0,40.0,141.0,0.0,47.0,55.0,36.0,52.0,247.0,141.0,84.0,40.0,60.0,26.0,34.0,62.0,90.0,135.0,0.0,28.0,196.0,0.0,49.0,65.0,20.0,30.0,110.0,7.0,202.0,72.0,42.0,173.0,58.0,1.0,9.0,75.0,130.0,10.0,141.0,26.0,85.0
11,1533828294.0,88.0,212.0,42.0,95.0,10.0,116.0,0.0,257.0,50.0,146.0,0.0,24.0,0.0,36.0,54.0,12.0,19.0,30.0,201.0,92.0,13.0,139.0,10.0,33.0,28.0,20.0,2.0,9.0,80.0,53.0,0.0,80.0,40.0,9.0,17.0,20.0,1.0,75.0,55.0,18.0,34.0,2.0,111.0,9.0,4.0,10.0,73.0,66.0,137.0,25.0,136.0,289.0,5.0,23.0,24.0,110.0,0.0,94.0,3.0,16.0,0.0,1.0,27.0,4.0,26.0,200.0,57.0,27.0,122.0,28.0,156.0,13.0,81.0,0.0,18.0,27.0,23.0,55.0,164.0,87.0,50.0,16.0,33.0,19.0,21.0,39.0,48.0,69.0,0.0,14.0,111.0,0.0,24.0,39.0,6.0,31.0,68.0,2.0,129.0,47.0,14.0,95.0,37.0,2.0,12.0,78.0,70.0,6.0,91.0,18.0,133.0
12,154502692.0,10.0,30.0,4.0,40.0,3.0,35.0,0.0,41.0,59.0,46.0,24.0,0.0,0.0,44.0,41.0,2.0,4.0,15.0,47.0,22.0,26.0,15.0,3.0,17.0,21.0,9.0,4.0,6.0,29.0,24.0,1.0,56.0,16.0,11.0,21.0,12.0,4.0,13.0,23.0,7.0,9.0,3.0,33.0,7.0,2.0,1.0,30.0,40.0,52.0,2.0,36.0,36.0,1.0,11.0,2.0,28.0,1.0,11.0,6.0,12.0,0.0,1.0,11.0,2.0,4.0,51.0,15.0,14.0,58.0,17.0,28.0,10.0,26.0,0.0,14.0,14.0,11.0,7.0,77.0,42.0,38.0,11.0,15.0,6.0,7.0,21.0,42.0,47.0,0.0,6.0,74.0,0.0,19.0,11.0,17.0,1.0,41.0,4.0,30.0,14.0,17.0,26.0,10.0,0.0,4.0,15.0,24.0,1.0,40.0,8.0,32.0
13,17481929.0,0.0,0.0,0.0,0.0,0.0,0.0,0.0,0.0,0.0,0.0,0.0,0.0,0.0,0.0,0.0,0.0,0.0,0.0,0.0,0.0,0.0,0.0,0.0,0.0,0.0,0.0,0.0,0.0,0.0,0.0,0.0,0.0,0.0,0.0,0.0,0.0,0.0,0.0,0.0,0.0,0.0,0.0,0.0,0.0,0.0,0.0,0.0,0.0,0.0,0.0,0.0,0.0,0.0,0.0,0.0,0.0,0.0,0.0,0.0,0.0,0.0,0.0,0.0,0.0,0.0,0.0,0.0,0.0,0.0,0.0,0.0,0.0,0.0,0.0,0.0,0.0,0.0,0.0,0.0,0.0,0.0,0.0,0.0,0.0,0.0,0.0,0.0,0.0,0.0,0.0,0.0,0.0,0.0,0.0,0.0,0.0,0.0,0.0,0.0,0.0,0.0,0.0,0.0,0.0,0.0,0.0,0.0,0.0,0.0,0.0,0.0
14,185667013.0,26.0,60.0,9.0,85.0,3.0,47.0,0.0,60.0,125.0,81.0,36.0,44.0,0.0,0.0,88.0,10.0,7.0,29.0,68.0,32.0,25.0,36.0,2.0,30.0,45.0,18.0,9.0,10.0,69.0,66.0,1.0,99.0,22.0,19.0,49.0,23.0,8.0,27.0,34.0,9.0,9.0,9.0,110.0,10.0,5.0,2.0,50.0,102.0,98.0,2.0,49.0,81.0,4.0,47.0,6.0,48.0,4.0,28.0,10.0,19.0,0.0,1.0,29.0,4.0,7.0,62.0,40.0,32.0,121.0,38.0,55.0,20.0,56.0,0.0,27.0,27.0,11.0,14.0,115.0,79.0,81.0,22.0,31.0,11.0,21.0,35.0,80.0,101.0,0.0,14.0,126.0,0.0,36.0,22.0,24.0,18.0,76.0,6.0,46.0,24.0,42.0,45.0,23.0,0.0,2.0,42.0,42.0,0.0,59.0,9.0,38.0
15,1958029015.0,29.0,99.0,7.0,76.0,2.0,77.0,0.0,123.0,122.0,95.0,54.0,41.0,0.0,88.0,0.0,8.0,6.0,36.0,174.0,39.0,42.0,28.0,6.0,41.0,67.0,23.0,8.0,7.0,98.0,81.0,0.0,105.0,30.0,24.0,61.0,23.0,14.0,21.0,45.0,9.0,7.0,8.0,70.0,10.0,9.0,4.0,57.0,112.0,125.0,2.0,98.0,83.0,2.0,42.0,7.0,91.0,5.0,32.0,11.0,21.0,0.0,0.0,35.0,5.0,3.0,147.0,54.0,36.0,125.0,49.0,69.0,25.0,83.0,0.0,26.0,42.0,12.0,15.0,152.0,118.0,95.0,33.0,41.0,6.0,44.0,54.0,89.0,158.0,0.0,16.0,169.0,0.0,53.0,31.0,31.0,24.0,87.0,5.0,93.0,21.0,69.0,70.0,36.0,0.0,1.0,40.0,54.0,1.0,63.0,12.0,35.0
16,2264566573.0,9.0,18.0,9.0,7.0,1.0,15.0,0.0,22.0,11.0,17.0,12.0,2.0,0.0,10.0,8.0,0.0,3.0,5.0,85.0,12.0,1.0,13.0,4.0,6.0,5.0,2.0,7.0,5.0,7.0,15.0,0.0,10.0,5.0,2.0,5.0,6.0,29.0,14.0,3.0,2.0,5.0,0.0,10.0,4.0,4.0,2.0,7.0,8.0,10.0,4.0,17.0,20.0,0.0,5.0,0.0,25.0,13.0,18.0,10.0,3.0,0.0,0.0,2.0,1.0,10.0,86.0,12.0,8.0,14.0,15.0,19.0,5.0,14.0,0.0,7.0,5.0,6.0,13.0,17.0,10.0,4.0,1.0,5.0,4.0,5.0,1.0,6.0,9.0,0.0,5.0,15.0,0.0,13.0,5.0,0.0,1.0,6.0,0.0,22.0,10.0,3.0,12.0,6.0,0.0,3.0,8.0,11.0,2.0,10.0,1.0,8.0
17,2291277529.0,16.0,22.0,5.0,15.0,0.0,19.0,0.0,25.0,12.0,17.0,19.0,4.0,0.0,7.0,6.0,3.0,0.0,7.0,24.0,20.0,5.0,21.0,0.0,5.0,8.0,5.0,0.0,15.0,11.0,6.0,0.0,18.0,10.0,2.0,6.0,8.0,1.0,11.0,10.0,6.0,9.0,1.0,8.0,1.0,1.0,5.0,13.0,13.0,19.0,20.0,19.0,27.0,0.0,2.0,2.0,23.0,0.0,16.0,2.0,6.0,0.0,0.0,3.0,0.0,3.0,23.0,17.0,10.0,18.0,7.0,27.0,5.0,14.0,0.0,5.0,8.0,8.0,8.0,25.0,14.0,8.0,4.0,8.0,10.0,6.0,12.0,6.0,8.0,0.0,4.0,16.0,0.0,15.0,9.0,1.0,7.0,14.0,2.0,22.0,19.0,3.0,18.0,7.0,0.0,2.0,33.0,17.0,1.0,12.0,2.0,16.0
18,2411780837.0,19.0,72.0,2.0,62.0,3.0,76.0,0.0,80.0,43.0,74.0,30.0,15.0,0.0,29.0,36.0,5.0,7.0,0.0,96.0,46.0,22.0,32.0,4.0,27.0,38.0,14.0,6.0,2.0,20.0,18.0,0.0,41.0,14.0,11.0,16.0,27.0,8.0,18.0,37.0,8.0,8.0,3.0,28.0,15.0,6.0,1.0,52.0,37.0,66.0,0.0,62.0,69.0,5.0,10.0,12.0,79.0,4.0,24.0,14.0,24.0,0.0,2.0,18.0,4.0,5.0,91.0,60.0,40.0,56.0,31.0,39.0,29.0,50.0,0.0,30.0,35.0,14.0,5.0,98.0,51.0,31.0,18.0,27.0,11.0,13.0,25.0,31.0,49.0,0.0,16.0,72.0,0.0,21.0,33.0,10.0,7.0,52.0,4.0,81.0,41.0,17.0,76.0,29.0,0.0,3.0,30.0,61.0,4.0,61.0,17.0,27.0
19,2450421474.0,95.0,343.0,19.0,273.0,18.0,376.0,1.0,645.0,159.0,287.0,201.0,47.0,0.0,68.0,174.0,85.0,24.0,96.0,0.0,138.0,54.0,174.0,36.0,107.0,95.0,33.0,24.0,4.0,131.0,110.0,1.0,128.0,54.0,31.0,60.0,56.0,48.0,68.0,119.0,24.0,25.0,10.0,133.0,54.0,23.0,14.0,169.0,146.0,298.0,12.0,355.0,370.0,11.0,47.0,39.0,450.0,50.0,111.0,84.0,45.0,0.0,7.0,60.0,14.0,20.0,944.0,164.0,88.0,235.0,91.0,183.0,56.0,243.0,0.0,55.0,72.0,41.0,38.0,514.0,184.0,109.0,51.0,65.0,27.0,52.0,74.0,99.0,190.0,0.0,31.0,270.0,0.0,78.0,103.0,25.0,35.0,151.0,6.0,515.0,101.0,55.0,340.0,70.0,3.0,12.0,79.0,196.0,12.0,197.0,40.0,244.0
20,2467201618.0,66.0,129.0,11.0,68.0,3.0,105.0,0.0,157.0,45.0,107.0,92.0,22.0,0.0,32.0,39.0,12.0,20.0,46.0,138.0,0.0,14.0,81.0,2.0,22.0,33.0,16.0,10.0,12.0,35.0,23.0,0.0,60.0,32.0,10.0,18.0,18.0,3.0,53.0,43.0,13.0,26.0,2.0,41.0,11.0,4.0,10.0,76.0,40.0,94.0,26.0,83.0,141.0,7.0,7.0,19.0,106.0,5.0,51.0,15.0,21.0,0.0,1.0,13.0,12.0,30.0,126.0,67.0,38.0,89.0,31.0,110.0,18.0,66.0,0.0,23.0,36.0,18.0,64.0,129.0,61.0,31.0,15.0,39.0,22.0,17.0,35.0,37.0,49.0,0.0,25.0,100.0,0.0,31.0,52.0,7.0,14.0,66.0,2.0,117.0,61.0,14.0,95.0,28.0,2.0,19.0,71.0,82.0,8.0,83.0,15.0,50.0
21,2507068351.0,8.0,29.0,2.0,39.0,3.0,34.0,0.0,25.0,57.0,44.0,13.0,26.0,0.0,25.0,42.0,1.0,5.0,22.0,54.0,14.0,0.0,10.0,0.0,17.0,30.0,16.0,1.0,3.0,36.0,27.0,0.0,59.0,13.0,14.0,28.0,26.0,11.0,9.0,26.0,5.0,3.0,6.0,27.0,2.0,7.0,0.0,36.0,49.0,62.0,1.0,25.0,24.0,0.0,17.0,2.0,30.0,1.0,14.0,1.0,21.0,0.0,0.0,15.0,3.0,1.0,42.0,27.0,22.0,50.0,26.0,19.0,19.0,27.0,0.0,16.0,19.0,6.0,5.0,66.0,44.0,47.0,26.0,21.0,5.0,17.0,20.0,48.0,54.0,0.0,7.0,62.0,0.0,17.0,9.0,22.0,4.0,43.0,3.0,27.0,12.0,34.0,30.0,15.0,0.0,0.0,15.0,20.0,1.0,41.0,4.0,14.0
22,252260757.0,78.0,187.0,37.0,94.0,8.0,109.0,0.0,192.0,41.0,120.0,139.0,15.0,0.0,36.0,28.0,13.0,21.0,32.0,174.0,81.0,10.0,0.0,0.0,25.0,15.0,7.0,5.0,6.0,40.0,49.0,0.0,59.0,21.0,3.0,10.0,11.0,0.0,59.0,33.0,14.0,21.0,0.0,140.0,8.0,1.0,11.0,58.0,45.0,124.0,13.0,87.0,243.0,5.0,28.0,19.0,99.0,1.0,74.0,11.0,15.0,0.0,1.0,15.0,7.0,28.0,158.0,64.0,31.0,120.0,22.0,124.0,10.0,73.0,0.0,15.0,17.0,16.0,47.0,137.0,56.0,30.0,5.0,22.0,17.0,10.0,23.0,27.0,51.0,0.0,13.0,92.0,0.0,19.0,37.0,2.0,35.0,49.0,1.0,132.0,53.0,9.0,94.0,27.0,2.0,7.0,43.0,66.0,5.0,68.0,12.0,76.0
23,27115305.0,4.0,9.0,0.0,5.0,0.0,15.0,0.0,28.0,6.0,6.0,10.0,3.0,0.0,2.0,6.0,4.0,0.0,4.0,36.0,2.0,0.0,0.0,0.0,5.0,2.0,2.0,5.0,0.0,1.0,12.0,0.0,0.0,1.0,0.0,0.0,2.0,2.0,1.0,2.0,0.0,1.0,0.0,1.0,35.0,5.0,0.0,11.0,0.0,20.0,0.0,67.0,6.0,1.0,2.0,0.0,31.0,9.0,6.0,12.0,0.0,0.0,0.0,2.0,1.0,1.0,73.0,3.0,4.0,0.0,3.0,6.0,5.0,15.0,0.0,3.0,0.0,3.0,1.0,11.0,7.0,0.0,1.0,1.0,1.0,2.0,1.0,1.0,6.0,0.0,0.0,7.0,0.0,3.0,6.0,1.0,3.0,4.0,0.0,19.0,3.0,0.0,4.0,5.0,0.0,0.0,3.0,9.0,2.0,3.0,1.0,28.0
24,273378687.0,25.0,63.0,5.0,79.0,2.0,72.0,0.0,84.0,61.0,59.0,33.0,17.0,0.0,30.0,41.0,6.0,5.0,27.0,107.0,22.0,17.0,25.0,5.0,0.0,42.0,20.0,6.0,3.0,45.0,32.0,0.0,53.0,18.0,19.0,28.0,27.0,14.0,14.0,36.0,13.0,8.0,8.0,37.0,19.0,6.0,3.0,37.0,51.0,69.0,1.0,86.0,53.0,1.0,22.0,5.0,63.0,9.0,33.0,15.0,21.0,0.0,4.0,29.0,2.0,3.0,142.0,36.0,29.0,60.0,42.0,33.0,28.0,71.0,0.0,21.0,25.0,17.0,8.0,76.0,67.0,43.0,18.0,24.0,8.0,16.0,27.0,48.0,56.0,0.0,8.0,72.0,0.0,29.0,13.0,12.0,10.0,39.0,5.0,74.0,24.0,26.0,48.0,23.0,0.0,3.0,33.0,37.0,1.0,38.0,7.0,38.0
25,2752498194.0,20.0,56.0,4.0,67.0,4.0,63.0,0.0,61.0,99.0,67.0,28.0,21.0,0.0,45.0,67.0,5.0,8.0,38.0,95.0,33.0,30.0,15.0,2.0,42.0,0.0,23.0,4.0,8.0,66.0,40.0,0.0,84.0,22.0,25.0,47.0,21.0,14.0,18.0,41.0,9.0,10.0,11.0,30.0,7.0,7.0,4.0,47.0,77.0,79.0,3.0,60.0,52.0,4.0,22.0,4.0,71.0,3.0,31.0,9.0,19.0,0.0,0.0,31.0,5.0,3.0,84.0,52.0,36.0,74.0,62.0,41.0,32.0,58.0,0.0,25.0,34.0,13.0,12.0,96.0,74.0,65.0,26.0,38.0,7.0,30.0,37.0,62.0,83.0,0.0,12.0,104.0,0.0,46.0,20.0,21.0,15.0,60.0,5.0,64.0,27.0,36.0,55.0,28.0,0.0,2.0,45.0,45.0,1.0,43.0,5.0,19.0
26,2756132406.0,9.0,23.0,3.0,26.0,0.0,28.0,0.0,25.0,31.0,28.0,20.0,9.0,0.0,18.0,23.0,2.0,5.0,14.0,33.0,16.0,16.0,7.0,2.0,20.0,23.0,0.0,1.0,4.0,25.0,13.0,0.0,21.0,14.0,10.0,17.0,14.0,6.0,8.0,22.0,7.0,5.0,5.0,14.0,2.0,4.0,0.0,25.0,27.0,28.0,0.0,30.0,24.0,2.0,9.0,2.0,27.0,1.0,12.0,2.0,13.0,0.0,0.0,16.0,2.0,3.0,30.0,22.0,18.0,26.0,20.0,19.0,13.0,25.0,0.0,13.0,20.0,6.0,7.0,34.0,29.0,23.0,15.0,15.0,7.0,19.0,18.0,23.0,23.0,0.0,7.0,31.0,0.0,18.0,8.0,6.0,0.0,27.0,3.0,29.0,11.0,8.0,23.0,19.0,0.0,2.0,24.0,22.0,0.0,26.0,5.0,13.0
27,280001092.0,7.0,16.0,0.0,12.0,0.0,23.0,0.0,22.0,6.0,13.0,2.0,4.0,0.0,9.0,8.0,7.0,0.0,6.0,24.0,10.0,1.0,5.0,5.0,6.0,4.0,1.0,0.0,0.0,1.0,2.0,0.0,1.0,1.0,0.0,2.0,4.0,0.0,1.0,3.0,0.0,1.0,0.0,3.0,6.0,0.0,2.0,9.0,2.0,5.0,0.0,25.0,11.0,1.0,1.0,1.0,20.0,6.0,4.0,15.0,1.0,0.0,0.0,3.0,3.0,3.0,30.0,3.0,9.0,4.0,5.0,6.0,4.0,9.0,0.0,7.0,7.0,2.0,3.0,18.0,10.0,1.0,0.0,3.0,0.0,1.0,0.0,7.0,11.0,0.0,5.0,17.0,0.0,5.0,10.0,0.0,1.0,9.0,0.0,21.0,5.0,3.0,13.0,4.0,1.0,0.0,2.0,15.0,2.0,7.0,2.0,1.0
28,2821107367.0,6.0,8.0,3.0,7.0,0.0,4.0,0.0,22.0,21.0,11.0,9.0,6.0,0.0,10.0,7.0,5.0,15.0,2.0,4.0,12.0,3.0,6.0,0.0,3.0,8.0,4.0,0.0,0.0,5.0,5.0,0.0,16.0,7.0,5.0,5.0,3.0,3.0,6.0,20.0,3.0,2.0,3.0,9.0,1.0,2.0,0.0,4.0,5.0,7.0,13.0,4.0,18.0,0.0,3.0,0.0,4.0,0.0,7.0,0.0,4.0,0.0,1.0,3.0,0.0,7.0,6.0,4.0,3.0,18.0,5.0,36.0,3.0,3.0,0.0,4.0,5.0,3.0,14.0,12.0,3.0,9.0,3.0,4.0,3.0,5.0,15.0,11.0,8.0,0.0,2.0,12.0,0.0,30.0,1.0,6.0,1.0,6.0,2.0,4.0,3.0,3.0,4.0,4.0,0.0,1.0,35.0,4.0,0.0,3.0,0.0,7.0
29,2836621284.0,27.0,78.0,20.0,114.0,6.0,60.0,0.0,97.0,136.0,99.0,80.0,29.0,0.0,69.0,98.0,7.0,11.0,20.0,131.0,35.0,36.0,40.0,1.0,45.0,66.0,25.0,1.0,5.0,0.0,78.0,0.0,144.0,44.0,28.0,68.0,25.0,15.0,36.0,52.0,13.0,13.0,10.0,94.0,0.0,9.0,5.0,67.0,125.0,175.0,5.0,67.0,104.0,2.0,46.0,2.0,68.0,1.0,52.0,1.0,21.0,0.0,1.0,54.0,4.0,6.0,97.0,48.0,33.0,140.0,65.0,72.0,24.0,83.0,0.0,29.0,29.0,24.0,23.0,148.0,131.0,119.0,39.0,47.0,8.0,38.0,61.0,127.0,126.0,0.0,13.0,158.0,0.0,44.0,23.0,27.0,14.0,103.0,5.0,71.0,20.0,56.0,44.0,32.0,1.0,5.0,48.0,37.0,0.0,68.0,4.0,49.0
30,2898655952.0,33.0,96.0,25.0,67.0,8.0,44.0,0.0,83.0,91.0,87.0,53.0,24.0,0.0,66.0,81.0,15.0,6.0,18.0,110.0,23.0,27.0,49.0,12.0,32.0,40.0,13.0,2.0,5.0,78.0,0.0,0.0,83.0,32.0,22.0,39.0,21.0,19.0,41.0,26.0,12.0,9.0,9.0,89.0,8.0,16.0,4.0,41.0,78.0,98.0,4.0,48.0,90.0,0.0,47.0,3.0,34.0,5.0,53.0,11.0,17.0,0.0,1.0,36.0,2.0,6.0,104.0,27.0,23.0,116.0,37.0,52.0,21.0,52.0,0.0,18.0,14.0,14.0,19.0,75.0,90.0,70.0,19.0,30.0,7.0,35.0,32.0,78.0,107.0,0.0,9.0,99.0,0.0,32.0,11.0,23.0,10.0,60.0,5.0,47.0,15.0,46.0,37.0,25.0,0.0,4.0,37.0,30.0,2.0,47.0,3.0,31.0
31,2898982677.0,1.0,1.0,0.0,0.0,0.0,1.0,0.0,1.0,1.0,0.0,0.0,1.0,0.0,1.0,0.0,0.0,0.0,0.0,1.0,0.0,0.0,0.0,0.0,0.0,0.0,0.0,0.0,0.0,0.0,0.0,0.0,0.0,0.0,1.0,0.0,0.0,0.0,0.0,0.0,0.0,0.0,0.0,0.0,1.0,0.0,0.0,1.0,0.0,0.0,0.0,0.0,1.0,0.0,0.0,0.0,1.0,0.0,1.0,0.0,0.0,0.0,0.0,0.0,0.0,0.0,1.0,0.0,0.0,1.0,0.0,0.0,0.0,1.0,0.0,0.0,1.0,0.0,0.0,1.0,1.0,0.0,0.0,0.0,0.0,0.0,1.0,0.0,1.0,0.0,0.0,1.0,0.0,0.0,1.0,0.0,0.0,1.0,0.0,1.0,1.0,0.0,0.0,0.0,0.0,0.0,0.0,1.0,0.0,0.0,0.0,1.0
32,2950301492.0,38.0,93.0,19.0,150.0,6.0,66.0,0.0,108.0,212.0,120.0,80.0,56.0,0.0,99.0,105.0,10.0,18.0,41.0,128.0,60.0,59.0,59.0,0.0,53.0,84.0,21.0,1.0,16.0,144.0,83.0,0.0,0.0,53.0,35.0,71.0,32.0,17.0,48.0,62.0,13.0,19.0,11.0,116.0,4.0,8.0,5.0,82.0,153.0,175.0,11.0,65.0,105.0,2.0,48.0,8.0,69.0,0.0,53.0,1.0,34.0,0.0,1.0,49.0,3.0,18.0,95.0,60.0,43.0,165.0,85.0,81.0,34.0,94.0,0.0,33.0,33.0,20.0,35.0,177.0,123.0,177.0,47.0,44.0,16.0,38.0,76.0,187.0,172.0,0.0,15.0,206.0,0.0,64.0,25.0,51.0,21.0,141.0,5.0,69.0,34.0,73.0,67.0,35.0,0.0,10.0,84.0,43.0,3.0,92.0,11.0,45.0
33,2954907308.0,15.0,36.0,10.0,34.0,3.0,33.0,0.0,49.0,48.0,42.0,40.0,16.0,0.0,22.0,30.0,5.0,10.0,14.0,54.0,32.0,13.0,21.0,1.0,18.0,22.0,14.0,1.0,7.0,44.0,32.0,0.0,53.0,0.0,13.0,27.0,15.0,6.0,24.0,23.0,13.0,9.0,7.0,35.0,2.0,7.0,5.0,32.0,35.0,49.0,3.0,29.0,37.0,2.0,11.0,2.0,30.0,2.0,24.0,3.0,14.0,0.0,1.0,21.0,2.0,6.0,40.0,24.0,20.0,50.0,31.0,31.0,16.0,37.0,0.0,13.0,14.0,15.0,18.0,51.0,50.0,39.0,14.0,21.0,10.0,20.0,32.0,42.0,36.0,0.0,11.0,55.0,0.0,26.0,7.0,8.0,9.0,38.0,4.0,32.0,17.0,17.0,24.0,18.0,0.0,5.0,30.0,20.0,4.0,27.0,6.0,22.0
34,2955056552.0,3.0,12.0,2.0,23.0,0.0,19.0,0.0,9.0,36.0,23.0,9.0,11.0,0.0,19.0,24.0,2.0,2.0,11.0,31.0,10.0,14.0,3.0,0.0,19.0,25.0,10.0,0.0,5.0,28.0,22.0,1.0,35.0,13.0,0.0,22.0,7.0,8.0,4.0,17.0,4.0,2.0,9.0,16.0,1.0,3.0,1.0,20.0,29.0,33.0,0.0,18.0,10.0,1.0,7.0,0.0,23.0,0.0,11.0,0.0,9.0,0.0,0.0,20.0,0.0,2.0,23.0,16.0,16.0,32.0,22.0,12.0,13.0,24.0,0.0,11.0,11.0,4.0,4.0,29.0,32.0,30.0,14.0,17.0,3.0,14.0,19.0,35.0,35.0,0.0,4.0,35.0,0.0,22.0,4.0,12.0,1.0,27.0,3.0,16.0,7.0,19.0,12.0,12.0,0.0,0.0,18.0,11.0,0.0,13.0,2.0,7.0
35,2955987295.0,8.0,26.0,5.0,48.0,1.0,31.0,0.0,29.0,77.0,45.0,17.0,21.0,0.0,49.0,61.0,5.0,6.0,16.0,60.0,18.0,28.0,10.0,0.0,28.0,47.0,17.0,2.0,5.0,68.0,39.0,0.0,71.0,27.0,22.0,0.0,17.0,11.0,16.0,29.0,9.0,10.0,11.0,30.0,2.0,5.0,2.0,31.0,74.0,61.0,3.0,30.0,25.0,0.0,18.0,0.0,33.0,1.0,23.0,4.0,16.0,0.0,0.0,30.0,3.0,5.0,40.0,26.0,23.0,62.0,45.0,21.0,20.0,40.0,0.0,20.0,20.0,14.0,11.0,66.0,59.0,68.0,22.0,33.0,7.0,30.0,39.0,65.0,64.0,0.0,10.0,76.0,0.0,34.0,8.0,19.0,3.0,58.0,4.0,31.0,13.0,45.0,23.0,14.0,0.0,5.0,34.0,21.0,0.0,37.0,2.0,9.0
36,2956626636.0,10.0,42.0,5.0,41.0,1.0,39.0,0.0,43.0,36.0,40.0,20.0,12.0,0.0,23.0,23.0,6.0,8.0,27.0,56.0,18.0,26.0,11.0,2.0,27.0,21.0,14.0,4.0,3.0,25.0,21.0,0.0,32.0,15.0,7.0,17.0,0.0,7.0,14.0,27.0,8.0,6.0,4.0,31.0,15.0,6.0,1.0,30.0,26.0,48.0,1.0,37.0,28.0,0.0,12.0,2.0,33.0,7.0,20.0,8.0,17.0,0.0,1.0,17.0,0.0,3.0,58.0,24.0,18.0,42.0,24.0,20.0,25.0,32.0,0.0,23.0,16.0,10.0,8.0,49.0,40.0,21.0,10.0,18.0,9.0,14.0,19.0,31.0,31.0,0.0,7.0,40.0,0.0,18.0,10.0,8.0,4.0,24.0,3.0,41.0,15.0,13.0,32.0,17.0,0.0,3.0,17.0,22.0,4.0,30.0,5.0,19.0
37,2956885202.0,2.0,7.0,0.0,14.0,1.0,11.0,0.0,11.0,17.0,10.0,1.0,4.0,0.0,8.0,14.0,29.0,1.0,8.0,48.0,3.0,11.0,0.0,2.0,14.0,14.0,6.0,0.0,3.0,15.0,19.0,0.0,17.0,6.0,8.0,11.0,7.0,0.0,3.0,9.0,4.0,1.0,6.0,7.0,1.0,8.0,0.0,11.0,16.0,18.0,0.0,15.0,6.0,0.0,11.0,0.0,19.0,6.0,7.0,4.0,9.0,0.0,0.0,8.0,0.0,0.0,48.0,14.0,13.0,16.0,15.0,4.0,10.0,15.0,0.0,9.0,9.0,3.0,1.0,14.0,18.0,16.0,12.0,10.0,2.0,8.0,9.0,15.0,18.0,0.0,3.0,16.0,0.0,10.0,1.0,9.0,0.0,14.0,3.0,10.0,4.0,15.0,9.0,6.0,0.0,0.0,10.0,8.0,0.0,11.0,0.0,4.0
38,2957220588.0,47.0,91.0,31.0,41.0,4.0,40.0,0.0,75.0,35.0,72.0,75.0,13.0,0.0,27.0,21.0,14.0,11.0,18.0,68.0,53.0,9.0,59.0,1.0,14.0,18.0,8.0,1.0,6.0,36.0,41.0,0.0,48.0,24.0,4.0,16.0,14.0,3.0,0.0,17.0,13.0,27.0,2.0,54.0,4.0,5.0,6.0,32.0,32.0,60.0,21.0,35.0,100.0,4.0,23.0,6.0,31.0,1.0,67.0,5.0,12.0,0.0,1.0,20.0,3.0,27.0,64.0,25.0,17.0,74.0,20.0,70.0,9.0,32.0,0.0,13.0,10.0,19.0,54.0,55.0,46.0,23.0,4.0,18.0,16.0,12.0,23.0,29.0,29.0,0.0,8.0,57.0,0.0,14.0,18.0,8.0,10.0,33.0,3.0,45.0,29.0,11.0,30.0,17.0,0.0,15.0,50.0,24.0,2.0,39.0,7.0,26.0
39,2957458380.0,19.0,73.0,5.0,83.0,4.0,89.0,0.0,87.0,63.0,84.0,55.0,23.0,0.0,34.0,45.0,3.0,10.0,37.0,119.0,43.0,26.0,33.0,2.0,36.0,41.0,22.0,3.0,20.0,52.0,26.0,0.0,62.0,23.0,17.0,29.0,27.0,9.0,17.0,0.0,11.0,9.0,7.0,38.0,8.0,7.0,1.0,62.0,50.0,98.0,4.0,77.0,83.0,4.0,11.0,6.0,78.0,2.0,27.0,6.0,21.0,0.0,1.0,23.0,5.0,4.0,108.0,58.0,36.0,74.0,32.0,48.0,27.0,76.0,0.0,26.0,31.0,14.0,12.0,102.0,65.0,55.0,25.0,28.0,13.0,19.0,38.0,48.0,57.0,0.0,13.0,90.0,0.0,44.0,25.0,12.0,10.0,55.0,5.0,97.0,32.0,19.0,77.0,34.0,0.0,4.0,51.0,56.0,2.0,78.0,17.0,39.0
40,2957881886.0,8.0,23.0,8.0,16.0,1.0,18.0,0.0,24.0,12.0,21.0,18.0,7.0,0.0,9.0,9.0,2.0,6.0,8.0,24.0,13.0,5.0,14.0,0.0,13.0,9.0,7.0,0.0,3.0,13.0,12.0,0.0,13.0,13.0,4.0,9.0,8.0,4.0,13.0,11.0,0.0,7.0,4.0,16.0,4.0,3.0,1.0,15.0,15.0,20.0,2.0,19.0,21.0,0.0,6.0,1.0,14.0,0.0,14.0,0.0,9.0,0.0,1.0,8.0,0.0,3.0,24.0,13.0,9.0,22.0,10.0,18.0,9.0,10.0,0.0,9.0,8.0,15.0,6.0,19.0,17.0,14.0,5.0,10.0,7.0,7.0,12.0,10.0,11.0,0.0,5.0,18.0,0.0,8.0,2.0,5.0,1.0,12.0,3.0,21.0,10.0,5.0,18.0,8.0,0.0,2.0,11.0,13.0,2.0,17.0,3.0,8.0
41,2960473008.0,20.0,33.0,9.0,13.0,1.0,19.0,0.0,30.0,8.0,26.0,34.0,9.0,0.0,9.0,7.0,5.0,9.0,8.0,25.0,26.0,3.0,21.0,1.0,8.0,10.0,5.0,1.0,2.0,13.0,9.0,0.0,19.0,9.0,2.0,10.0,6.0,1.0,27.0,9.0,7.0,0.0,1.0,11.0,2.0,1.0,4.0,18.0,13.0,19.0,10.0,21.0,48.0,1.0,3.0,2.0,17.0,0.0,25.0,1.0,6.0,0.0,0.0,5.0,1.0,16.0,19.0,15.0,7.0,24.0,11.0,23.0,4.0,12.0,0.0,7.0,11.0,12.0,20.0,19.0,15.0,9.0,2.0,10.0,10.0,9.0,10.0,11.0,8.0,0.0,8.0,23.0,0.0,7.0,7.0,2.0,6.0,14.0,1.0,27.0,17.0,2.0,13.0,6.0,0.0,8.0,20.0,13.0,0.0,17.0,5.0,14.0
42,2982013375.0,1.0,4.0,0.0,8.0,0.0,7.0,0.0,2.0,11.0,5.0,2.0,3.0,0.0,9.0,8.0,0.0,1.0,3.0,10.0,2.0,6.0,0.0,0.0,8.0,11.0,5.0,0.0,3.0,10.0,9.0,0.0,11.0,7.0,9.0,11.0,4.0,6.0,2.0,7.0,4.0,1.0,0.0,5.0,0.0,3.0,0.0,8.0,11.0,10.0,0.0,8.0,3.0,0.0,4.0,0.0,8.0,0.0,4.0,0.0,5.0,0.0,0.0,10.0,0.0,0.0,8.0,11.0,8.0,7.0,10.0,4.0,7.0,7.0,0.0,6.0,5.0,2.0,1.0,6.0,9.0,10.0,7.0,7.0,2.0,6.0,5.0,11.0,10.0,0.0,2.0,10.0,0.0,11.0,0.0,4.0,0.0,7.0,3.0,4.0,2.0,11.0,3.0,4.0,0.0,0.0,8.0,4.0,0.0,5.0,0.0,2.0
43,3012051132.0,52.0,186.0,41.0,115.0,11.0,63.0,0.0,140.0,130.0,138.0,111.0,33.0,0.0,110.0,70.0,10.0,8.0,28.0,133.0,41.0,27.0,140.0,1.0,37.0,30.0,14.0,3.0,9.0,94.0,89.0,0.0,116.0,35.0,16.0,30.0,31.0,7.0,54.0,38.0,16.0,11.0,5.0,0.0,7.0,4.0,3.0,49.0,94.0,150.0,5.0,73.0,214.0,1.0,79.0,9.0,57.0,3.0,73.0,4.0,21.0,0.0,1.0,42.0,16.0,15.0,125.0,37.0,25.0,221.0,28.0,127.0,17.0,74.0,0.0,24.0,25.0,20.0,39.0,137.0,105.0,73.0,27.0,27.0,14.0,18.0,49.0,114.0,135.0,0.0,7.0,142.0,0.0,29.0,22.0,30.0,48.0,73.0,3.0,74.0,24.0,33.0,63.0,29.0,0.0,6.0,38.0,31.0,2.0,71.0,1.0,64.0
44,30860019.0,11.0,32.0,0.0,23.0,0.0,30.0,0.0,54.0,10.0,23.0,9.0,7.0,0.0,10.0,10.0,4.0,1.0,15.0,54.0,11.0,2.0,8.0,35.0,19.0,7.0,2.0,6.0,1.0,0.0,8.0,1.0,4.0,2.0,1.0,2.0,15.0,1.0,4.0,8.0,4.0,2.0,0.0,7.0,0.0,0.0,0.0,16.0,4.0,22.0,0.0,43.0,19.0,1.0,2.0,1.0,47.0,22.0,10.0,17.0,1.0,0.0,5.0,3.0,1.0,1.0,80.0,12.0,5.0,13.0,13.0,11.0,10.0,26.0,0.0,7.0,7.0,4.0,0.0,30.0,20.0,3.0,3.0,3.0,3.0,2.0,6.0,4.0,13.0,0.0,1.0,17.0,0.0,10.0,13.0,0.0,3.0,11.0,0.0,46.0,9.0,1.0,24.0,4.0,0.0,4.0,4.0,24.0,3.0,16.0,3.0,31.0
45,320811254.0,3.0,6.0,1.0,9.0,0.0,9.0,0.0,17.0,10.0,8.0,4.0,2.0,0.0,5.0,9.0,4.0,1.0,6.0,23.0,4.0,7.0,1.0,5.0,6.0,7.0,4.0,0.0,2.0,9.0,16.0,0.0,8.0,7.0,3.0,5.0,6.0,8.0,5.0,7.0,3.0,1.0,3.0,4.0,0.0,0.0,3.0,8.0,8.0,9.0,0.0,9.0,8.0,0.0,10.0,0.0,8.0,1.0,10.0,5.0,5.0,0.0,0.0,5.0,0.0,0.0,22.0,6.0,5.0,9.0,6.0,4.0,6.0,10.0,0.0,5.0,5.0,2.0,1.0,6.0,14.0,7.0,5.0,6.0,2.0,5.0,7.0,11.0,11.0,0.0,4.0,9.0,0.0,8.0,5.0,5.0,2.0,11.0,4.0,10.0,4.0,6.0,7.0,5.0,0.0,0.0,5.0,5.0,0.0,6.0,0.0,3.0
46,3244035912.0,7.0,10.0,2.0,4.0,0.0,8.0,0.0,13.0,3.0,9.0,10.0,1.0,0.0,2.0,4.0,2.0,5.0,1.0,14.0,10.0,0.0,11.0,0.0,3.0,4.0,0.0,2.0,0.0,5.0,4.0,0.0,5.0,5.0,1.0,2.0,1.0,0.0,6.0,1.0,1.0,4.0,0.0,3.0,0.0,3.0,0.0,4.0,3.0,7.0,3.0,10.0,13.0,0.0,2.0,2.0,10.0,0.0,9.0,0.0,1.0,0.0,0.0,0.0,1.0,2.0,11.0,6.0,3.0,8.0,4.0,12.0,1.0,7.0,0.0,2.0,1.0,1.0,6.0,9.0,9.0,6.0,0.0,4.0,2.0,4.0,2.0,4.0,3.0,0.0,3.0,10.0,0.0,9.0,3.0,0.0,5.0,8.0,1.0,11.0,6.0,2.0,5.0,3.0,1.0,1.0,6.0,4.0,1.0,3.0,1.0,1.0
47,3253468556.0,47.0,119.0,10.0,106.0,8.0,129.0,0.0,134.0,82.0,118.0,73.0,30.0,0.0,50.0,57.0,7.0,13.0,52.0,169.0,76.0,36.0,58.0,11.0,37.0,47.0,25.0,9.0,4.0,67.0,41.0,1.0,82.0,32.0,20.0,31.0,30.0,11.0,32.0,62.0,15.0,18.0,8.0,49.0,16.0,8.0,4.0,0.0,75.0,128.0,7.0,103.0,104.0,8.0,24.0,13.0,123.0,10.0,41.0,22.0,28.0,0.0,1.0,31.0,7.0,9.0,161.0,77.0,52.0,105.0,41.0,78.0,30.0,78.0,0.0,33.0,45.0,23.0,24.0,144.0,96.0,63.0,27.0,49.0,20.0,29.0,46.0,59.0,79.0,0.0,19.0,132.0,0.0,38.0,50.0,19.0,13.0,98.0,5.0,129.0,56.0,29.0,106.0,37.0,0.0,8.0,52.0,85.0,7.0,105.0,20.0,50.0
48,325403636.0,26.0,85.0,16.0,113.0,6.0,88.0,0.0,103.0,159.0,122.0,66.0,40.0,0.0,102.0,112.0,8.0,13.0,37.0,146.0,40.0,49.0,45.0,0.0,51.0,77.0,27.0,2.0,5.0,125.0,78.0,0.0,153.0,35.0,29.0,74.0,26.0,16.0,32.0,50.0,15.0,13.0,11.0,94.0,4.0,8.0,3.0,75.0,0.0,167.0,4.0,87.0,96.0,1.0,43.0,3.0,81.0,1.0,47.0,4.0,28.0,0.0,1.0,43.0,2.0,6.0,132.0,66.0,34.0,148.0,64.0,75.0,28.0,87.0,0.0,34.0,34.0,27.0,19.0,185.0,128.0,133.0,36.0,45.0,10.0,34.0,70.0,122.0,149.0,0.0,9.0,177.0,0.0,47.0,25.0,37.0,18.0,107.0,6.0,83.0,33.0,67.0,77.0,38.0,0.0,5.0,56.0,56.0,3.0,100.0,12.0,58.0
49,325610106.0,66.0,192.0,25.0,201.0,10.0,182.0,1.0,235.0,194.0,201.0,137.0,52.0,0.0,98.0,125.0,10.0,19.0,66.0,298.0,94.0,62.0,124.0,20.0,69.0,79.0,28.0,5.0,7.0,175.0,98.0,0.0,175.0,49.0,33.0,61.0,48.0,18.0,60.0,98.0,20.0,19.0,10.0,150.0,22.0,9.0,7.0,128.0,167.0,0.0,6.0,161.0,224.0,9.0,65.0,25.0,185.0,9.0,77.0,11.0,41.0,0.0,5.0,59.0,16.0,9.0,291.0,126.0,70.0,231.0,68.0,130.0,44.0,161.0,0.0,41.0,53.0,34.0,30.0,313.0,188.0,139.0,52.0,61.0,19.0,40.0,87.0,150.0,183.0,0.0,17.0,242.0,0.0,53.0,64.0,39.0,40.0,140.0,8.0,207.0,70.0,64.0,160.0,57.0,1.0,9.0,63.0,110.0,7.0,168.0,24.0,109.0
50,3314238331.0,28.0,20.0,4.0,3.0,1.0,8.0,0.0,21.0,6.0,13.0,25.0,2.0,0.0,2.0,2.0,4.0,20.0,0.0,12.0,26.0,1.0,13.0,0.0,1.0,3.0,0.0,0.0,13.0,5.0,4.0,0.0,11.0,3.0,0.0,3.0,1.0,0.0,21.0,4.0,2.0,10.0,0.0,5.0,0.0,0.0,3.0,7.0,4.0,6.0,0.0,7.0,30.0,0.0,1.0,1.0,6.0,0.0,12.0,0.0,4.0,0.0,0.0,1.0,1.0,11.0,10.0,3.0,2.0,9.0,5.0,43.0,1.0,2.0,0.0,0.0,2.0,3.0,19.0,9.0,2.0,4.0,0.0,4.0,4.0,2.0,3.0,5.0,2.0,0.0,3.0,12.0,0.0,5.0,2.0,0.0,2.0,5.0,0.0,6.0,7.0,0.0,6.0,0.0,0.0,9.0,51.0,2.0,1.0,10.0,0.0,5.0
51,335159421.0,59.0,189.0,15.0,160.0,12.0,263.0,1.0,279.0,79.0,169.0,136.0,36.0,0.0,49.0,98.0,17.0,19.0,62.0,355.0,83.0,25.0,87.0,67.0,86.0,60.0,30.0,25.0,4.0,67.0,48.0,0.0,65.0,29.0,18.0,30.0,37.0,15.0,35.0,77.0,19.0,21.0,8.0,73.0,43.0,9.0,10.0,103.0,87.0,161.0,7.0,0.0,192.0,8.0,28.0,25.0,248.0,29.0,66.0,52.0,31.0,0.0,6.0,43.0,9.0,11.0,538.0,99.0,56.0,120.0,51.0,109.0,36.0,146.0,0.0,40.0,52.0,35.0,22.0,217.0,120.0,58.0,34.0,42.0,20.0,24.0,44.0,57.0,88.0,0.0,23.0,178.0,0.0,48.0,63.0,14.0,25.0,83.0,4.0,231.0,60.0,34.0,165.0,52.0,2.0,6.0,54.0,136.0,10.0,112.0,26.0,175.0
52,343343892.0,159.0,372.0,52.0,183.0,14.0,206.0,1.0,427.0,99.0,250.0,289.0,36.0,0.0,81.0,83.0,20.0,27.0,69.0,370.0,141.0,24.0,243.0,6.0,53.0,52.0,24.0,11.0,18.0,104.0,90.0,1.0,105.0,37.0,10.0,25.0,28.0,6.0,100.0,83.0,21.0,48.0,3.0,214.0,19.0,8.0,13.0,104.0,96.0,224.0,30.0,192.0,0.0,6.0,56.0,33.0,205.0,8.0,148.0,25.0,30.0,0.0,4.0,38.0,16.0,47.0,351.0,124.0,50.0,223.0,42.0,225.0,25.0,139.0,0.0,32.0,56.0,34.0,84.0,298.0,138.0,63.0,25.0,49.0,27.0,30.0,58.0,66.0,115.0,0.0,28.0,184.0,0.0,41.0,84.0,14.0,51.0,102.0,6.0,267.0,80.0,19.0,174.0,56.0,2.0,17.0,94.0,126.0,5.0,137.0,34.0,189.0
53,366713786.0,5.0,8.0,0.0,4.0,0.0,9.0,0.0,7.0,5.0,6.0,5.0,1.0,0.0,4.0,2.0,0.0,0.0,5.0,11.0,7.0,0.0,5.0,1.0,1.0,4.0,2.0,1.0,0.0,2.0,0.0,0.0,2.0,2.0,1.0,0.0,0.0,0.0,4.0,4.0,0.0,1.0,0.0,1.0,1.0,0.0,0.0,8.0,1.0,9.0,0.0,8.0,6.0,0.0,0.0,1.0,9.0,0.0,2.0,1.0,2.0,0.0,0.0,3.0,2.0,1.0,12.0,5.0,4.0,5.0,2.0,8.0,0.0,6.0,0.0,3.0,2.0,0.0,2.0,10.0,5.0,1.0,2.0,3.0,1.0,0.0,3.0,2.0,1.0,0.0,2.0,9.0,0.0,1.0,3.0,1.0,0.0,7.0,0.0,9.0,6.0,1.0,10.0,2.0,0.0,0.0,5.0,8.0,0.0,9.0,11.0,4.0
54,4154896334.0,17.0,50.0,11.0,47.0,4.0,17.0,0.0,35.0,54.0,37.0,23.0,11.0,0.0,47.0,42.0,5.0,2.0,10.0,47.0,7.0,17.0,28.0,2.0,22.0,22.0,9.0,1.0,3.0,46.0,47.0,0.0,48.0,11.0,7.0,18.0,12.0,11.0,23.0,11.0,6.0,3.0,4.0,79.0,2.0,10.0,2.0,24.0,43.0,65.0,1.0,28.0,56.0,0.0,0.0,1.0,23.0,6.0,29.0,4.0,13.0,0.0,3.0,17.0,1.0,1.0,46.0,15.0,12.0,82.0,15.0,26.0,14.0,38.0,0.0,14.0,9.0,7.0,9.0,45.0,50.0,37.0,12.0,15.0,2.0,16.0,21.0,47.0,54.0,0.0,4.0,51.0,0.0,12.0,6.0,17.0,8.0,31.0,4.0,21.0,5.0,25.0,16.0,12.0,0.0,0.0,13.0,9.0,0.0,28.0,0.0,10.0
55,4275710122.0,13.0,28.0,0.0,13.0,1.0,28.0,0.0,37.0,8.0,24.0,24.0,2.0,0.0,6.0,7.0,0.0,2.0,12.0,39.0,19.0,2.0,19.0,0.0,5.0,4.0,2.0,1.0,0.0,2.0,3.0,0.0,8.0,2.0,0.0,0.0,2.0,0.0,6.0,6.0,1.0,2.0,0.0,9.0,1.0,0.0,2.0,13.0,3.0,25.0,1.0,25.0,33.0,1.0,1.0,0.0,28.0,0.0,7.0,2.0,2.0,0.0,0.0,5.0,2.0,3.0,37.0,16.0,15.0,17.0,2.0,14.0,4.0,17.0,0.0,5.0,8.0,2.0,1.0,33.0,16.0,4.0,5.0,9.0,2.0,2.0,4.0,1.0,11.0,0.0,4.0,23.0,0.0,6.0,11.0,1.0,6.0,13.0,0.0,31.0,11.0,0.0,30.0,7.0,0.0,0.0,9.0,20.0,3.0,22.0,4.0,19.0
56,441909786.0,62.0,221.0,7.0,162.0,6.0,278.0,1.0,337.0,90.0,173.0,110.0,28.0,0.0,48.0,91.0,25.0,23.0,79.0,450.0,106.0,30.0,99.0,31.0,63.0,71.0,27.0,20.0,4.0,68.0,34.0,1.0,69.0,30.0,23.0,33.0,33.0,19.0,31.0,78.0,14.0,17.0,8.0,57.0,47.0,8.0,10.0,123.0,81.0,185.0,6.0,248.0,205.0,9.0,23.0,28.0,0.0,21.0,64.0,61.0,34.0,0.0,4.0,38.0,11.0,12.0,449.0,133.0,67.0,135.0,59.0,105.0,37.0,157.0,0.0,39.0,62.0,25.0,20.0,313.0,114.0,59.0,30.0,51.0,22.0,31.0,45.0,50.0,114.0,0.0,27.0,178.0,0.0,54.0,79.0,13.0,29.0,102.0,5.0,335.0,87.0,25.0,236.0,56.0,4.0,7.0,52.0,166.0,10.0,134.0,32.0,120.0
57,44815147.0,6.0,13.0,0.0,18.0,1.0,13.0,0.0,27.0,12.0,7.0,0.0,1.0,0.0,4.0,5.0,13.0,0.0,4.0,50.0,5.0,1.0,1.0,9.0,9.0,3.0,1.0,6.0,0.0,1.0,5.0,0.0,0.0,2.0,0.0,1.0,7.0,6.0,1.0,2.0,0.0,0.0,0.0,3.0,22.0,1.0,0.0,10.0,1.0,9.0,0.0,29.0,8.0,0.0,6.0,0.0,21.0,0.0,3.0,22.0,0.0,0.0,1.0,3.0,0.0,0.0,67.0,2.0,3.0,3.0,2.0,1.0,8.0,9.0,0.0,3.0,3.0,2.0,0.0,14.0,5.0,0.0,1.0,1.0,1.0,1.0,0.0,4.0,7.0,0.0,0.0,9.0,0.0,5.0,6.0,0.0,3.0,6.0,0.0,30.0,2.0,0.0,7.0,3.0,0.0,0.0,0.0,9.0,1.0,1.0,0.0,12.0
58,450378435.0,72.0,126.0,33.0,61.0,8.0,60.0,0.0,108.0,39.0,96.0,94.0,11.0,0.0,28.0,32.0,18.0,16.0,24.0,111.0,51.0,14.0,74.0,6.0,33.0,31.0,12.0,4.0,7.0,52.0,53.0,1.0,53.0,24.0,11.0,23.0,20.0,7.0,67.0,27.0,14.0,25.0,4.0,73.0,10.0,10.0,9.0,41.0,47.0,77.0,12.0,66.0,148.0,2.0,29.0,7.0,64.0,3.0,0.0,10.0,20.0,0.0,1.0,33.0,4.0,20.0,98.0,36.0,26.0,99.0,29.0,72.0,17.0,47.0,0.0,22.0,18.0,23.0,41.0,79.0,66.0,34.0,12.0,26.0,14.0,17.0,26.0,39.0,50.0,0.0,13.0,73.0,0.0,19.0,23.0,12.0,15.0,41.0,5.0,90.0,37.0,18.0,56.0,25.0,0.0,10.0,52.0,44.0,3.0,45.0,5.0,43.0
59,4574311770.0,9.0,37.0,0.0,33.0,0.0,43.0,0.0,58.0,12.0,23.0,3.0,6.0,0.0,10.0,11.0,10.0,2.0,14.0,84.0,15.0,1.0,11.0,12.0,15.0,9.0,2.0,15.0,0.0,1.0,11.0,0.0,1.0,3.0,0.0,4.0,8.0,4.0,5.0,6.0,0.0,1.0,0.0,4.0,17.0,5.0,0.0,22.0,4.0,11.0,0.0,52.0,25.0,1.0,4.0,2.0,61.0,22.0,10.0,0.0,1.0,0.0,1.0,5.0,5.0,6.0,107.0,9.0,18.0,7.0,9.0,8.0,9.0,18.0,0.0,6.0,10.0,4.0,1.0,46.0,18.0,1.0,2.0,4.0,1.0,2.0,1.0,10.0,13.0,0.0,7.0,23.0,0.0,10.0,23.0,0.0,5.0,25.0,0.0,63.0,11.0,3.0,25.0,4.0,1.0,0.0,3.0,32.0,3.0,12.0,3.0,11.0
60,4688575886.0,13.0,31.0,3.0,39.0,0.0,37.0,0.0,32.0,26.0,37.0,16.0,12.0,0.0,19.0,21.0,3.0,6.0,24.0,45.0,21.0,21.0,15.0,0.0,21.0,19.0,13.0,1.0,4.0,21.0,17.0,0.0,34.0,14.0,9.0,16.0,17.0,9.0,12.0,21.0,9.0,6.0,5.0,21.0,1.0,5.0,1.0,28.0,28.0,41.0,4.0,31.0,30.0,2.0,13.0,2.0,34.0,0.0,20.0,1.0,0.0,0.0,0.0,13.0,2.0,3.0,39.0,29.0,20.0,34.0,24.0,22.0,17.0,31.0,0.0,16.0,17.0,11.0,6.0,45.0,28.0,27.0,16.0,20.0,10.0,14.0,18.0,26.0,28.0,0.0,7.0,36.0,0.0,13.0,7.0,8.0,2.0,23.0,4.0,36.0,19.0,14.0,36.0,21.0,0.0,2.0,18.0,27.0,2.0,38.0,6.0,16.0
61,4737042973.0,0.0,0.0,0.0,0.0,0.0,0.0,0.0,0.0,0.0,0.0,0.0,0.0,0.0,0.0,0.0,0.0,0.0,0.0,0.0,0.0,0.0,0.0,0.0,0.0,0.0,0.0,0.0,0.0,0.0,0.0,0.0,0.0,0.0,0.0,0.0,0.0,0.0,0.0,0.0,0.0,0.0,0.0,0.0,0.0,0.0,0.0,0.0,0.0,0.0,0.0,0.0,0.0,0.0,0.0,0.0,0.0,0.0,0.0,0.0,0.0,0.0,0.0,0.0,0.0,0.0,0.0,0.0,0.0,0.0,0.0,0.0,0.0,0.0,0.0,0.0,0.0,0.0,0.0,0.0,0.0,0.0,0.0,0.0,0.0,0.0,0.0,0.0,0.0,0.0,0.0,0.0,0.0,0.0,0.0,0.0,0.0,0.0,0.0,0.0,0.0,0.0,0.0,0.0,0.0,0.0,0.0,0.0,0.0,0.0,0.0,0.0
62,4777301054.0,1.0,1.0,1.0,4.0,1.0,3.0,0.0,6.0,1.0,2.0,1.0,1.0,0.0,1.0,0.0,0.0,0.0,2.0,7.0,1.0,0.0,1.0,0.0,4.0,0.0,0.0,0.0,1.0,1.0,1.0,0.0,1.0,1.0,0.0,0.0,1.0,0.0,1.0,1.0,1.0,0.0,0.0,1.0,5.0,0.0,0.0,1.0,1.0,5.0,0.0,6.0,4.0,0.0,3.0,0.0,4.0,1.0,1.0,1.0,0.0,0.0,0.0,1.0,0.0,0.0,12.0,0.0,0.0,2.0,0.0,1.0,0.0,2.0,0.0,0.0,0.0,1.0,0.0,4.0,3.0,1.0,0.0,0.0,0.0,0.0,1.0,0.0,0.0,0.0,0.0,1.0,0.0,1.0,2.0,0.0,0.0,2.0,0.0,8.0,0.0,0.0,2.0,1.0,0.0,0.0,0.0,0.0,0.0,1.0,0.0,14.0
63,580057012.0,17.0,39.0,11.0,59.0,5.0,37.0,0.0,34.0,56.0,46.0,27.0,11.0,0.0,29.0,35.0,2.0,3.0,18.0,60.0,13.0,15.0,15.0,2.0,29.0,31.0,16.0,3.0,3.0,54.0,36.0,0.0,49.0,21.0,20.0,30.0,17.0,8.0,20.0,23.0,8.0,5.0,10.0,42.0,3.0,5.0,0.0,31.0,43.0,59.0,1.0,43.0,38.0,3.0,17.0,5.0,38.0,3.0,33.0,5.0,13.0,0.0,1.0,0.0,3.0,2.0,49.0,22.0,24.0,50.0,34.0,20.0,14.0,45.0,0.0,17.0,13.0,12.0,6.0,48.0,52.0,42.0,15.0,18.0,5.0,17.0,23.0,47.0,44.0,0.0,5.0,60.0,0.0,25.0,7.0,9.0,6.0,43.0,4.0,36.0,9.0,22.0,20.0,15.0,0.0,0.0,29.0,21.0,2.0,29.0,2.0,15.0
64,628960161.0,10.0,20.0,3.0,8.0,5.0,10.0,0.0,12.0,3.0,15.0,4.0,2.0,0.0,4.0,5.0,1.0,0.0,4.0,14.0,12.0,3.0,7.0,1.0,2.0,5.0,2.0,3.0,0.0,4.0,2.0,0.0,3.0,2.0,0.0,3.0,0.0,0.0,3.0,5.0,0.0,1.0,0.0,16.0,1.0,0.0,1.0,7.0,2.0,16.0,1.0,9.0,16.0,2.0,1.0,2.0,11.0,0.0,4.0,5.0,2.0,0.0,0.0,3.0,0.0,3.0,14.0,8.0,5.0,6.0,4.0,8.0,1.0,7.0,0.0,2.0,4.0,1.0,2.0,19.0,11.0,3.0,0.0,5.0,0.0,1.0,4.0,4.0,6.0,0.0,5.0,13.0,0.0,4.0,156.0,0.0,16.0,12.0,0.0,15.0,6.0,5.0,11.0,3.0,0.0,0.0,8.0,11.0,0.0,10.0,3.0,14.0
65,7.050964902055813e+17,19.0,31.0,11.0,8.0,1.0,12.0,0.0,29.0,7.0,21.0,26.0,4.0,0.0,7.0,3.0,10.0,3.0,5.0,20.0,30.0,1.0,28.0,1.0,3.0,3.0,3.0,3.0,7.0,6.0,6.0,0.0,18.0,6.0,2.0,5.0,3.0,0.0,27.0,4.0,3.0,16.0,0.0,15.0,1.0,0.0,2.0,9.0,6.0,9.0,11.0,11.0,47.0,1.0,1.0,3.0,12.0,0.0,20.0,6.0,3.0,0.0,0.0,2.0,3.0,0.0,14.0,5.0,6.0,17.0,6.0,32.0,1.0,5.0,0.0,4.0,5.0,4.0,34.0,13.0,6.0,4.0,0.0,7.0,4.0,5.0,1.0,7.0,7.0,0.0,6.0,17.0,0.0,5.0,6.0,0.0,3.0,15.0,0.0,14.0,9.0,1.0,11.0,1.0,0.0,13.0,23.0,9.0,0.0,13.0,5.0,8.0
66,7.184282798336369e+17,87.0,349.0,22.0,268.0,15.0,427.0,1.0,624.0,136.0,261.0,200.0,51.0,0.0,62.0,147.0,86.0,23.0,91.0,944.0,126.0,42.0,158.0,73.0,142.0,84.0,30.0,30.0,6.0,97.0,104.0,1.0,95.0,40.0,23.0,40.0,58.0,48.0,64.0,108.0,24.0,19.0,8.0,125.0,80.0,22.0,11.0,161.0,132.0,291.0,10.0,538.0,351.0,12.0,46.0,37.0,449.0,67.0,98.0,107.0,39.0,0.0,12.0,49.0,14.0,14.0,0.0,166.0,79.0,203.0,70.0,170.0,49.0,223.0,0.0,51.0,72.0,41.0,32.0,485.0,194.0,75.0,46.0,61.0,27.0,36.0,73.0,81.0,161.0,0.0,29.0,244.0,0.0,75.0,109.0,19.0,32.0,128.0,6.0,493.0,98.0,39.0,331.0,73.0,4.0,8.0,69.0,202.0,14.0,194.0,42.0,293.0
67,7.248709077648261e+17,36.0,98.0,7.0,92.0,4.0,127.0,0.0,125.0,68.0,106.0,57.0,15.0,0.0,40.0,54.0,12.0,17.0,60.0,164.0,67.0,27.0,64.0,3.0,36.0,52.0,22.0,3.0,4.0,48.0,27.0,0.0,60.0,24.0,16.0,26.0,24.0,14.0,25.0,58.0,13.0,15.0,11.0,37.0,12.0,6.0,6.0,77.0,66.0,126.0,3.0,99.0,124.0,5.0,15.0,16.0,133.0,2.0,36.0,9.0,29.0,0.0,0.0,22.0,8.0,5.0,166.0,0.0,54.0,94.0,42.0,75.0,29.0,88.0,0.0,36.0,51.0,16.0,14.0,166.0,79.0,49.0,29.0,43.0,19.0,20.0,43.0,36.0,65.0,0.0,19.0,115.0,0.0,40.0,44.0,10.0,17.0,70.0,6.0,141.0,69.0,28.0,122.0,42.0,1.0,5.0,46.0,88.0,9.0,94.0,20.0,58.0
68,7.327544372997079e+17,23.0,56.0,2.0,60.0,2.0,68.0,0.0,59.0,51.0,63.0,27.0,14.0,0.0,32.0,36.0,8.0,10.0,40.0,88.0,38.0,22.0,31.0,4.0,29.0,36.0,18.0,9.0,3.0,33.0,23.0,0.0,43.0,20.0,16.0,23.0,18.0,13.0,17.0,36.0,9.0,7.0,8.0,25.0,5.0,5.0,3.0,52.0,34.0,70.0,2.0,56.0,50.0,4.0,12.0,15.0,67.0,3.0,26.0,18.0,20.0,0.0,0.0,24.0,5.0,6.0,79.0,54.0,0.0,58.0,38.0,34.0,26.0,53.0,0.0,28.0,29.0,12.0,6.0,82.0,58.0,34.0,24.0,30.0,10.0,15.0,22.0,40.0,41.0,0.0,16.0,69.0,0.0,30.0,25.0,11.0,9.0,54.0,4.0,72.0,36.0,21.0,61.0,26.0,0.0,2.0,33.0,54.0,4.0,51.0,14.0,25.0
69,7.575753628301517e+17,76.0,205.0,35.0,155.0,8.0,138.0,0.0,203.0,182.0,198.0,122.0,58.0,0.0,121.0,125.0,14.0,18.0,56.0,235.0,89.0,50.0,120.0,0.0,60.0,74.0,26.0,4.0,18.0,140.0,116.0,1.0,165.0,50.0,32.0,62.0,42.0,16.0,74.0,74.0,22.0,24.0,7.0,221.0,13.0,9.0,8.0,105.0,148.0,231.0,9.0,120.0,223.0,5.0,82.0,17.0,135.0,3.0,99.0,7.0,34.0,0.0,2.0,50.0,6.0,17.0,203.0,94.0,58.0,0.0,54.0,162.0,38.0,127.0,0.0,44.0,52.0,32.0,49.0,257.0,166.0,125.0,47.0,61.0,22.0,41.0,89.0,137.0,177.0,0.0,21.0,243.0,0.0,57.0,51.0,49.0,38.0,112.0,5.0,161.0,60.0,62.0,124.0,61.0,0.0,11.0,66.0,91.0,6.0,122.0,18.0,78.0
70,7.647663670440837e+17,19.0,46.0,5.0,69.0,1.0,55.0,0.0,51.0,80.0,60.0,28.0,17.0,0.0,38.0,49.0,15.0,7.0,31.0,91.0,31.0,26.0,22.0,3.0,42.0,62.0,20.0,5.0,5.0,65.0,37.0,0.0,85.0,31.0,22.0,45.0,24.0,15.0,20.0,32.0,10.0,11.0,10.0,28.0,13.0,6.0,4.0,41.0,64.0,68.0,5.0,51.0,42.0,2.0,15.0,2.0,59.0,2.0,29.0,9.0,24.0,0.0,0.0,34.0,4.0,6.0,70.0,42.0,38.0,54.0,0.0,28.0,28.0,64.0,0.0,25.0,27.0,16.0,10.0,86.0,65.0,70.0,24.0,34.0,8.0,25.0,33.0,67.0,72.0,0.0,16.0,81.0,0.0,44.0,14.0,13.0,4.0,56.0,4.0,58.0,29.0,31.0,53.0,27.0,0.0,6.0,42.0,42.0,4.0,44.0,5.0,22.0
71,7.651540429977108e+17,81.0,189.0,33.0,85.0,7.0,112.0,0.0,223.0,96.0,139.0,156.0,28.0,0.0,55.0,69.0,19.0,27.0,39.0,183.0,110.0,19.0,124.0,6.0,33.0,41.0,19.0,6.0,36.0,72.0,52.0,0.0,81.0,31.0,12.0,21.0,20.0,4.0,70.0,48.0,18.0,23.0,4.0,127.0,11.0,4.0,12.0,78.0,75.0,130.0,43.0,109.0,225.0,8.0,26.0,14.0,105.0,1.0,72.0,8.0,22.0,0.0,1.0,20.0,8.0,32.0,170.0,75.0,34.0,162.0,28.0,0.0,17.0,78.0,0.0,27.0,32.0,27.0,93.0,174.0,88.0,67.0,18.0,42.0,21.0,26.0,59.0,61.0,93.0,0.0,24.0,165.0,0.0,48.0,46.0,25.0,44.0,64.0,5.0,128.0,56.0,20.0,102.0,40.0,1.0,18.0,105.0,74.0,2.0,88.0,16.0,80.0
72,7.686505362330788e+17,7.0,32.0,2.0,37.0,2.0,41.0,0.0,33.0,30.0,40.0,13.0,10.0,0.0,20.0,25.0,5.0,5.0,29.0,56.0,18.0,19.0,10.0,5.0,28.0,32.0,13.0,4.0,3.0,24.0,21.0,0.0,34.0,16.0,13.0,20.0,25.0,10.0,9.0,27.0,9.0,4.0,7.0,17.0,10.0,6.0,1.0,30.0,28.0,44.0,1.0,36.0,25.0,0.0,14.0,4.0,37.0,8.0,17.0,9.0,17.0,0.0,0.0,14.0,1.0,1.0,49.0,29.0,26.0,38.0,28.0,17.0,0.0,34.0,0.0,23.0,21.0,12.0,3.0,46.0,35.0,27.0,16.0,21.0,7.0,12.0,19.0,29.0,36.0,0.0,8.0,45.0,0.0,22.0,14.0,11.0,9.0,31.0,4.0,45.0,17.0,18.0,35.0,21.0,0.0,1.0,19.0,32.0,5.0,32.0,3.0,11.0
73,768674803.0,39.0,128.0,6.0,144.0,5.0,153.0,0.0,193.0,97.0,141.0,81.0,26.0,0.0,56.0,83.0,14.0,14.0,50.0,243.0,66.0,27.0,73.0,15.0,71.0,58.0,25.0,9.0,3.0,83.0,52.0,1.0,94.0,37.0,24.0,40.0,32.0,15.0,32.0,76.0,10.0,12.0,7.0,74.0,26.0,10.0,7.0,78.0,87.0,161.0,2.0,146.0,139.0,6.0,38.0,17.0,157.0,9.0,47.0,18.0,31.0,0.0,2.0,45.0,7.0,5.0,223.0,88.0,53.0,127.0,64.0,78.0,34.0,0.0,0.0,33.0,43.0,19.0,20.0,207.0,123.0,76.0,39.0,44.0,12.0,27.0,46.0,79.0,110.0,0.0,21.0,146.0,0.0,53.0,49.0,17.0,18.0,93.0,7.0,167.0,55.0,35.0,129.0,42.0,1.0,2.0,48.0,96.0,9.0,97.0,16.0,68.0
74,7.712127026895299e+17,0.0,0.0,0.0,0.0,0.0,0.0,0.0,0.0,0.0,0.0,0.0,0.0,0.0,0.0,0.0,0.0,0.0,0.0,0.0,0.0,0.0,0.0,0.0,0.0,0.0,0.0,0.0,0.0,0.0,0.0,0.0,0.0,0.0,0.0,0.0,0.0,0.0,0.0,0.0,0.0,0.0,0.0,0.0,0.0,0.0,0.0,0.0,0.0,0.0,0.0,0.0,0.0,0.0,0.0,0.0,0.0,0.0,0.0,0.0,0.0,0.0,0.0,0.0,0.0,0.0,0.0,0.0,0.0,0.0,0.0,0.0,0.0,0.0,0.0,0.0,0.0,0.0,0.0,0.0,0.0,0.0,0.0,0.0,0.0,0.0,0.0,0.0,0.0,0.0,0.0,0.0,0.0,0.0,0.0,0.0,0.0,0.0,0.0,0.0,0.0,0.0,0.0,0.0,0.0,0.0,0.0,0.0,0.0,0.0,0.0,0.0
75,7.713321093656044e+17,10.0,40.0,3.0,41.0,3.0,43.0,0.0,37.0,37.0,47.0,18.0,14.0,0.0,27.0,26.0,7.0,5.0,30.0,55.0,23.0,16.0,15.0,3.0,21.0,25.0,13.0,7.0,4.0,29.0,18.0,0.0,33.0,13.0,11.0,20.0,23.0,9.0,13.0,26.0,9.0,7.0,6.0,24.0,7.0,5.0,2.0,33.0,34.0,41.0,0.0,40.0,32.0,3.0,14.0,5.0,39.0,3.0,22.0,6.0,16.0,0.0,0.0,17.0,2.0,4.0,51.0,36.0,28.0,44.0,25.0,27.0,23.0,33.0,0.0,0.0,22.0,10.0,9.0,56.0,40.0,32.0,16.0,21.0,7.0,15.0,17.0,27.0,34.0,0.0,16.0,45.0,0.0,22.0,15.0,11.0,2.0,38.0,4.0,41.0,19.0,18.0,41.0,20.0,0.0,2.0,26.0,35.0,2.0,36.0,8.0,16.0
76,7.717132291143844e+17,22.0,53.0,3.0,51.0,2.0,62.0,0.0,60.0,46.0,55.0,27.0,14.0,0.0,27.0,42.0,5.0,8.0,35.0,72.0,36.0,19.0,17.0,0.0,25.0,34.0,20.0,7.0,5.0,29.0,14.0,1.0,33.0,14.0,11.0,20.0,16.0,9.0,10.0,31.0,8.0,11.0,5.0,25.0,7.0,5.0,1.0,45.0,34.0,53.0,2.0,52.0,56.0,2.0,9.0,8.0,62.0,3.0,18.0,10.0,17.0,0.0,0.0,13.0,4.0,5.0,72.0,51.0,29.0,52.0,27.0,32.0,21.0,43.0,0.0,22.0,0.0,10.0,8.0,75.0,43.0,28.0,20.0,27.0,12.0,15.0,23.0,29.0,44.0,0.0,17.0,64.0,0.0,25.0,27.0,9.0,6.0,46.0,3.0,65.0,31.0,13.0,57.0,24.0,0.0,4.0,30.0,50.0,1.0,51.0,10.0,20.0
77,77396252.0,14.0,38.0,10.0,36.0,2.0,33.0,0.0,39.0,22.0,36.0,23.0,11.0,0.0,11.0,12.0,6.0,8.0,14.0,41.0,18.0,6.0,16.0,3.0,17.0,13.0,6.0,2.0,3.0,24.0,14.0,0.0,20.0,15.0,4.0,14.0,10.0,3.0,19.0,14.0,15.0,12.0,2.0,20.0,4.0,2.0,1.0,23.0,27.0,34.0,3.0,35.0,34.0,0.0,7.0,2.0,25.0,2.0,23.0,4.0,11.0,0.0,1.0,12.0,1.0,4.0,41.0,16.0,12.0,32.0,16.0,27.0,12.0,19.0,0.0,10.0,10.0,0.0,7.0,35.0,27.0,16.0,6.0,11.0,9.0,7.0,16.0,18.0,15.0,0.0,8.0,29.0,0.0,15.0,8.0,4.0,2.0,15.0,2.0,36.0,20.0,6.0,28.0,10.0,0.0,5.0,17.0,18.0,3.0,24.0,3.0,15.0
78,7.791547124236984e+17,36.0,67.0,21.0,17.0,1.0,23.0,0.0,60.0,29.0,52.0,55.0,7.0,0.0,14.0,15.0,13.0,8.0,5.0,38.0,64.0,5.0,47.0,1.0,8.0,12.0,7.0,3.0,14.0,23.0,19.0,0.0,35.0,18.0,4.0,11.0,8.0,1.0,54.0,12.0,6.0,20.0,1.0,39.0,0.0,1.0,6.0,24.0,19.0,30.0,19.0,22.0,84.0,2.0,9.0,1.0,20.0,0.0,41.0,1.0,6.0,0.0,0.0,6.0,2.0,34.0,32.0,14.0,6.0,49.0,10.0,93.0,3.0,20.0,0.0,9.0,8.0,7.0,0.0,28.0,24.0,18.0,6.0,15.0,10.0,13.0,12.0,24.0,20.0,0.0,12.0,41.0,0.0,14.0,9.0,4.0,6.0,18.0,1.0,26.0,19.0,9.0,16.0,11.0,0.0,21.0,50.0,13.0,1.0,21.0,4.0,16.0
79,7.828765772479242e+17,74.0,262.0,11.0,231.0,10.0,298.0,1.0,407.0,220.0,247.0,164.0,77.0,0.0,115.0,152.0,17.0,25.0,98.0,514.0,129.0,66.0,137.0,11.0,76.0,96.0,34.0,18.0,12.0,148.0,75.0,1.0,177.0,51.0,29.0,66.0,49.0,14.0,55.0,102.0,19.0,19.0,6.0,137.0,30.0,6.0,9.0,144.0,185.0,313.0,9.0,217.0,298.0,10.0,45.0,33.0,313.0,14.0,79.0,46.0,45.0,0.0,4.0,48.0,19.0,13.0,485.0,166.0,82.0,257.0,86.0,174.0,46.0,207.0,0.0,56.0,75.0,35.0,28.0,0.0,189.0,156.0,57.0,69.0,24.0,36.0,88.0,142.0,209.0,0.0,27.0,305.0,0.0,78.0,96.0,48.0,41.0,158.0,6.0,365.0,88.0,62.0,289.0,75.0,4.0,6.0,78.0,174.0,15.0,205.0,34.0,165.0
80,7.909474863281725e+17,47.0,137.0,21.0,132.0,7.0,116.0,0.0,153.0,142.0,141.0,87.0,42.0,0.0,79.0,118.0,10.0,14.0,51.0,184.0,61.0,44.0,56.0,7.0,67.0,74.0,29.0,10.0,3.0,131.0,90.0,1.0,123.0,50.0,32.0,59.0,40.0,18.0,46.0,65.0,17.0,15.0,9.0,105.0,20.0,14.0,9.0,96.0,128.0,188.0,2.0,120.0,138.0,5.0,50.0,16.0,114.0,5.0,66.0,18.0,28.0,0.0,3.0,52.0,11.0,6.0,194.0,79.0,58.0,166.0,65.0,88.0,35.0,123.0,0.0,40.0,43.0,27.0,24.0,189.0,0.0,107.0,41.0,60.0,14.0,38.0,74.0,114.0,141.0,0.0,28.0,177.0,0.0,60.0,46.0,33.0,33.0,126.0,7.0,121.0,44.0,59.0,99.0,48.0,0.0,5.0,55.0,80.0,7.0,103.0,16.0,69.0
81,8.032499543703101e+17,15.0,63.0,9.0,104.0,7.0,58.0,0.0,66.0,170.0,84.0,50.0,38.0,0.0,81.0,95.0,4.0,8.0,31.0,109.0,31.0,47.0,30.0,0.0,43.0,65.0,23.0,1.0,9.0,119.0,70.0,0.0,177.0,39.0,30.0,68.0,21.0,16.0,23.0,55.0,14.0,9.0,10.0,73.0,3.0,7.0,6.0,63.0,133.0,139.0,4.0,58.0,63.0,1.0,37.0,4.0,59.0,0.0,34.0,1.0,27.0,0.0,1.0,42.0,3.0,4.0,75.0,49.0,34.0,125.0,70.0,67.0,27.0,76.0,0.0,32.0,28.0,16.0,18.0,156.0,107.0,0.0,38.0,43.0,8.0,33.0,67.0,140.0,133.0,0.0,11.0,180.0,0.0,58.0,13.0,42.0,15.0,114.0,4.0,61.0,20.0,69.0,53.0,34.0,1.0,7.0,54.0,36.0,2.0,81.0,9.0,23.0
82,807941154.0,5.0,22.0,0.0,41.0,2.0,33.0,0.0,24.0,48.0,40.0,16.0,11.0,0.0,22.0,33.0,1.0,4.0,18.0,51.0,15.0,26.0,5.0,1.0,18.0,26.0,15.0,0.0,3.0,39.0,19.0,0.0,47.0,14.0,14.0,22.0,10.0,12.0,4.0,25.0,5.0,2.0,7.0,27.0,3.0,5.0,0.0,27.0,36.0,52.0,0.0,34.0,25.0,2.0,12.0,5.0,30.0,1.0,12.0,2.0,16.0,0.0,0.0,15.0,0.0,0.0,46.0,29.0,24.0,47.0,24.0,18.0,16.0,39.0,0.0,16.0,20.0,6.0,6.0,57.0,41.0,38.0,0.0,19.0,7.0,13.0,23.0,48.0,45.0,0.0,7.0,54.0,0.0,26.0,7.0,17.0,5.0,32.0,3.0,32.0,16.0,21.0,28.0,16.0,0.0,1.0,18.0,26.0,0.0,34.0,3.0,12.0
83,8.140353771829289e+17,22.0,52.0,7.0,47.0,1.0,52.0,0.0,45.0,53.0,60.0,33.0,15.0,0.0,31.0,41.0,5.0,8.0,27.0,65.0,39.0,21.0,22.0,1.0,24.0,38.0,15.0,3.0,4.0,47.0,30.0,0.0,44.0,21.0,17.0,33.0,18.0,10.0,18.0,28.0,10.0,10.0,7.0,27.0,3.0,6.0,4.0,49.0,45.0,61.0,4.0,42.0,49.0,3.0,15.0,9.0,51.0,1.0,26.0,4.0,20.0,0.0,0.0,18.0,5.0,7.0,61.0,43.0,30.0,61.0,34.0,42.0,21.0,44.0,0.0,21.0,27.0,11.0,15.0,69.0,60.0,43.0,19.0,0.0,10.0,26.0,35.0,37.0,52.0,0.0,18.0,73.0,0.0,31.0,21.0,8.0,4.0,49.0,4.0,50.0,32.0,24.0,43.0,28.0,0.0,3.0,31.0,39.0,4.0,46.0,7.0,27.0
84,8.168373180321137e+17,18.0,28.0,6.0,19.0,0.0,25.0,1.0,28.0,12.0,26.0,19.0,6.0,0.0,11.0,6.0,4.0,10.0,11.0,27.0,22.0,5.0,17.0,1.0,8.0,7.0,7.0,0.0,3.0,8.0,7.0,0.0,16.0,10.0,3.0,7.0,9.0,2.0,16.0,13.0,7.0,10.0,2.0,14.0,3.0,2.0,2.0,20.0,10.0,19.0,4.0,20.0,27.0,1.0,2.0,2.0,22.0,1.0,14.0,1.0,10.0,0.0,0.0,5.0,0.0,4.0,27.0,19.0,10.0,22.0,8.0,21.0,7.0,12.0,0.0,7.0,12.0,9.0,10.0,24.0,14.0,8.0,7.0,10.0,0.0,8.0,8.0,9.0,8.0,0.0,3.0,20.0,0.0,6.0,9.0,2.0,1.0,13.0,2.0,26.0,18.0,2.0,23.0,8.0,0.0,4.0,20.0,19.0,1.0,21.0,3.0,14.0
85,8.231188750804623e+17,13.0,32.0,6.0,25.0,0.0,31.0,0.0,32.0,41.0,34.0,21.0,7.0,0.0,21.0,44.0,5.0,6.0,13.0,52.0,17.0,17.0,10.0,2.0,16.0,30.0,19.0,1.0,5.0,38.0,35.0,0.0,38.0,20.0,14.0,30.0,14.0,8.0,12.0,19.0,7.0,9.0,6.0,18.0,2.0,5.0,4.0,29.0,34.0,40.0,2.0,24.0,30.0,0.0,16.0,2.0,31.0,1.0,17.0,2.0,14.0,0.0,0.0,17.0,1.0,5.0,36.0,20.0,15.0,41.0,25.0,26.0,12.0,27.0,0.0,15.0,15.0,7.0,13.0,36.0,38.0,33.0,13.0,26.0,8.0,0.0,23.0,33.0,46.0,0.0,9.0,43.0,0.0,24.0,10.0,9.0,7.0,32.0,4.0,27.0,10.0,22.0,18.0,20.0,0.0,3.0,29.0,21.0,0.0,22.0,3.0,14.0
86,8.315030333265019e+17,22.0,55.0,11.0,53.0,1.0,49.0,0.0,69.0,84.0,62.0,39.0,21.0,0.0,35.0,54.0,1.0,12.0,25.0,74.0,35.0,20.0,23.0,1.0,27.0,37.0,18.0,0.0,15.0,61.0,32.0,1.0,76.0,32.0,19.0,39.0,19.0,9.0,23.0,38.0,12.0,10.0,5.0,49.0,6.0,7.0,2.0,46.0,70.0,87.0,3.0,44.0,58.0,3.0,21.0,4.0,45.0,0.0,26.0,1.0,18.0,0.0,1.0,23.0,4.0,1.0,73.0,43.0,22.0,89.0,33.0,59.0,19.0,46.0,0.0,17.0,23.0,16.0,12.0,88.0,74.0,67.0,23.0,35.0,8.0,23.0,0.0,81.0,71.0,0.0,7.0,92.0,0.0,43.0,18.0,29.0,16.0,60.0,5.0,52.0,26.0,27.0,44.0,26.0,0.0,2.0,36.0,38.0,3.0,54.0,4.0,31.0
87,832373833.0,23.0,73.0,13.0,116.0,4.0,48.0,0.0,71.0,177.0,90.0,48.0,42.0,0.0,80.0,89.0,6.0,6.0,31.0,99.0,37.0,48.0,27.0,1.0,48.0,62.0,23.0,7.0,11.0,127.0,78.0,0.0,187.0,42.0,35.0,65.0,31.0,15.0,29.0,48.0,10.0,11.0,11.0,114.0,4.0,11.0,4.0,59.0,122.0,150.0,5.0,57.0,66.0,2.0,47.0,1.0,50.0,4.0,39.0,10.0,26.0,0.0,0.0,47.0,4.0,7.0,81.0,36.0,40.0,137.0,67.0,61.0,29.0,79.0,0.0,27.0,29.0,18.0,24.0,142.0,114.0,140.0,48.0,37.0,9.0,33.0,81.0,0.0,149.0,0.0,11.0,167.0,0.0,67.0,10.0,48.0,12.0,115.0,5.0,54.0,16.0,67.0,46.0,23.0,0.0,3.0,63.0,29.0,0.0,70.0,8.0,24.0
88,8.358668750158684e+17,44.0,137.0,12.0,123.0,9.0,104.0,0.0,147.0,176.0,135.0,69.0,47.0,0.0,101.0,158.0,9.0,8.0,49.0,190.0,49.0,54.0,51.0,6.0,56.0,83.0,23.0,11.0,8.0,126.0,107.0,1.0,172.0,36.0,35.0,64.0,31.0,18.0,29.0,57.0,11.0,8.0,10.0,135.0,13.0,11.0,3.0,79.0,149.0,183.0,2.0,88.0,115.0,1.0,54.0,11.0,114.0,7.0,50.0,13.0,28.0,0.0,0.0,44.0,6.0,7.0,161.0,65.0,41.0,177.0,72.0,93.0,36.0,110.0,0.0,34.0,44.0,15.0,20.0,209.0,141.0,133.0,45.0,52.0,8.0,46.0,71.0,149.0,0.0,0.0,15.0,223.0,0.0,60.0,30.0,45.0,34.0,116.0,7.0,108.0,31.0,81.0,96.0,47.0,0.0,2.0,51.0,68.0,3.0,90.0,10.0,44.0
89,8.365564965529969e+17,0.0,0.0,0.0,0.0,0.0,0.0,0.0,0.0,0.0,0.0,0.0,0.0,0.0,0.0,0.0,0.0,0.0,0.0,0.0,0.0,0.0,0.0,0.0,0.0,0.0,0.0,0.0,0.0,0.0,0.0,0.0,0.0,0.0,0.0,0.0,0.0,0.0,0.0,0.0,0.0,0.0,0.0,0.0,0.0,0.0,0.0,0.0,0.0,0.0,0.0,0.0,0.0,0.0,0.0,0.0,0.0,0.0,0.0,0.0,0.0,0.0,0.0,0.0,0.0,0.0,0.0,0.0,0.0,0.0,0.0,0.0,0.0,0.0,0.0,0.0,0.0,0.0,0.0,0.0,0.0,0.0,0.0,0.0,0.0,0.0,0.0,0.0,0.0,0.0,0.0,0.0,0.0,0.0,0.0,0.0,0.0,0.0,0.0,0.0,0.0,0.0,0.0,0.0,0.0,0.0,0.0,0.0,0.0,0.0,0.0,0.0
90,8.369322251700429e+17,12.0,28.0,2.0,19.0,1.0,27.0,0.0,27.0,14.0,28.0,14.0,6.0,0.0,14.0,16.0,5.0,4.0,16.0,31.0,25.0,7.0,13.0,0.0,8.0,12.0,7.0,5.0,2.0,13.0,9.0,0.0,15.0,11.0,4.0,10.0,7.0,3.0,8.0,13.0,5.0,8.0,2.0,7.0,1.0,4.0,3.0,19.0,9.0,17.0,3.0,23.0,28.0,2.0,4.0,4.0,27.0,0.0,13.0,7.0,7.0,0.0,0.0,5.0,5.0,6.0,29.0,19.0,16.0,21.0,16.0,24.0,8.0,21.0,0.0,16.0,17.0,8.0,12.0,27.0,28.0,11.0,7.0,18.0,3.0,9.0,7.0,11.0,15.0,0.0,0.0,29.0,0.0,11.0,10.0,3.0,5.0,21.0,2.0,27.0,18.0,9.0,25.0,9.0,0.0,3.0,14.0,22.0,0.0,23.0,8.0,9.0
91,8.459933761806828e+17,60.0,186.0,21.0,171.0,15.0,183.0,0.0,206.0,238.0,196.0,111.0,74.0,0.0,126.0,169.0,15.0,16.0,72.0,270.0,100.0,62.0,92.0,7.0,72.0,104.0,31.0,17.0,12.0,158.0,99.0,1.0,206.0,55.0,35.0,76.0,40.0,16.0,57.0,90.0,18.0,23.0,10.0,142.0,17.0,9.0,10.0,132.0,177.0,242.0,12.0,178.0,184.0,9.0,51.0,23.0,178.0,9.0,73.0,23.0,36.0,0.0,1.0,60.0,13.0,17.0,244.0,115.0,69.0,243.0,81.0,165.0,45.0,146.0,0.0,45.0,64.0,29.0,41.0,305.0,177.0,180.0,54.0,73.0,20.0,43.0,92.0,167.0,223.0,0.0,29.0,0.0,0.0,94.0,67.0,57.0,40.0,159.0,6.0,206.0,72.0,88.0,167.0,62.0,0.0,10.0,91.0,114.0,11.0,154.0,24.0,83.0
92,8.523590312095539e+17,0.0,0.0,0.0,0.0,0.0,0.0,0.0,0.0,0.0,0.0,0.0,0.0,0.0,0.0,0.0,0.0,0.0,0.0,0.0,0.0,0.0,0.0,0.0,0.0,0.0,0.0,0.0,0.0,0.0,0.0,0.0,0.0,0.0,0.0,0.0,0.0,0.0,0.0,0.0,0.0,0.0,0.0,0.0,0.0,0.0,0.0,0.0,0.0,0.0,0.0,0.0,0.0,0.0,0.0,0.0,0.0,0.0,0.0,0.0,0.0,0.0,0.0,0.0,0.0,0.0,0.0,0.0,0.0,0.0,0.0,0.0,0.0,0.0,0.0,0.0,0.0,0.0,0.0,0.0,0.0,0.0,0.0,0.0,0.0,0.0,0.0,0.0,0.0,0.0,0.0,0.0,0.0,0.0,0.0,0.0,0.0,0.0,0.0,0.0,0.0,0.0,0.0,0.0,0.0,0.0,0.0,0.0,0.0,0.0,0.0,0.0
93,8.694933701666652e+17,13.0,35.0,3.0,52.0,0.0,49.0,0.0,58.0,100.0,49.0,24.0,19.0,0.0,36.0,53.0,13.0,15.0,21.0,78.0,31.0,17.0,19.0,3.0,29.0,46.0,18.0,5.0,30.0,44.0,32.0,0.0,64.0,26.0,22.0,34.0,18.0,10.0,14.0,44.0,8.0,7.0,11.0,29.0,10.0,8.0,9.0,38.0,47.0,53.0,5.0,48.0,41.0,1.0,12.0,6.0,54.0,5.0,19.0,10.0,13.0,0.0,1.0,25.0,4.0,5.0,75.0,40.0,30.0,57.0,44.0,48.0,22.0,53.0,0.0,22.0,25.0,15.0,14.0,78.0,60.0,58.0,26.0,31.0,6.0,24.0,43.0,67.0,60.0,0.0,11.0,94.0,0.0,0.0,14.0,25.0,9.0,49.0,5.0,59.0,24.0,27.0,39.0,25.0,1.0,1.0,43.0,35.0,7.0,34.0,6.0,28.0
94,8.699372456665252e+17,35.0,71.0,4.0,43.0,4.0,80.0,1.0,90.0,24.0,65.0,39.0,11.0,0.0,22.0,31.0,5.0,9.0,33.0,103.0,52.0,9.0,37.0,6.0,13.0,20.0,8.0,10.0,1.0,23.0,11.0,1.0,25.0,7.0,4.0,8.0,10.0,1.0,18.0,25.0,2.0,7.0,0.0,22.0,13.0,5.0,3.0,50.0,25.0,64.0,2.0,63.0,84.0,3.0,6.0,11.0,79.0,6.0,23.0,23.0,7.0,0.0,2.0,7.0,156.0,6.0,109.0,44.0,25.0,51.0,14.0,46.0,14.0,49.0,0.0,15.0,27.0,8.0,9.0,96.0,46.0,13.0,7.0,21.0,9.0,10.0,18.0,10.0,30.0,0.0,10.0,67.0,0.0,14.0,0.0,1.0,33.0,49.0,0.0,86.0,34.0,6.0,63.0,20.0,1.0,4.0,23.0,63.0,3.0,49.0,13.0,44.0
95,8.796333356178063e+17,4.0,13.0,2.0,26.0,1.0,12.0,0.0,13.0,61.0,20.0,6.0,17.0,0.0,24.0,31.0,0.0,1.0,10.0,25.0,7.0,22.0,2.0,1.0,12.0,21.0,6.0,0.0,6.0,27.0,23.0,0.0,51.0,8.0,12.0,19.0,8.0,9.0,8.0,12.0,5.0,2.0,4.0,30.0,0.0,5.0,0.0,19.0,37.0,39.0,0.0,14.0,14.0,1.0,17.0,1.0,13.0,0.0,12.0,0.0,8.0,0.0,0.0,9.0,0.0,0.0,19.0,10.0,11.0,49.0,13.0,25.0,11.0,17.0,0.0,11.0,9.0,4.0,4.0,48.0,33.0,42.0,17.0,8.0,2.0,9.0,29.0,48.0,45.0,0.0,3.0,57.0,0.0,25.0,1.0,0.0,6.0,21.0,3.0,8.0,4.0,24.0,16.0,9.0,0.0,0.0,11.0,7.0,0.0,23.0,0.0,6.0
96,8.862795477123523e+17,13.0,29.0,5.0,17.0,2.0,26.0,0.0,47.0,20.0,30.0,31.0,1.0,0.0,18.0,24.0,1.0,7.0,7.0,35.0,14.0,4.0,35.0,3.0,10.0,15.0,0.0,1.0,1.0,14.0,10.0,0.0,21.0,9.0,1.0,3.0,4.0,0.0,10.0,10.0,1.0,6.0,0.0,48.0,3.0,2.0,5.0,13.0,18.0,40.0,2.0,25.0,51.0,0.0,8.0,6.0,29.0,3.0,15.0,5.0,2.0,0.0,0.0,6.0,16.0,3.0,32.0,17.0,9.0,38.0,4.0,44.0,9.0,18.0,0.0,2.0,6.0,2.0,6.0,41.0,33.0,15.0,5.0,4.0,1.0,7.0,16.0,12.0,34.0,0.0,5.0,40.0,0.0,9.0,33.0,6.0,0.0,19.0,1.0,28.0,11.0,5.0,19.0,12.0,0.0,2.0,11.0,19.0,3.0,14.0,4.0,21.0
97,8.898514935739965e+17,35.0,102.0,13.0,120.0,5.0,97.0,0.0,117.0,135.0,110.0,68.0,41.0,0.0,76.0,87.0,6.0,14.0,52.0,151.0,66.0,43.0,49.0,4.0,39.0,60.0,27.0,9.0,6.0,103.0,60.0,1.0,141.0,38.0,27.0,58.0,24.0,14.0,33.0,55.0,12.0,14.0,7.0,73.0,11.0,11.0,8.0,98.0,107.0,140.0,5.0,83.0,102.0,7.0,31.0,13.0,102.0,6.0,41.0,25.0,23.0,0.0,2.0,43.0,12.0,15.0,128.0,70.0,54.0,112.0,56.0,64.0,31.0,93.0,0.0,38.0,46.0,15.0,18.0,158.0,126.0,114.0,32.0,49.0,13.0,32.0,60.0,115.0,116.0,0.0,21.0,159.0,0.0,49.0,49.0,21.0,19.0,0.0,6.0,108.0,45.0,55.0,85.0,38.0,1.0,6.0,68.0,79.0,3.0,105.0,20.0,51.0
98,8.932917022317691e+17,3.0,3.0,1.0,6.0,0.0,6.0,0.0,5.0,4.0,7.0,2.0,4.0,0.0,6.0,5.0,0.0,2.0,4.0,6.0,2.0,3.0,1.0,0.0,5.0,5.0,3.0,0.0,2.0,5.0,5.0,0.0,5.0,4.0,3.0,4.0,3.0,3.0,3.0,5.0,3.0,1.0,3.0,3.0,0.0,4.0,1.0,5.0,6.0,8.0,0.0,4.0,6.0,0.0,4.0,0.0,5.0,0.0,5.0,0.0,4.0,0.0,0.0,4.0,0.0,0.0,6.0,6.0,4.0,5.0,4.0,5.0,4.0,7.0,0.0,4.0,3.0,2.0,1.0,6.0,7.0,4.0,3.0,4.0,2.0,4.0,5.0,5.0,7.0,0.0,2.0,6.0,0.0,5.0,0.0,3.0,1.0,6.0,0.0,6.0,4.0,4.0,6.0,3.0,0.0,0.0,5.0,5.0,0.0,5.0,0.0,4.0
99,8.938747308428083e+17,76.0,264.0,11.0,187.0,7.0,293.0,1.0,382.0,88.0,202.0,129.0,30.0,0.0,46.0,93.0,22.0,22.0,81.0,515.0,117.0,27.0,132.0,19.0,74.0,64.0,29.0,21.0,4.0,71.0,47.0,1.0,69.0,32.0,16.0,31.0,41.0,10.0,45.0,97.0,21.0,27.0,4.0,74.0,46.0,10.0,11.0,129.0,83.0,207.0,6.0,231.0,267.0,9.0,21.0,31.0,335.0,30.0,90.0,63.0,36.0,0.0,8.0,36.0,15.0,14.0,493.0,141.0,72.0,161.0,58.0,128.0,45.0,167.0,0.0,41.0,65.0,36.0,26.0,365.0,121.0,61.0,32.0,50.0,26.0,27.0,52.0,54.0,108.0,0.0,27.0,206.0,0.0,59.0,86.0,8.0,28.0,108.0,6.0,0.0,92.0,16.0,272.0,65.0,4.0,8.0,64.0,178.0,10.0,171.0,35.0,126.0
100,8.988921433134735e+17,36.0,79.0,7.0,64.0,1.0,88.0,0.0,87.0,35.0,72.0,47.0,14.0,0.0,24.0,21.0,10.0,19.0,41.0,101.0,61.0,12.0,53.0,3.0,24.0,27.0,11.0,5.0,3.0,20.0,15.0,1.0,34.0,17.0,7.0,13.0,15.0,4.0,29.0,32.0,10.0,17.0,2.0,24.0,9.0,4.0,6.0,56.0,33.0,70.0,7.0,60.0,80.0,6.0,5.0,11.0,87.0,2.0,37.0,11.0,19.0,0.0,0.0,9.0,6.0,9.0,98.0,69.0,36.0,60.0,29.0,56.0,17.0,55.0,0.0,19.0,31.0,20.0,19.0,88.0,44.0,20.0,16.0,32.0,18.0,10.0,26.0,16.0,31.0,0.0,18.0,72.0,0.0,24.0,34.0,4.0,11.0,45.0,4.0,92.0,0.0,8.0,81.0,27.0,0.0,9.0,35.0,74.0,6.0,67.0,13.0,40.0
101,9.029402266114212e+17,7.0,23.0,2.0,40.0,4.0,23.0,0.0,26.0,81.0,42.0,14.0,17.0,0.0,42.0,69.0,3.0,3.0,17.0,55.0,14.0,34.0,9.0,0.0,26.0,36.0,8.0,3.0,3.0,56.0,46.0,0.0,73.0,17.0,19.0,45.0,13.0,15.0,11.0,19.0,5.0,2.0,11.0,33.0,1.0,6.0,2.0,29.0,67.0,64.0,0.0,34.0,19.0,1.0,25.0,0.0,25.0,0.0,18.0,3.0,14.0,0.0,0.0,22.0,5.0,1.0,39.0,28.0,21.0,62.0,31.0,20.0,18.0,35.0,0.0,18.0,13.0,6.0,9.0,62.0,59.0,69.0,21.0,24.0,2.0,22.0,27.0,67.0,81.0,0.0,9.0,88.0,0.0,27.0,6.0,24.0,5.0,55.0,4.0,16.0,8.0,0.0,20.0,13.0,0.0,1.0,23.0,14.0,0.0,34.0,0.0,7.0
102,9.090464372912333e+17,55.0,189.0,9.0,148.0,6.0,234.0,1.0,260.0,79.0,173.0,95.0,26.0,0.0,45.0,70.0,12.0,18.0,76.0,340.0,95.0,30.0,94.0,4.0,48.0,55.0,23.0,13.0,4.0,44.0,37.0,0.0,67.0,24.0,12.0,23.0,32.0,9.0,30.0,77.0,18.0,13.0,3.0,63.0,24.0,7.0,5.0,106.0,77.0,160.0,6.0,165.0,174.0,10.0,16.0,30.0,236.0,7.0,56.0,25.0,36.0,0.0,2.0,20.0,11.0,11.0,331.0,122.0,61.0,124.0,53.0,102.0,35.0,129.0,0.0,41.0,57.0,28.0,16.0,289.0,99.0,53.0,28.0,43.0,23.0,18.0,44.0,46.0,96.0,0.0,25.0,167.0,0.0,39.0,63.0,16.0,19.0,85.0,6.0,272.0,81.0,20.0,0.0,48.0,0.0,6.0,51.0,152.0,9.0,162.0,32.0,85.0
103,9.108481723431772e+17,21.0,48.0,4.0,43.0,4.0,57.0,0.0,53.0,47.0,58.0,37.0,10.0,0.0,23.0,36.0,6.0,7.0,29.0,70.0,28.0,15.0,27.0,5.0,23.0,28.0,19.0,4.0,4.0,32.0,25.0,0.0,35.0,18.0,12.0,14.0,17.0,6.0,17.0,34.0,8.0,6.0,4.0,29.0,4.0,5.0,3.0,37.0,38.0,57.0,0.0,52.0,56.0,2.0,12.0,7.0,56.0,3.0,25.0,4.0,21.0,0.0,1.0,15.0,3.0,1.0,73.0,42.0,26.0,61.0,27.0,40.0,21.0,42.0,0.0,20.0,24.0,10.0,11.0,75.0,48.0,34.0,16.0,28.0,8.0,20.0,26.0,23.0,47.0,0.0,9.0,62.0,0.0,25.0,20.0,9.0,12.0,38.0,3.0,65.0,27.0,13.0,48.0,0.0,0.0,2.0,26.0,40.0,4.0,39.0,9.0,26.0
104,9.17086515389272e+17,0.0,0.0,0.0,0.0,0.0,0.0,0.0,3.0,0.0,1.0,2.0,0.0,0.0,0.0,0.0,0.0,0.0,0.0,3.0,2.0,0.0,2.0,0.0,0.0,0.0,0.0,1.0,0.0,1.0,0.0,0.0,0.0,0.0,0.0,0.0,0.0,0.0,0.0,0.0,0.0,0.0,0.0,0.0,0.0,0.0,1.0,0.0,0.0,1.0,0.0,2.0,2.0,0.0,0.0,0.0,4.0,0.0,0.0,1.0,0.0,0.0,0.0,0.0,0.0,0.0,4.0,1.0,0.0,0.0,0.0,1.0,0.0,1.0,0.0,0.0,0.0,0.0,0.0,4.0,0.0,1.0,0.0,0.0,0.0,0.0,0.0,0.0,0.0,0.0,0.0,0.0,0.0,1.0,1.0,0.0,0.0,1.0,0.0,4.0,0.0,0.0,0.0,0.0,0.0,0.0,0.0,1.0,0.0,0.0,2.0,0.0
105,9.366327193032499e+17,11.0,15.0,3.0,3.0,0.0,9.0,0.0,15.0,4.0,9.0,12.0,4.0,0.0,2.0,1.0,3.0,2.0,3.0,12.0,19.0,0.0,7.0,0.0,3.0,2.0,2.0,0.0,1.0,5.0,4.0,0.0,10.0,5.0,0.0,5.0,3.0,0.0,15.0,4.0,2.0,8.0,0.0,6.0,4.0,0.0,1.0,8.0,5.0,9.0,9.0,6.0,17.0,0.0,0.0,0.0,7.0,0.0,10.0,0.0,2.0,0.0,0.0,0.0,0.0,13.0,8.0,5.0,2.0,11.0,6.0,18.0,1.0,2.0,0.0,2.0,4.0,5.0,21.0,6.0,5.0,7.0,1.0,3.0,4.0,3.0,2.0,3.0,2.0,0.0,3.0,10.0,0.0,1.0,4.0,0.0,2.0,6.0,0.0,8.0,9.0,1.0,6.0,2.0,0.0,0.0,16.0,4.0,0.0,13.0,1.0,3.0
106,9.387523784378e+17,97.0,86.0,15.0,60.0,2.0,60.0,0.0,85.0,73.0,75.0,78.0,15.0,0.0,42.0,40.0,8.0,33.0,30.0,79.0,71.0,15.0,43.0,3.0,33.0,45.0,24.0,2.0,35.0,48.0,37.0,0.0,84.0,30.0,18.0,34.0,17.0,10.0,50.0,51.0,11.0,20.0,8.0,38.0,4.0,5.0,6.0,52.0,56.0,63.0,51.0,54.0,94.0,5.0,13.0,9.0,52.0,0.0,52.0,3.0,18.0,0.0,0.0,29.0,8.0,23.0,69.0,46.0,33.0,66.0,42.0,105.0,19.0,48.0,0.0,26.0,30.0,17.0,50.0,78.0,55.0,54.0,18.0,31.0,20.0,29.0,36.0,63.0,51.0,0.0,14.0,91.0,0.0,43.0,23.0,11.0,11.0,68.0,5.0,64.0,35.0,23.0,51.0,26.0,0.0,16.0,0.0,44.0,2.0,60.0,12.0,35.0
107,9.412062273837343e+17,43.0,133.0,8.0,110.0,4.0,165.0,0.0,174.0,52.0,130.0,70.0,24.0,0.0,42.0,54.0,11.0,17.0,61.0,196.0,82.0,20.0,66.0,9.0,37.0,45.0,22.0,15.0,4.0,37.0,30.0,1.0,43.0,20.0,11.0,21.0,22.0,8.0,24.0,56.0,13.0,13.0,4.0,31.0,24.0,5.0,4.0,85.0,56.0,110.0,2.0,136.0,126.0,8.0,9.0,20.0,166.0,9.0,44.0,32.0,27.0,0.0,0.0,21.0,11.0,9.0,202.0,88.0,54.0,91.0,42.0,74.0,32.0,96.0,0.0,35.0,50.0,18.0,13.0,174.0,80.0,36.0,26.0,39.0,19.0,21.0,38.0,29.0,68.0,0.0,22.0,114.0,0.0,35.0,63.0,7.0,19.0,79.0,5.0,178.0,74.0,14.0,152.0,40.0,1.0,4.0,44.0,0.0,6.0,99.0,20.0,68.0
108,9.458592492084019e+17,1.0,7.0,0.0,7.0,0.0,13.0,0.0,11.0,5.0,10.0,6.0,1.0,0.0,0.0,1.0,2.0,1.0,4.0,12.0,8.0,1.0,5.0,2.0,1.0,1.0,0.0,2.0,0.0,0.0,2.0,0.0,3.0,4.0,0.0,0.0,4.0,0.0,2.0,2.0,2.0,0.0,0.0,2.0,3.0,0.0,1.0,7.0,3.0,7.0,1.0,10.0,5.0,0.0,0.0,3.0,10.0,1.0,3.0,3.0,2.0,0.0,0.0,2.0,0.0,0.0,14.0,9.0,4.0,6.0,4.0,2.0,5.0,9.0,0.0,2.0,1.0,3.0,1.0,15.0,7.0,2.0,0.0,4.0,1.0,0.0,3.0,0.0,3.0,0.0,0.0,11.0,0.0,7.0,3.0,0.0,3.0,3.0,0.0,10.0,6.0,0.0,9.0,4.0,0.0,0.0,2.0,6.0,0.0,9.0,0.0,4.0
109,9.513879496979374e+17,44.0,137.0,13.0,128.0,4.0,158.0,1.0,157.0,100.0,141.0,91.0,40.0,0.0,59.0,63.0,10.0,12.0,61.0,197.0,83.0,41.0,68.0,3.0,38.0,43.0,26.0,7.0,3.0,68.0,47.0,0.0,92.0,27.0,13.0,37.0,30.0,11.0,39.0,78.0,17.0,17.0,5.0,71.0,16.0,6.0,3.0,105.0,100.0,168.0,10.0,112.0,137.0,9.0,28.0,22.0,134.0,1.0,45.0,12.0,38.0,0.0,1.0,29.0,10.0,13.0,194.0,94.0,51.0,122.0,44.0,88.0,32.0,97.0,0.0,36.0,51.0,24.0,21.0,205.0,103.0,81.0,34.0,46.0,21.0,22.0,54.0,70.0,90.0,0.0,23.0,154.0,0.0,34.0,49.0,23.0,14.0,105.0,5.0,171.0,67.0,34.0,162.0,39.0,0.0,13.0,60.0,99.0,9.0,0.0,32.0,67.0
110,9.524546228698235e+17,7.0,23.0,1.0,18.0,0.0,31.0,0.0,36.0,9.0,26.0,18.0,8.0,0.0,9.0,12.0,1.0,2.0,17.0,40.0,15.0,4.0,12.0,1.0,7.0,5.0,5.0,2.0,0.0,4.0,3.0,0.0,11.0,6.0,2.0,2.0,5.0,0.0,7.0,17.0,3.0,5.0,0.0,1.0,3.0,0.0,1.0,20.0,12.0,24.0,0.0,26.0,34.0,11.0,0.0,4.0,32.0,0.0,5.0,3.0,6.0,0.0,0.0,2.0,3.0,5.0,42.0,20.0,14.0,18.0,5.0,16.0,3.0,16.0,0.0,8.0,10.0,3.0,4.0,34.0,16.0,9.0,3.0,7.0,3.0,3.0,4.0,8.0,10.0,0.0,8.0,24.0,0.0,6.0,13.0,0.0,4.0,20.0,0.0,35.0,13.0,0.0,32.0,9.0,2.0,1.0,12.0,20.0,0.0,32.0,0.0,18.0
111,9.531231506523505e+17,40.0,118.0,12.0,76.0,6.0,117.0,1.0,217.0,42.0,85.0,133.0,32.0,0.0,38.0,35.0,8.0,16.0,27.0,244.0,50.0,14.0,76.0,28.0,38.0,19.0,13.0,1.0,7.0,49.0,31.0,1.0,45.0,22.0,7.0,9.0,19.0,4.0,26.0,39.0,8.0,14.0,2.0,64.0,31.0,3.0,1.0,50.0,58.0,109.0,5.0,175.0,189.0,4.0,10.0,19.0,120.0,12.0,43.0,11.0,16.0,0.0,14.0,15.0,14.0,8.0,293.0,58.0,25.0,78.0,22.0,80.0,11.0,68.0,0.0,16.0,20.0,15.0,16.0,165.0,69.0,23.0,12.0,27.0,14.0,14.0,31.0,24.0,44.0,0.0,9.0,83.0,0.0,28.0,44.0,6.0,21.0,51.0,4.0,126.0,40.0,7.0,85.0,26.0,0.0,3.0,35.0,68.0,4.0,67.0,18.0,0.0
