,0,1,2,3,4,5,6,7,8,9,10,11,12,13,14,15,16,17,18,19,20,21,22,23,24,25,26,27,28,29,30,31,32,33,34,35,36,37,38,39,40,41,42,43,44,45,46,47,48,49,50,51,52,53,54,55,56,57,58,59,60,61,62,63,64,65,66,67,68,69,70,71,72,73,74,75,76,77,78,79,80,81,82,83,84,85,86,87,88,89,90,91,92,93,94,95,96,97,98,99,100,101,102,103,104,105,106,107,108,109,110,111,112,113,114,115,116,117,118,119,120,121,122,123,124,125
0,-1.0,102977713.0,1076354754.0,108029289.0,1108876152.0,1136738952.0,1150239494.0,1159672110.0,117436731.0,118471091.0,1199529294.0,119993414.0,133429220.0,1343758218.0,137711801.0,1407285660.0,1412750708.0,1455659006.0,1528925454.0,154115417.0,155507514.0,158025648.0,161783019.0,1644676231.0,166284168.0,174326055.0,181902252.0,1853352667.0,186407376.0,1946097283.0,1957499287.0,19646227.0,197219034.0,198008452.0,206068992.0,206982180.0,210027805.0,213035389.0,2202393870.0,2222321212.0,2242969822.0,22658872.0,2357574288.0,236425078.0,236636589.0,239229224.0,240556445.0,241084857.0,244130360.0,249596404.0,2497200256.0,251591728.0,2517223020.0,2704055222.0,272219076.0,275098615.0,277311420.0,2776025982.0,282151736.0,28384930.0,28562728.0,286642746.0,2890182739.0,289291014.0,2920414398.0,2921414510.0,2931835322.0,303496314.0,3064929809.0,30900969.0,3121961915.0,315724064.0,317932293.0,3180373724.0,3192578563.0,326291795.0,328335295.0,338015807.0,344711172.0,349872492.0,35687587.0,3698087485.0,3813493163.0,4258166179.0,471647114.0,476564417.0,47916750.0,4829501950.0,50965682.0,515308588.0,51699477.0,52130729.0,53963882.0,54910298.0,560836942.0,564806892.0,56569931.0,602841627.0,614349617.0,63381665.0,66633416.0,70074591.0,7.064694230586491e+17,7.1841365900578e+17,7.325478877842063e+17,7.332399013034107e+17,7.560588081458381e+17,7.589223816792105e+17,771906360.0,775531218.0,793116961.0,80304353.0,80819657.0,8.229100306136064e+17,83331435.0,852760346.0,866379432.0,8.722836053088911e+17,87636529.0,878203285.0,8.902375517091799e+17,8.93943926259712e+17,8.957081426417172e+17,9.145219364865884e+17,923124043.0,93617861.0
1,102977713.0,0.0,1.0,3.0,1.0,1.0,19.0,2.0,5.0,9.0,0.0,1.0,2.0,2.0,7.0,4.0,1.0,0.0,0.0,4.0,0.0,43.0,14.0,4.0,11.0,0.0,11.0,12.0,3.0,1.0,23.0,36.0,4.0,8.0,0.0,0.0,5.0,7.0,0.0,3.0,3.0,15.0,2.0,0.0,27.0,1.0,1.0,10.0,0.0,1.0,0.0,12.0,0.0,12.0,45.0,3.0,0.0,3.0,7.0,3.0,12.0,4.0,1.0,0.0,0.0,2.0,0.0,17.0,11.0,6.0,18.0,27.0,0.0,4.0,0.0,2.0,1.0,39.0,3.0,1.0,18.0,0.0,17.0,1.0,129.0,7.0,34.0,0.0,0.0,25.0,16.0,5.0,26.0,2.0,23.0,26.0,7.0,0.0,18.0,0.0,16.0,8.0,2.0,1.0,3.0,8.0,3.0,1.0,5.0,17.0,0.0,11.0,1.0,0.0,34.0,10.0,3.0,0.0,0.0,155.0,0.0,1.0,0.0,8.0,9.0,11.0
2,1076354754.0,1.0,0.0,2.0,1.0,0.0,2.0,38.0,2.0,1.0,6.0,1.0,1.0,1.0,0.0,1.0,0.0,0.0,0.0,0.0,0.0,3.0,0.0,1.0,0.0,1.0,0.0,3.0,2.0,0.0,1.0,1.0,3.0,1.0,0.0,8.0,1.0,1.0,1.0,0.0,1.0,0.0,1.0,0.0,3.0,27.0,1.0,0.0,6.0,0.0,0.0,50.0,0.0,0.0,2.0,1.0,33.0,0.0,91.0,1.0,1.0,0.0,0.0,3.0,0.0,0.0,1.0,0.0,2.0,81.0,0.0,3.0,0.0,1.0,0.0,5.0,18.0,0.0,0.0,40.0,1.0,0.0,1.0,0.0,1.0,1.0,3.0,0.0,0.0,3.0,1.0,0.0,0.0,1.0,1.0,0.0,3.0,0.0,0.0,0.0,4.0,45.0,0.0,0.0,0.0,0.0,0.0,0.0,2.0,0.0,2.0,0.0,6.0,0.0,5.0,0.0,0.0,1.0,0.0,2.0,0.0,0.0,0.0,0.0,1.0,0.0
3,108029289.0,3.0,2.0,0.0,1.0,0.0,1.0,1.0,3.0,0.0,0.0,1.0,1.0,1.0,1.0,4.0,2.0,0.0,0.0,2.0,0.0,6.0,1.0,1.0,0.0,0.0,1.0,4.0,3.0,0.0,3.0,2.0,2.0,3.0,0.0,1.0,2.0,1.0,0.0,0.0,2.0,0.0,1.0,0.0,2.0,1.0,1.0,0.0,0.0,0.0,0.0,1.0,0.0,0.0,4.0,1.0,0.0,0.0,2.0,0.0,2.0,0.0,3.0,0.0,2.0,0.0,1.0,0.0,2.0,2.0,1.0,2.0,0.0,1.0,0.0,0.0,4.0,1.0,0.0,0.0,3.0,0.0,1.0,1.0,3.0,1.0,10.0,0.0,0.0,2.0,3.0,0.0,2.0,2.0,2.0,2.0,4.0,0.0,0.0,0.0,2.0,1.0,0.0,0.0,0.0,0.0,1.0,0.0,6.0,0.0,0.0,0.0,0.0,0.0,3.0,2.0,3.0,0.0,0.0,6.0,0.0,2.0,0.0,0.0,3.0,2.0
4,1108876152.0,1.0,1.0,1.0,0.0,0.0,0.0,1.0,0.0,0.0,0.0,1.0,1.0,1.0,0.0,1.0,0.0,0.0,0.0,0.0,0.0,1.0,0.0,4.0,0.0,0.0,0.0,1.0,1.0,0.0,1.0,1.0,1.0,1.0,0.0,0.0,1.0,1.0,0.0,0.0,0.0,0.0,1.0,0.0,1.0,1.0,1.0,0.0,0.0,0.0,0.0,0.0,0.0,0.0,1.0,1.0,0.0,0.0,1.0,0.0,1.0,0.0,0.0,0.0,0.0,0.0,1.0,0.0,0.0,1.0,0.0,1.0,0.0,0.0,0.0,0.0,2.0,0.0,0.0,0.0,9.0,0.0,1.0,0.0,1.0,1.0,1.0,0.0,0.0,1.0,0.0,1.0,0.0,0.0,1.0,0.0,1.0,0.0,0.0,0.0,1.0,1.0,0.0,0.0,0.0,0.0,0.0,0.0,1.0,0.0,0.0,0.0,0.0,2.0,1.0,0.0,0.0,0.0,0.0,1.0,0.0,0.0,0.0,0.0,1.0,0.0
5,1136738952.0,1.0,0.0,0.0,0.0,0.0,0.0,0.0,0.0,0.0,0.0,0.0,0.0,0.0,0.0,0.0,0.0,0.0,0.0,0.0,0.0,0.0,1.0,0.0,1.0,0.0,0.0,0.0,0.0,0.0,2.0,1.0,0.0,0.0,3.0,0.0,0.0,0.0,0.0,1.0,0.0,0.0,0.0,0.0,0.0,0.0,0.0,0.0,0.0,0.0,1.0,0.0,0.0,0.0,1.0,0.0,0.0,0.0,1.0,0.0,1.0,7.0,0.0,0.0,0.0,1.0,0.0,4.0,1.0,1.0,0.0,1.0,0.0,0.0,0.0,0.0,0.0,1.0,1.0,0.0,0.0,0.0,0.0,0.0,6.0,0.0,0.0,0.0,0.0,0.0,0.0,0.0,0.0,1.0,0.0,0.0,0.0,0.0,1.0,0.0,0.0,1.0,0.0,0.0,1.0,0.0,0.0,0.0,0.0,1.0,0.0,0.0,0.0,0.0,2.0,0.0,1.0,0.0,1.0,10.0,0.0,0.0,0.0,0.0,0.0,6.0
6,1150239494.0,19.0,2.0,1.0,0.0,0.0,0.0,0.0,1.0,1.0,0.0,0.0,0.0,0.0,0.0,0.0,0.0,0.0,0.0,0.0,0.0,2.0,0.0,0.0,0.0,0.0,3.0,3.0,1.0,0.0,16.0,5.0,1.0,0.0,0.0,1.0,1.0,0.0,0.0,0.0,1.0,3.0,1.0,0.0,2.0,0.0,0.0,1.0,0.0,0.0,0.0,0.0,0.0,12.0,0.0,0.0,0.0,1.0,1.0,1.0,5.0,0.0,0.0,0.0,0.0,0.0,0.0,0.0,1.0,0.0,5.0,7.0,0.0,0.0,0.0,0.0,0.0,26.0,0.0,1.0,2.0,0.0,6.0,0.0,86.0,0.0,1.0,0.0,0.0,49.0,2.0,0.0,0.0,1.0,1.0,3.0,1.0,0.0,23.0,0.0,4.0,1.0,0.0,0.0,3.0,0.0,0.0,0.0,2.0,10.0,0.0,0.0,0.0,0.0,2.0,0.0,0.0,0.0,0.0,128.0,0.0,0.0,0.0,0.0,1.0,0.0
7,1159672110.0,2.0,38.0,1.0,1.0,0.0,0.0,0.0,0.0,0.0,6.0,1.0,1.0,1.0,0.0,3.0,0.0,0.0,0.0,1.0,0.0,4.0,2.0,3.0,0.0,0.0,0.0,4.0,1.0,0.0,1.0,3.0,2.0,1.0,0.0,4.0,1.0,2.0,0.0,0.0,2.0,0.0,1.0,2.0,5.0,33.0,2.0,0.0,7.0,0.0,0.0,54.0,0.0,0.0,18.0,1.0,26.0,0.0,96.0,1.0,1.0,1.0,0.0,5.0,0.0,1.0,0.0,3.0,0.0,90.0,0.0,7.0,0.0,0.0,0.0,6.0,37.0,0.0,1.0,31.0,9.0,2.0,1.0,0.0,1.0,1.0,10.0,0.0,0.0,1.0,3.0,0.0,2.0,1.0,10.0,1.0,1.0,3.0,0.0,0.0,2.0,31.0,1.0,0.0,0.0,0.0,0.0,0.0,2.0,1.0,4.0,0.0,9.0,0.0,16.0,0.0,0.0,1.0,0.0,1.0,0.0,0.0,0.0,0.0,2.0,1.0
8,117436731.0,5.0,2.0,3.0,0.0,0.0,1.0,0.0,0.0,3.0,0.0,0.0,0.0,0.0,8.0,18.0,14.0,0.0,0.0,14.0,0.0,3.0,0.0,2.0,1.0,0.0,0.0,34.0,7.0,0.0,2.0,2.0,2.0,4.0,0.0,1.0,0.0,1.0,0.0,0.0,12.0,1.0,0.0,0.0,3.0,0.0,0.0,2.0,0.0,1.0,0.0,1.0,0.0,0.0,2.0,1.0,0.0,1.0,3.0,6.0,0.0,0.0,0.0,0.0,6.0,6.0,0.0,1.0,2.0,1.0,0.0,4.0,0.0,1.0,0.0,0.0,0.0,0.0,7.0,0.0,4.0,0.0,0.0,7.0,3.0,0.0,31.0,0.0,0.0,1.0,8.0,0.0,5.0,8.0,1.0,2.0,3.0,7.0,0.0,0.0,2.0,1.0,1.0,1.0,0.0,2.0,0.0,0.0,42.0,0.0,1.0,1.0,0.0,0.0,5.0,32.0,15.0,0.0,0.0,1.0,7.0,8.0,0.0,0.0,38.0,27.0
9,118471091.0,9.0,1.0,0.0,0.0,0.0,1.0,0.0,3.0,0.0,0.0,0.0,0.0,1.0,11.0,1.0,1.0,0.0,0.0,0.0,0.0,19.0,7.0,0.0,11.0,0.0,1.0,6.0,3.0,1.0,0.0,7.0,2.0,5.0,0.0,0.0,6.0,2.0,0.0,1.0,0.0,1.0,0.0,0.0,2.0,0.0,0.0,6.0,0.0,0.0,0.0,4.0,0.0,0.0,8.0,1.0,0.0,2.0,2.0,5.0,0.0,0.0,0.0,2.0,0.0,0.0,1.0,7.0,4.0,2.0,1.0,6.0,0.0,3.0,0.0,2.0,2.0,0.0,2.0,2.0,5.0,0.0,1.0,0.0,3.0,1.0,14.0,0.0,0.0,1.0,3.0,1.0,5.0,1.0,6.0,5.0,5.0,0.0,0.0,0.0,6.0,8.0,2.0,0.0,0.0,2.0,0.0,1.0,2.0,0.0,3.0,4.0,0.0,0.0,10.0,10.0,1.0,0.0,0.0,4.0,0.0,0.0,0.0,1.0,2.0,3.0
10,1199529294.0,0.0,6.0,0.0,0.0,0.0,0.0,6.0,0.0,0.0,0.0,0.0,0.0,0.0,0.0,0.0,0.0,0.0,0.0,0.0,0.0,0.0,0.0,0.0,3.0,0.0,0.0,0.0,0.0,0.0,0.0,1.0,0.0,0.0,0.0,0.0,0.0,0.0,0.0,0.0,0.0,0.0,0.0,0.0,0.0,2.0,0.0,0.0,2.0,0.0,0.0,5.0,0.0,0.0,0.0,0.0,6.0,0.0,16.0,0.0,0.0,0.0,0.0,1.0,0.0,0.0,0.0,1.0,0.0,11.0,0.0,0.0,0.0,0.0,0.0,0.0,6.0,0.0,0.0,5.0,0.0,0.0,0.0,0.0,0.0,0.0,0.0,0.0,0.0,0.0,0.0,0.0,2.0,0.0,1.0,0.0,0.0,0.0,0.0,0.0,0.0,8.0,0.0,0.0,0.0,0.0,0.0,0.0,0.0,0.0,2.0,0.0,1.0,0.0,1.0,0.0,0.0,0.0,0.0,0.0,0.0,0.0,0.0,0.0,0.0,1.0
11,119993414.0,1.0,1.0,1.0,1.0,0.0,0.0,1.0,0.0,0.0,0.0,0.0,1.0,1.0,0.0,1.0,0.0,0.0,1.0,0.0,0.0,1.0,0.0,1.0,0.0,0.0,0.0,1.0,1.0,0.0,1.0,1.0,1.0,1.0,0.0,0.0,1.0,1.0,1.0,0.0,0.0,0.0,1.0,0.0,1.0,1.0,1.0,0.0,0.0,0.0,0.0,0.0,0.0,0.0,2.0,1.0,0.0,0.0,3.0,0.0,1.0,0.0,0.0,0.0,0.0,0.0,0.0,0.0,0.0,1.0,0.0,1.0,0.0,0.0,1.0,0.0,2.0,0.0,0.0,0.0,0.0,0.0,1.0,0.0,1.0,1.0,1.0,0.0,0.0,1.0,0.0,0.0,0.0,0.0,6.0,0.0,1.0,0.0,0.0,0.0,5.0,1.0,0.0,0.0,0.0,0.0,0.0,0.0,1.0,0.0,0.0,0.0,0.0,0.0,6.0,0.0,0.0,0.0,0.0,1.0,0.0,0.0,0.0,1.0,1.0,0.0
12,133429220.0,2.0,1.0,1.0,1.0,0.0,0.0,1.0,0.0,0.0,0.0,1.0,0.0,1.0,0.0,2.0,0.0,0.0,0.0,0.0,0.0,1.0,0.0,1.0,0.0,0.0,2.0,1.0,1.0,0.0,1.0,1.0,1.0,1.0,0.0,0.0,1.0,1.0,0.0,0.0,0.0,0.0,1.0,0.0,1.0,1.0,1.0,0.0,0.0,0.0,0.0,0.0,0.0,0.0,1.0,1.0,0.0,0.0,1.0,0.0,3.0,0.0,0.0,0.0,0.0,0.0,0.0,0.0,0.0,1.0,1.0,1.0,0.0,0.0,0.0,0.0,1.0,0.0,0.0,0.0,0.0,0.0,1.0,0.0,1.0,1.0,2.0,0.0,0.0,1.0,0.0,0.0,1.0,0.0,1.0,0.0,1.0,0.0,0.0,0.0,1.0,1.0,0.0,0.0,0.0,0.0,4.0,0.0,3.0,0.0,0.0,0.0,0.0,0.0,0.0,1.0,0.0,0.0,0.0,1.0,0.0,0.0,0.0,0.0,1.0,1.0
13,1343758218.0,2.0,1.0,1.0,1.0,0.0,0.0,1.0,0.0,1.0,0.0,1.0,1.0,0.0,0.0,1.0,0.0,0.0,0.0,0.0,0.0,3.0,1.0,1.0,0.0,0.0,1.0,3.0,1.0,0.0,1.0,2.0,1.0,3.0,0.0,0.0,2.0,1.0,0.0,1.0,0.0,0.0,1.0,0.0,2.0,1.0,1.0,0.0,0.0,0.0,0.0,1.0,0.0,0.0,4.0,1.0,0.0,0.0,2.0,1.0,1.0,0.0,0.0,0.0,0.0,0.0,0.0,3.0,1.0,1.0,0.0,2.0,0.0,0.0,0.0,0.0,1.0,0.0,0.0,2.0,1.0,0.0,1.0,0.0,1.0,1.0,4.0,0.0,0.0,1.0,1.0,0.0,0.0,0.0,3.0,0.0,1.0,0.0,0.0,0.0,2.0,2.0,0.0,0.0,0.0,1.0,0.0,0.0,3.0,0.0,0.0,1.0,0.0,0.0,2.0,0.0,0.0,0.0,0.0,3.0,0.0,0.0,0.0,0.0,2.0,1.0
14,137711801.0,7.0,0.0,1.0,0.0,0.0,0.0,0.0,8.0,11.0,0.0,0.0,0.0,0.0,0.0,12.0,17.0,0.0,0.0,7.0,0.0,6.0,2.0,1.0,3.0,0.0,2.0,34.0,3.0,1.0,0.0,4.0,1.0,19.0,0.0,1.0,1.0,1.0,0.0,0.0,2.0,0.0,0.0,0.0,3.0,0.0,0.0,5.0,0.0,1.0,0.0,0.0,2.0,0.0,5.0,0.0,1.0,0.0,4.0,86.0,0.0,0.0,0.0,0.0,4.0,2.0,0.0,1.0,0.0,1.0,5.0,6.0,1.0,4.0,0.0,0.0,1.0,0.0,5.0,1.0,3.0,0.0,1.0,15.0,0.0,2.0,80.0,0.0,0.0,2.0,6.0,3.0,18.0,6.0,7.0,12.0,45.0,0.0,0.0,1.0,5.0,1.0,2.0,0.0,0.0,0.0,2.0,0.0,32.0,0.0,0.0,0.0,0.0,0.0,7.0,21.0,7.0,0.0,0.0,6.0,2.0,1.0,0.0,5.0,32.0,26.0
15,1407285660.0,4.0,1.0,4.0,1.0,0.0,0.0,3.0,18.0,1.0,0.0,1.0,2.0,1.0,12.0,0.0,16.0,0.0,0.0,20.0,0.0,3.0,1.0,1.0,1.0,0.0,3.0,27.0,7.0,3.0,3.0,1.0,1.0,6.0,0.0,0.0,1.0,1.0,0.0,0.0,5.0,0.0,1.0,0.0,2.0,1.0,1.0,2.0,0.0,0.0,0.0,1.0,7.0,0.0,3.0,1.0,0.0,0.0,3.0,20.0,2.0,0.0,0.0,1.0,8.0,7.0,3.0,1.0,0.0,3.0,8.0,3.0,0.0,0.0,0.0,0.0,2.0,0.0,10.0,0.0,1.0,0.0,1.0,9.0,1.0,2.0,60.0,0.0,0.0,1.0,7.0,0.0,9.0,8.0,2.0,2.0,32.0,5.0,0.0,13.0,1.0,3.0,1.0,2.0,0.0,0.0,1.0,1.0,38.0,0.0,0.0,0.0,0.0,0.0,3.0,41.0,21.0,0.0,0.0,1.0,6.0,8.0,0.0,0.0,21.0,35.0
16,1412750708.0,1.0,0.0,2.0,0.0,0.0,0.0,0.0,14.0,1.0,0.0,0.0,0.0,0.0,17.0,16.0,0.0,0.0,0.0,16.0,0.0,1.0,0.0,0.0,1.0,0.0,0.0,35.0,4.0,0.0,1.0,1.0,0.0,4.0,0.0,0.0,0.0,0.0,0.0,1.0,8.0,0.0,0.0,0.0,1.0,0.0,0.0,5.0,0.0,0.0,0.0,0.0,0.0,0.0,1.0,0.0,0.0,0.0,0.0,1.0,0.0,0.0,0.0,0.0,7.0,4.0,0.0,0.0,0.0,0.0,0.0,1.0,0.0,0.0,0.0,0.0,0.0,0.0,2.0,0.0,1.0,0.0,0.0,2.0,0.0,0.0,21.0,0.0,0.0,0.0,8.0,0.0,1.0,3.0,1.0,0.0,1.0,3.0,0.0,1.0,1.0,0.0,2.0,1.0,0.0,0.0,0.0,0.0,30.0,0.0,0.0,0.0,0.0,0.0,1.0,27.0,10.0,0.0,0.0,1.0,7.0,3.0,0.0,0.0,20.0,19.0
17,1455659006.0,0.0,0.0,0.0,0.0,0.0,0.0,0.0,0.0,0.0,0.0,0.0,0.0,0.0,0.0,0.0,0.0,0.0,0.0,0.0,0.0,0.0,0.0,0.0,0.0,0.0,0.0,0.0,0.0,0.0,0.0,0.0,0.0,0.0,0.0,0.0,0.0,0.0,0.0,0.0,0.0,0.0,0.0,0.0,0.0,0.0,0.0,0.0,0.0,0.0,0.0,0.0,0.0,0.0,0.0,0.0,0.0,0.0,0.0,0.0,0.0,0.0,0.0,0.0,0.0,0.0,0.0,0.0,0.0,0.0,0.0,0.0,0.0,0.0,0.0,0.0,0.0,0.0,0.0,0.0,0.0,0.0,0.0,0.0,0.0,0.0,0.0,0.0,0.0,0.0,0.0,0.0,0.0,0.0,0.0,0.0,0.0,0.0,0.0,0.0,0.0,0.0,0.0,0.0,0.0,0.0,0.0,0.0,0.0,0.0,0.0,0.0,0.0,0.0,0.0,0.0,0.0,0.0,0.0,0.0,0.0,0.0,0.0,0.0,0.0,0.0
18,1528925454.0,0.0,0.0,0.0,0.0,0.0,0.0,0.0,0.0,0.0,0.0,1.0,0.0,0.0,0.0,0.0,0.0,0.0,0.0,0.0,0.0,0.0,0.0,0.0,0.0,0.0,0.0,0.0,0.0,0.0,0.0,0.0,0.0,0.0,0.0,0.0,0.0,0.0,0.0,0.0,0.0,0.0,0.0,0.0,0.0,0.0,0.0,0.0,0.0,0.0,0.0,0.0,0.0,0.0,1.0,0.0,0.0,0.0,1.0,0.0,0.0,0.0,0.0,0.0,0.0,0.0,0.0,0.0,0.0,0.0,0.0,0.0,0.0,0.0,40.0,0.0,0.0,0.0,0.0,0.0,1.0,0.0,0.0,0.0,0.0,0.0,0.0,0.0,0.0,0.0,0.0,0.0,0.0,0.0,1.0,0.0,0.0,0.0,0.0,0.0,0.0,0.0,0.0,0.0,0.0,0.0,0.0,0.0,0.0,0.0,0.0,1.0,0.0,0.0,3.0,0.0,0.0,0.0,0.0,0.0,0.0,0.0,0.0,0.0,0.0,0.0
19,154115417.0,4.0,0.0,2.0,0.0,0.0,0.0,1.0,14.0,0.0,0.0,0.0,0.0,0.0,7.0,20.0,16.0,0.0,0.0,0.0,0.0,3.0,5.0,1.0,3.0,0.0,0.0,37.0,8.0,0.0,2.0,4.0,1.0,5.0,0.0,0.0,1.0,2.0,0.0,1.0,13.0,0.0,0.0,1.0,3.0,0.0,0.0,6.0,0.0,1.0,0.0,6.0,0.0,0.0,8.0,0.0,0.0,0.0,3.0,9.0,2.0,0.0,0.0,0.0,6.0,5.0,0.0,4.0,2.0,6.0,0.0,5.0,0.0,0.0,0.0,1.0,0.0,0.0,5.0,0.0,4.0,0.0,0.0,4.0,2.0,2.0,39.0,0.0,0.0,0.0,16.0,0.0,4.0,3.0,2.0,0.0,3.0,4.0,0.0,0.0,1.0,0.0,2.0,2.0,0.0,0.0,1.0,0.0,50.0,0.0,0.0,0.0,0.0,1.0,4.0,41.0,14.0,0.0,0.0,1.0,6.0,7.0,0.0,0.0,27.0,26.0
20,155507514.0,0.0,0.0,0.0,0.0,0.0,0.0,0.0,0.0,0.0,0.0,0.0,0.0,0.0,0.0,0.0,0.0,0.0,0.0,0.0,0.0,0.0,0.0,0.0,0.0,0.0,0.0,0.0,3.0,0.0,0.0,0.0,0.0,0.0,0.0,0.0,0.0,0.0,0.0,0.0,0.0,0.0,0.0,0.0,0.0,0.0,0.0,0.0,0.0,0.0,0.0,0.0,0.0,0.0,2.0,0.0,0.0,0.0,2.0,0.0,0.0,0.0,0.0,0.0,0.0,0.0,0.0,2.0,0.0,4.0,0.0,0.0,0.0,0.0,0.0,3.0,0.0,0.0,0.0,0.0,0.0,0.0,0.0,0.0,0.0,0.0,0.0,0.0,0.0,0.0,0.0,0.0,2.0,0.0,14.0,0.0,1.0,1.0,0.0,0.0,10.0,2.0,0.0,0.0,0.0,0.0,0.0,0.0,0.0,0.0,0.0,0.0,0.0,0.0,22.0,2.0,0.0,0.0,0.0,0.0,0.0,0.0,0.0,3.0,0.0,0.0
21,158025648.0,43.0,3.0,6.0,1.0,0.0,2.0,4.0,3.0,19.0,0.0,1.0,1.0,3.0,6.0,3.0,1.0,0.0,0.0,3.0,0.0,0.0,24.0,5.0,11.0,0.0,4.0,19.0,3.0,2.0,1.0,28.0,6.0,9.0,0.0,2.0,7.0,7.0,0.0,2.0,2.0,1.0,2.0,0.0,23.0,1.0,1.0,4.0,0.0,0.0,2.0,14.0,0.0,0.0,74.0,2.0,4.0,3.0,11.0,2.0,5.0,0.0,0.0,0.0,0.0,1.0,1.0,12.0,8.0,8.0,2.0,21.0,0.0,7.0,0.0,0.0,3.0,0.0,2.0,6.0,30.0,0.0,6.0,1.0,7.0,16.0,47.0,0.0,0.0,3.0,22.0,15.0,40.0,3.0,37.0,23.0,10.0,0.0,0.0,0.0,33.0,14.0,37.0,0.0,0.0,4.0,19.0,1.0,5.0,10.0,0.0,11.0,0.0,0.0,78.0,29.0,6.0,0.0,0.0,21.0,0.0,1.0,0.0,11.0,5.0,6.0
22,161783019.0,14.0,0.0,1.0,0.0,1.0,0.0,2.0,0.0,7.0,0.0,0.0,0.0,1.0,2.0,1.0,0.0,0.0,0.0,5.0,0.0,24.0,0.0,3.0,6.0,0.0,1.0,9.0,1.0,1.0,1.0,17.0,2.0,5.0,0.0,0.0,4.0,7.0,0.0,2.0,1.0,0.0,1.0,0.0,17.0,0.0,0.0,2.0,0.0,0.0,0.0,9.0,0.0,0.0,38.0,0.0,1.0,1.0,8.0,2.0,4.0,0.0,0.0,0.0,0.0,1.0,0.0,14.0,7.0,8.0,0.0,13.0,1.0,1.0,0.0,2.0,1.0,0.0,2.0,1.0,24.0,0.0,1.0,1.0,1.0,8.0,19.0,0.0,0.0,0.0,21.0,6.0,10.0,4.0,7.0,5.0,0.0,0.0,0.0,0.0,6.0,4.0,3.0,1.0,0.0,1.0,10.0,1.0,1.0,1.0,1.0,4.0,0.0,1.0,24.0,8.0,3.0,0.0,0.0,3.0,0.0,0.0,0.0,0.0,3.0,6.0
23,1644676231.0,4.0,1.0,1.0,4.0,0.0,0.0,3.0,2.0,0.0,0.0,1.0,1.0,1.0,1.0,1.0,0.0,0.0,0.0,1.0,0.0,5.0,3.0,0.0,6.0,0.0,0.0,5.0,1.0,2.0,1.0,11.0,1.0,1.0,0.0,2.0,6.0,4.0,0.0,0.0,2.0,0.0,1.0,0.0,6.0,1.0,1.0,0.0,2.0,0.0,0.0,3.0,0.0,0.0,13.0,1.0,0.0,0.0,5.0,1.0,11.0,0.0,0.0,0.0,0.0,0.0,5.0,8.0,1.0,6.0,0.0,32.0,0.0,0.0,0.0,1.0,1.0,0.0,0.0,0.0,16.0,0.0,1.0,0.0,1.0,4.0,5.0,0.0,0.0,1.0,10.0,7.0,0.0,0.0,4.0,0.0,3.0,2.0,0.0,0.0,1.0,1.0,0.0,0.0,0.0,1.0,3.0,0.0,2.0,0.0,0.0,1.0,0.0,6.0,4.0,2.0,0.0,0.0,0.0,1.0,0.0,0.0,0.0,0.0,1.0,2.0
24,166284168.0,11.0,0.0,0.0,0.0,1.0,0.0,0.0,1.0,11.0,3.0,0.0,0.0,0.0,3.0,1.0,1.0,0.0,0.0,3.0,0.0,11.0,6.0,6.0,0.0,0.0,0.0,6.0,0.0,6.0,0.0,34.0,0.0,1.0,1.0,1.0,12.0,5.0,0.0,0.0,2.0,1.0,1.0,0.0,12.0,0.0,3.0,1.0,0.0,0.0,0.0,4.0,0.0,0.0,23.0,1.0,0.0,1.0,9.0,1.0,9.0,0.0,0.0,9.0,0.0,0.0,0.0,32.0,2.0,21.0,1.0,7.0,0.0,1.0,0.0,2.0,4.0,0.0,0.0,0.0,7.0,0.0,3.0,0.0,1.0,6.0,7.0,0.0,0.0,0.0,15.0,1.0,9.0,1.0,4.0,1.0,3.0,1.0,0.0,0.0,0.0,6.0,0.0,0.0,0.0,4.0,3.0,0.0,1.0,1.0,0.0,2.0,5.0,1.0,8.0,6.0,0.0,0.0,0.0,0.0,0.0,0.0,0.0,0.0,3.0,12.0
25,174326055.0,0.0,1.0,0.0,0.0,0.0,0.0,0.0,0.0,0.0,0.0,0.0,0.0,0.0,0.0,0.0,0.0,0.0,0.0,0.0,0.0,0.0,0.0,0.0,0.0,0.0,0.0,0.0,0.0,0.0,0.0,0.0,0.0,0.0,0.0,0.0,0.0,0.0,0.0,0.0,0.0,0.0,0.0,0.0,0.0,0.0,0.0,0.0,0.0,0.0,0.0,0.0,0.0,0.0,0.0,0.0,0.0,0.0,15.0,0.0,0.0,0.0,0.0,1.0,0.0,0.0,0.0,0.0,0.0,1.0,0.0,0.0,0.0,0.0,0.0,0.0,1.0,0.0,0.0,1.0,0.0,0.0,0.0,0.0,0.0,0.0,0.0,0.0,0.0,0.0,0.0,0.0,0.0,0.0,0.0,0.0,0.0,0.0,0.0,0.0,0.0,0.0,0.0,0.0,0.0,0.0,0.0,0.0,0.0,0.0,0.0,0.0,8.0,0.0,0.0,0.0,0.0,0.0,0.0,0.0,0.0,0.0,0.0,0.0,0.0,0.0
26,181902252.0,11.0,0.0,1.0,0.0,0.0,3.0,0.0,0.0,1.0,0.0,0.0,2.0,1.0,2.0,3.0,0.0,0.0,0.0,0.0,0.0,4.0,1.0,0.0,0.0,0.0,0.0,1.0,0.0,1.0,4.0,21.0,0.0,2.0,0.0,0.0,2.0,0.0,0.0,1.0,0.0,1.0,1.0,0.0,0.0,0.0,0.0,2.0,0.0,0.0,0.0,1.0,0.0,1.0,1.0,0.0,0.0,0.0,1.0,1.0,24.0,0.0,0.0,0.0,0.0,0.0,0.0,1.0,1.0,0.0,20.0,21.0,0.0,1.0,0.0,0.0,1.0,3.0,0.0,1.0,1.0,0.0,18.0,1.0,15.0,0.0,4.0,0.0,0.0,7.0,0.0,1.0,1.0,0.0,3.0,5.0,3.0,0.0,2.0,0.0,4.0,1.0,0.0,0.0,1.0,1.0,0.0,0.0,1.0,41.0,0.0,1.0,0.0,0.0,3.0,0.0,0.0,0.0,0.0,24.0,0.0,0.0,0.0,2.0,1.0,2.0
27,1853352667.0,12.0,3.0,4.0,1.0,0.0,3.0,4.0,34.0,6.0,0.0,1.0,1.0,3.0,34.0,27.0,35.0,0.0,0.0,37.0,0.0,19.0,9.0,5.0,6.0,0.0,1.0,0.0,12.0,0.0,3.0,16.0,6.0,11.0,0.0,3.0,4.0,6.0,0.0,2.0,24.0,1.0,1.0,1.0,13.0,1.0,1.0,10.0,1.0,1.0,0.0,11.0,0.0,0.0,20.0,2.0,0.0,3.0,8.0,22.0,6.0,0.0,0.0,1.0,17.0,10.0,0.0,12.0,3.0,9.0,0.0,13.0,0.0,0.0,0.0,2.0,3.0,0.0,11.0,2.0,12.0,0.0,1.0,5.0,6.0,2.0,73.0,0.0,0.0,4.0,28.0,1.0,11.0,12.0,14.0,1.0,12.0,10.0,0.0,0.0,9.0,5.0,5.0,3.0,0.0,4.0,3.0,1.0,144.0,2.0,0.0,5.0,1.0,0.0,19.0,87.0,25.0,0.0,0.0,6.0,13.0,8.0,0.0,2.0,63.0,71.0
28,186407376.0,3.0,2.0,3.0,1.0,0.0,1.0,1.0,7.0,3.0,0.0,1.0,1.0,1.0,3.0,7.0,4.0,0.0,0.0,8.0,3.0,3.0,1.0,1.0,0.0,0.0,0.0,12.0,0.0,1.0,2.0,1.0,2.0,4.0,0.0,1.0,1.0,1.0,0.0,1.0,6.0,0.0,1.0,1.0,2.0,1.0,1.0,1.0,0.0,1.0,0.0,1.0,0.0,0.0,4.0,1.0,0.0,0.0,3.0,3.0,1.0,0.0,0.0,0.0,1.0,2.0,0.0,0.0,2.0,6.0,0.0,5.0,1.0,0.0,0.0,13.0,1.0,0.0,4.0,0.0,3.0,0.0,1.0,3.0,2.0,1.0,15.0,0.0,0.0,2.0,7.0,0.0,4.0,4.0,2.0,0.0,10.0,0.0,0.0,0.0,3.0,3.0,0.0,1.0,0.0,0.0,0.0,0.0,12.0,0.0,0.0,0.0,0.0,0.0,4.0,19.0,3.0,0.0,0.0,4.0,0.0,3.0,0.0,0.0,12.0,7.0
29,1946097283.0,1.0,0.0,0.0,0.0,0.0,0.0,0.0,0.0,1.0,0.0,0.0,0.0,0.0,1.0,3.0,0.0,0.0,0.0,0.0,0.0,2.0,1.0,2.0,6.0,0.0,1.0,0.0,1.0,0.0,1.0,0.0,0.0,4.0,0.0,0.0,0.0,0.0,3.0,0.0,0.0,0.0,0.0,0.0,1.0,0.0,0.0,10.0,0.0,0.0,0.0,0.0,0.0,0.0,2.0,0.0,0.0,0.0,0.0,2.0,0.0,0.0,0.0,0.0,0.0,1.0,1.0,0.0,1.0,0.0,2.0,1.0,0.0,0.0,0.0,0.0,0.0,0.0,0.0,0.0,1.0,0.0,0.0,1.0,0.0,0.0,14.0,0.0,0.0,0.0,1.0,2.0,1.0,1.0,2.0,4.0,7.0,0.0,0.0,0.0,2.0,0.0,2.0,0.0,0.0,0.0,0.0,0.0,0.0,1.0,5.0,0.0,0.0,0.0,2.0,0.0,0.0,0.0,0.0,1.0,0.0,0.0,0.0,1.0,0.0,0.0
30,1957499287.0,23.0,1.0,3.0,1.0,2.0,16.0,1.0,2.0,0.0,0.0,1.0,1.0,1.0,0.0,3.0,1.0,0.0,0.0,2.0,0.0,1.0,1.0,1.0,0.0,0.0,4.0,3.0,2.0,1.0,0.0,6.0,1.0,3.0,0.0,1.0,1.0,1.0,0.0,1.0,1.0,8.0,2.0,0.0,1.0,1.0,1.0,1.0,0.0,0.0,0.0,0.0,0.0,12.0,2.0,1.0,0.0,0.0,3.0,1.0,6.0,4.0,1.0,0.0,1.0,2.0,0.0,0.0,0.0,1.0,5.0,10.0,0.0,1.0,0.0,0.0,2.0,25.0,1.0,0.0,0.0,1.0,8.0,1.0,44.0,1.0,4.0,0.0,0.0,21.0,2.0,0.0,0.0,1.0,2.0,4.0,1.0,0.0,14.0,0.0,2.0,2.0,1.0,0.0,3.0,0.0,0.0,0.0,3.0,10.0,1.0,0.0,0.0,0.0,3.0,2.0,2.0,0.0,1.0,53.0,0.0,0.0,0.0,0.0,3.0,2.0
31,19646227.0,36.0,1.0,2.0,1.0,1.0,5.0,3.0,2.0,7.0,1.0,1.0,1.0,2.0,4.0,1.0,1.0,0.0,0.0,4.0,0.0,28.0,17.0,11.0,34.0,0.0,21.0,16.0,1.0,0.0,6.0,0.0,3.0,5.0,0.0,1.0,136.0,16.0,2.0,2.0,3.0,1.0,3.0,1.0,84.0,1.0,1.0,8.0,0.0,0.0,0.0,21.0,0.0,3.0,134.0,2.0,2.0,1.0,14.0,3.0,87.0,0.0,0.0,0.0,0.0,0.0,0.0,34.0,7.0,23.0,9.0,61.0,0.0,2.0,0.0,3.0,3.0,4.0,1.0,2.0,19.0,0.0,10.0,0.0,16.0,4.0,25.0,0.0,0.0,8.0,42.0,7.0,7.0,2.0,18.0,9.0,7.0,2.0,2.0,0.0,7.0,15.0,4.0,0.0,2.0,33.0,3.0,1.0,7.0,19.0,0.0,5.0,1.0,1.0,28.0,8.0,1.0,0.0,0.0,25.0,0.0,0.0,0.0,5.0,10.0,13.0
32,197219034.0,4.0,3.0,2.0,1.0,0.0,1.0,2.0,2.0,2.0,0.0,1.0,1.0,1.0,1.0,1.0,0.0,0.0,0.0,1.0,0.0,6.0,2.0,1.0,0.0,0.0,0.0,6.0,2.0,0.0,1.0,3.0,0.0,2.0,0.0,1.0,1.0,2.0,0.0,2.0,1.0,0.0,1.0,4.0,10.0,1.0,1.0,1.0,0.0,0.0,0.0,2.0,0.0,0.0,6.0,5.0,1.0,0.0,5.0,2.0,2.0,0.0,6.0,0.0,0.0,0.0,0.0,1.0,2.0,2.0,1.0,5.0,0.0,2.0,0.0,0.0,1.0,0.0,1.0,0.0,2.0,0.0,2.0,0.0,2.0,2.0,7.0,0.0,0.0,2.0,3.0,1.0,0.0,2.0,5.0,0.0,4.0,0.0,0.0,0.0,7.0,2.0,1.0,0.0,0.0,0.0,0.0,1.0,4.0,0.0,0.0,1.0,0.0,0.0,10.0,1.0,1.0,0.0,0.0,6.0,0.0,0.0,0.0,0.0,4.0,2.0
33,198008452.0,8.0,1.0,3.0,1.0,0.0,0.0,1.0,4.0,5.0,0.0,1.0,1.0,3.0,19.0,6.0,4.0,0.0,0.0,5.0,0.0,9.0,5.0,1.0,1.0,0.0,2.0,11.0,4.0,4.0,3.0,5.0,2.0,0.0,0.0,0.0,2.0,1.0,0.0,2.0,3.0,0.0,1.0,0.0,4.0,1.0,1.0,18.0,0.0,0.0,0.0,2.0,1.0,0.0,7.0,1.0,1.0,0.0,2.0,4.0,2.0,0.0,0.0,0.0,2.0,2.0,0.0,3.0,4.0,1.0,0.0,4.0,0.0,5.0,0.0,0.0,1.0,0.0,0.0,2.0,2.0,0.0,3.0,3.0,1.0,1.0,22.0,0.0,0.0,1.0,4.0,1.0,5.0,1.0,8.0,14.0,7.0,0.0,0.0,0.0,5.0,3.0,0.0,0.0,0.0,2.0,0.0,0.0,9.0,0.0,0.0,1.0,0.0,0.0,13.0,11.0,4.0,0.0,0.0,6.0,0.0,2.0,0.0,0.0,9.0,6.0
34,206068992.0,0.0,0.0,0.0,0.0,3.0,0.0,0.0,0.0,0.0,0.0,0.0,0.0,0.0,0.0,0.0,0.0,0.0,0.0,0.0,0.0,0.0,0.0,0.0,1.0,0.0,0.0,0.0,0.0,0.0,0.0,0.0,0.0,0.0,0.0,0.0,0.0,0.0,0.0,0.0,0.0,0.0,1.0,0.0,0.0,0.0,0.0,0.0,0.0,0.0,1.0,0.0,0.0,0.0,0.0,0.0,0.0,0.0,0.0,0.0,0.0,3.0,0.0,0.0,0.0,0.0,0.0,0.0,0.0,0.0,0.0,0.0,0.0,0.0,0.0,0.0,0.0,0.0,0.0,0.0,0.0,0.0,0.0,0.0,0.0,0.0,0.0,0.0,0.0,0.0,0.0,0.0,0.0,0.0,0.0,1.0,0.0,0.0,0.0,0.0,0.0,1.0,0.0,0.0,0.0,0.0,0.0,0.0,0.0,0.0,0.0,0.0,0.0,0.0,1.0,0.0,0.0,0.0,0.0,1.0,0.0,0.0,0.0,0.0,0.0,1.0
35,206982180.0,0.0,8.0,1.0,0.0,0.0,1.0,4.0,1.0,0.0,0.0,0.0,0.0,0.0,1.0,0.0,0.0,0.0,0.0,0.0,0.0,2.0,0.0,2.0,1.0,0.0,0.0,3.0,1.0,0.0,1.0,1.0,1.0,0.0,0.0,0.0,0.0,0.0,0.0,0.0,3.0,0.0,0.0,0.0,1.0,2.0,0.0,0.0,1.0,0.0,0.0,8.0,0.0,0.0,3.0,0.0,5.0,0.0,14.0,1.0,0.0,0.0,0.0,1.0,0.0,0.0,0.0,0.0,1.0,9.0,0.0,1.0,0.0,0.0,0.0,1.0,6.0,0.0,0.0,5.0,2.0,1.0,0.0,0.0,0.0,0.0,2.0,0.0,0.0,1.0,1.0,0.0,0.0,1.0,1.0,0.0,0.0,2.0,0.0,0.0,1.0,8.0,0.0,0.0,0.0,0.0,1.0,0.0,1.0,0.0,0.0,0.0,1.0,0.0,3.0,1.0,0.0,1.0,0.0,1.0,0.0,0.0,0.0,0.0,1.0,0.0
36,210027805.0,5.0,1.0,2.0,1.0,0.0,1.0,1.0,0.0,6.0,0.0,1.0,1.0,2.0,1.0,1.0,0.0,0.0,0.0,1.0,0.0,7.0,4.0,6.0,12.0,0.0,2.0,4.0,1.0,0.0,1.0,136.0,1.0,2.0,0.0,0.0,0.0,2.0,0.0,1.0,0.0,0.0,1.0,0.0,12.0,1.0,1.0,2.0,0.0,0.0,0.0,3.0,0.0,0.0,19.0,1.0,0.0,1.0,4.0,1.0,16.0,0.0,0.0,0.0,0.0,0.0,0.0,6.0,3.0,4.0,1.0,18.0,0.0,0.0,0.0,0.0,2.0,0.0,0.0,2.0,2.0,0.0,2.0,0.0,1.0,1.0,11.0,0.0,0.0,1.0,8.0,0.0,0.0,0.0,3.0,2.0,1.0,0.0,0.0,0.0,2.0,3.0,0.0,0.0,0.0,1.0,0.0,0.0,2.0,1.0,1.0,1.0,0.0,1.0,5.0,0.0,0.0,0.0,0.0,3.0,0.0,0.0,0.0,0.0,2.0,3.0
37,213035389.0,7.0,1.0,1.0,1.0,0.0,0.0,2.0,1.0,2.0,0.0,1.0,1.0,1.0,1.0,1.0,0.0,0.0,0.0,2.0,0.0,7.0,7.0,4.0,5.0,0.0,0.0,6.0,1.0,0.0,1.0,16.0,2.0,1.0,0.0,0.0,2.0,0.0,0.0,0.0,1.0,1.0,2.0,0.0,12.0,1.0,1.0,1.0,0.0,0.0,0.0,5.0,0.0,0.0,21.0,2.0,0.0,1.0,4.0,1.0,4.0,0.0,0.0,0.0,0.0,0.0,0.0,5.0,1.0,7.0,0.0,8.0,0.0,0.0,0.0,0.0,1.0,0.0,1.0,0.0,9.0,0.0,2.0,0.0,2.0,3.0,8.0,0.0,0.0,1.0,11.0,2.0,1.0,0.0,6.0,1.0,3.0,1.0,0.0,0.0,3.0,3.0,0.0,0.0,0.0,1.0,3.0,1.0,1.0,0.0,0.0,2.0,0.0,1.0,11.0,5.0,2.0,0.0,0.0,1.0,0.0,0.0,0.0,0.0,2.0,4.0
38,2202393870.0,0.0,1.0,0.0,0.0,0.0,0.0,0.0,0.0,0.0,0.0,1.0,0.0,0.0,0.0,0.0,0.0,0.0,0.0,0.0,0.0,0.0,0.0,0.0,0.0,0.0,0.0,0.0,0.0,3.0,0.0,2.0,0.0,0.0,0.0,0.0,0.0,0.0,0.0,0.0,0.0,0.0,0.0,0.0,0.0,0.0,0.0,0.0,0.0,0.0,0.0,1.0,0.0,0.0,0.0,0.0,0.0,0.0,0.0,1.0,0.0,0.0,0.0,0.0,0.0,0.0,0.0,0.0,0.0,0.0,1.0,0.0,0.0,0.0,0.0,0.0,0.0,0.0,0.0,0.0,0.0,0.0,0.0,0.0,0.0,0.0,0.0,0.0,0.0,0.0,0.0,0.0,0.0,0.0,5.0,0.0,2.0,0.0,0.0,0.0,3.0,0.0,0.0,0.0,0.0,0.0,0.0,0.0,0.0,0.0,0.0,0.0,0.0,0.0,28.0,0.0,0.0,0.0,0.0,0.0,0.0,0.0,0.0,5.0,1.0,0.0
39,2222321212.0,3.0,0.0,0.0,0.0,1.0,0.0,0.0,0.0,1.0,0.0,0.0,0.0,1.0,0.0,0.0,1.0,0.0,0.0,1.0,0.0,2.0,2.0,0.0,0.0,0.0,1.0,2.0,1.0,0.0,1.0,2.0,2.0,2.0,0.0,0.0,1.0,0.0,0.0,0.0,1.0,0.0,0.0,1.0,2.0,0.0,0.0,1.0,0.0,0.0,0.0,1.0,0.0,0.0,4.0,0.0,0.0,0.0,4.0,2.0,1.0,0.0,1.0,0.0,0.0,0.0,0.0,1.0,1.0,1.0,1.0,3.0,1.0,3.0,0.0,0.0,0.0,1.0,1.0,1.0,1.0,0.0,0.0,0.0,1.0,1.0,3.0,0.0,0.0,0.0,2.0,0.0,0.0,1.0,4.0,1.0,0.0,0.0,0.0,0.0,3.0,2.0,0.0,0.0,0.0,1.0,0.0,0.0,1.0,0.0,0.0,1.0,0.0,0.0,6.0,1.0,1.0,0.0,1.0,4.0,0.0,0.0,0.0,0.0,2.0,0.0
40,2242969822.0,3.0,1.0,2.0,0.0,0.0,1.0,2.0,12.0,0.0,0.0,0.0,0.0,0.0,2.0,5.0,8.0,0.0,0.0,13.0,0.0,2.0,1.0,2.0,2.0,0.0,0.0,24.0,6.0,0.0,1.0,3.0,1.0,3.0,0.0,3.0,0.0,1.0,0.0,1.0,0.0,0.0,0.0,1.0,2.0,0.0,0.0,6.0,0.0,0.0,0.0,2.0,0.0,0.0,3.0,0.0,0.0,0.0,4.0,2.0,0.0,0.0,0.0,0.0,3.0,4.0,0.0,3.0,1.0,5.0,0.0,5.0,0.0,0.0,0.0,1.0,0.0,0.0,0.0,0.0,4.0,0.0,0.0,2.0,0.0,2.0,13.0,0.0,0.0,1.0,7.0,0.0,3.0,6.0,4.0,2.0,0.0,7.0,0.0,0.0,3.0,0.0,1.0,3.0,0.0,0.0,1.0,0.0,25.0,0.0,0.0,0.0,1.0,1.0,7.0,20.0,7.0,0.0,0.0,3.0,3.0,3.0,0.0,0.0,16.0,16.0
41,22658872.0,15.0,0.0,0.0,0.0,0.0,3.0,0.0,1.0,1.0,0.0,0.0,0.0,0.0,0.0,0.0,0.0,0.0,0.0,0.0,0.0,1.0,0.0,0.0,1.0,0.0,1.0,1.0,0.0,0.0,8.0,1.0,0.0,0.0,0.0,0.0,0.0,1.0,0.0,0.0,0.0,0.0,1.0,0.0,0.0,0.0,0.0,1.0,0.0,0.0,0.0,1.0,0.0,3.0,0.0,1.0,0.0,1.0,0.0,0.0,1.0,0.0,0.0,0.0,0.0,0.0,0.0,1.0,0.0,0.0,1.0,1.0,0.0,0.0,0.0,0.0,0.0,7.0,0.0,0.0,1.0,0.0,2.0,0.0,57.0,0.0,0.0,0.0,0.0,3.0,0.0,0.0,0.0,0.0,1.0,0.0,1.0,0.0,2.0,0.0,1.0,1.0,0.0,0.0,1.0,1.0,0.0,0.0,0.0,2.0,0.0,1.0,0.0,0.0,1.0,0.0,0.0,0.0,0.0,68.0,0.0,0.0,0.0,0.0,0.0,0.0
42,2357574288.0,2.0,1.0,1.0,1.0,0.0,1.0,1.0,0.0,0.0,0.0,1.0,1.0,1.0,0.0,1.0,0.0,0.0,0.0,0.0,0.0,2.0,1.0,1.0,1.0,0.0,1.0,1.0,1.0,0.0,2.0,3.0,1.0,1.0,1.0,0.0,1.0,2.0,0.0,0.0,0.0,1.0,0.0,1.0,2.0,1.0,1.0,1.0,0.0,0.0,0.0,1.0,0.0,3.0,2.0,5.0,0.0,0.0,1.0,0.0,2.0,2.0,0.0,0.0,0.0,0.0,0.0,0.0,0.0,2.0,1.0,8.0,0.0,0.0,0.0,0.0,1.0,3.0,0.0,0.0,0.0,0.0,2.0,0.0,4.0,1.0,1.0,0.0,0.0,2.0,1.0,0.0,0.0,0.0,1.0,0.0,1.0,0.0,5.0,0.0,2.0,1.0,0.0,0.0,1.0,0.0,0.0,0.0,1.0,1.0,0.0,0.0,0.0,0.0,1.0,1.0,0.0,0.0,2.0,4.0,0.0,0.0,0.0,0.0,1.0,0.0
43,236425078.0,0.0,0.0,0.0,0.0,0.0,0.0,2.0,0.0,0.0,0.0,0.0,0.0,0.0,0.0,0.0,0.0,0.0,0.0,1.0,0.0,0.0,0.0,0.0,0.0,0.0,0.0,1.0,1.0,0.0,0.0,1.0,4.0,0.0,0.0,0.0,0.0,0.0,0.0,1.0,1.0,0.0,1.0,0.0,0.0,0.0,0.0,0.0,0.0,0.0,0.0,0.0,0.0,1.0,1.0,5.0,0.0,0.0,1.0,0.0,0.0,0.0,4.0,0.0,0.0,0.0,0.0,1.0,0.0,2.0,0.0,0.0,0.0,0.0,0.0,0.0,3.0,0.0,0.0,0.0,2.0,0.0,1.0,0.0,3.0,0.0,3.0,0.0,0.0,0.0,2.0,0.0,1.0,0.0,0.0,0.0,0.0,0.0,1.0,0.0,0.0,0.0,2.0,0.0,0.0,0.0,1.0,0.0,0.0,0.0,0.0,0.0,1.0,0.0,0.0,1.0,0.0,0.0,0.0,3.0,0.0,0.0,0.0,0.0,0.0,1.0
44,236636589.0,27.0,3.0,2.0,1.0,0.0,2.0,5.0,3.0,2.0,0.0,1.0,1.0,2.0,3.0,2.0,1.0,0.0,0.0,3.0,0.0,23.0,17.0,6.0,12.0,0.0,0.0,13.0,2.0,1.0,1.0,84.0,10.0,4.0,0.0,1.0,12.0,12.0,0.0,2.0,2.0,0.0,2.0,0.0,0.0,1.0,1.0,6.0,1.0,0.0,0.0,11.0,0.0,0.0,156.0,1.0,2.0,0.0,10.0,8.0,17.0,0.0,0.0,0.0,0.0,0.0,0.0,18.0,9.0,16.0,1.0,18.0,0.0,4.0,0.0,0.0,1.0,0.0,0.0,5.0,19.0,0.0,4.0,1.0,2.0,10.0,31.0,0.0,0.0,2.0,28.0,8.0,5.0,4.0,14.0,12.0,6.0,1.0,0.0,0.0,7.0,3.0,5.0,0.0,0.0,2.0,5.0,0.0,7.0,2.0,1.0,1.0,1.0,1.0,34.0,13.0,2.0,0.0,0.0,13.0,0.0,0.0,0.0,0.0,4.0,7.0
45,239229224.0,1.0,27.0,1.0,1.0,0.0,0.0,33.0,0.0,0.0,2.0,1.0,1.0,1.0,0.0,1.0,0.0,0.0,0.0,0.0,0.0,1.0,0.0,1.0,0.0,0.0,0.0,1.0,1.0,0.0,1.0,1.0,1.0,1.0,0.0,2.0,1.0,1.0,0.0,0.0,0.0,0.0,1.0,0.0,1.0,0.0,1.0,0.0,6.0,0.0,0.0,38.0,0.0,0.0,2.0,1.0,20.0,0.0,54.0,0.0,1.0,0.0,0.0,2.0,0.0,0.0,0.0,0.0,0.0,53.0,0.0,1.0,0.0,0.0,0.0,5.0,17.0,0.0,0.0,9.0,0.0,0.0,1.0,0.0,1.0,1.0,1.0,0.0,0.0,1.0,0.0,0.0,0.0,0.0,1.0,0.0,1.0,0.0,0.0,0.0,1.0,21.0,0.0,0.0,0.0,0.0,0.0,0.0,1.0,0.0,2.0,0.0,5.0,0.0,3.0,0.0,0.0,0.0,0.0,1.0,0.0,0.0,0.0,0.0,1.0,0.0
46,240556445.0,1.0,1.0,1.0,1.0,0.0,0.0,2.0,0.0,0.0,0.0,1.0,1.0,1.0,0.0,1.0,0.0,0.0,0.0,0.0,0.0,1.0,0.0,1.0,3.0,0.0,0.0,1.0,1.0,0.0,1.0,1.0,1.0,1.0,0.0,0.0,1.0,1.0,0.0,0.0,0.0,0.0,1.0,0.0,1.0,1.0,0.0,0.0,0.0,0.0,0.0,1.0,0.0,0.0,2.0,1.0,1.0,0.0,4.0,0.0,1.0,0.0,0.0,2.0,0.0,0.0,0.0,0.0,0.0,3.0,0.0,2.0,0.0,0.0,1.0,0.0,4.0,0.0,0.0,0.0,2.0,0.0,1.0,0.0,1.0,1.0,1.0,0.0,0.0,1.0,0.0,0.0,1.0,0.0,1.0,0.0,1.0,0.0,0.0,0.0,1.0,4.0,0.0,0.0,0.0,0.0,0.0,0.0,1.0,0.0,0.0,0.0,3.0,0.0,0.0,0.0,0.0,0.0,0.0,1.0,0.0,0.0,2.0,0.0,1.0,1.0
47,241084857.0,10.0,0.0,0.0,0.0,0.0,1.0,0.0,2.0,6.0,0.0,0.0,0.0,0.0,5.0,2.0,5.0,0.0,0.0,6.0,0.0,4.0,2.0,0.0,1.0,0.0,2.0,10.0,1.0,10.0,1.0,8.0,1.0,18.0,0.0,0.0,2.0,1.0,0.0,1.0,6.0,1.0,1.0,0.0,6.0,0.0,0.0,0.0,0.0,0.0,0.0,2.0,0.0,1.0,23.0,1.0,1.0,0.0,1.0,2.0,4.0,0.0,0.0,0.0,2.0,2.0,0.0,2.0,3.0,1.0,3.0,5.0,0.0,2.0,0.0,0.0,0.0,2.0,1.0,0.0,3.0,0.0,4.0,0.0,1.0,1.0,35.0,0.0,0.0,3.0,3.0,2.0,2.0,3.0,4.0,3.0,3.0,1.0,1.0,0.0,4.0,2.0,0.0,0.0,1.0,0.0,0.0,1.0,8.0,2.0,6.0,5.0,0.0,0.0,7.0,13.0,2.0,0.0,0.0,7.0,4.0,0.0,0.0,0.0,7.0,5.0
48,244130360.0,0.0,6.0,0.0,0.0,0.0,0.0,7.0,0.0,0.0,2.0,0.0,0.0,0.0,0.0,0.0,0.0,0.0,0.0,0.0,0.0,0.0,0.0,2.0,0.0,0.0,0.0,1.0,0.0,0.0,0.0,0.0,0.0,0.0,0.0,1.0,0.0,0.0,0.0,0.0,0.0,0.0,0.0,0.0,1.0,6.0,0.0,0.0,0.0,0.0,0.0,10.0,0.0,0.0,0.0,0.0,3.0,0.0,17.0,0.0,0.0,0.0,0.0,1.0,0.0,0.0,0.0,0.0,0.0,11.0,0.0,2.0,0.0,0.0,0.0,2.0,5.0,0.0,0.0,6.0,0.0,1.0,0.0,0.0,0.0,0.0,0.0,0.0,0.0,0.0,1.0,0.0,0.0,0.0,3.0,0.0,0.0,0.0,0.0,0.0,1.0,13.0,0.0,0.0,0.0,0.0,0.0,0.0,0.0,0.0,2.0,0.0,1.0,0.0,2.0,0.0,0.0,0.0,0.0,0.0,0.0,0.0,0.0,0.0,0.0,0.0
49,249596404.0,1.0,0.0,0.0,0.0,0.0,0.0,0.0,1.0,0.0,0.0,0.0,0.0,0.0,1.0,0.0,0.0,0.0,0.0,1.0,0.0,0.0,0.0,0.0,0.0,0.0,0.0,1.0,1.0,0.0,0.0,0.0,0.0,0.0,0.0,0.0,0.0,0.0,0.0,0.0,0.0,0.0,0.0,0.0,0.0,0.0,0.0,0.0,0.0,0.0,0.0,0.0,0.0,0.0,0.0,0.0,0.0,0.0,0.0,2.0,0.0,0.0,0.0,0.0,0.0,1.0,0.0,0.0,0.0,0.0,0.0,0.0,0.0,0.0,0.0,0.0,0.0,0.0,1.0,0.0,0.0,0.0,0.0,1.0,1.0,0.0,1.0,0.0,0.0,0.0,1.0,0.0,0.0,0.0,0.0,0.0,2.0,0.0,0.0,0.0,0.0,0.0,0.0,0.0,0.0,0.0,0.0,0.0,1.0,0.0,0.0,0.0,0.0,0.0,0.0,1.0,1.0,0.0,0.0,0.0,0.0,1.0,0.0,0.0,1.0,0.0
50,2497200256.0,0.0,0.0,0.0,0.0,1.0,0.0,0.0,0.0,0.0,0.0,0.0,0.0,0.0,0.0,0.0,0.0,0.0,0.0,0.0,0.0,2.0,0.0,0.0,0.0,0.0,0.0,0.0,0.0,0.0,0.0,0.0,0.0,0.0,1.0,0.0,0.0,0.0,0.0,0.0,0.0,0.0,0.0,0.0,0.0,0.0,0.0,0.0,0.0,0.0,0.0,0.0,0.0,0.0,3.0,0.0,1.0,0.0,0.0,0.0,0.0,1.0,0.0,0.0,0.0,0.0,0.0,0.0,0.0,1.0,0.0,1.0,0.0,0.0,0.0,0.0,0.0,0.0,0.0,0.0,0.0,0.0,1.0,0.0,1.0,1.0,0.0,0.0,0.0,0.0,1.0,0.0,0.0,0.0,1.0,0.0,0.0,0.0,0.0,0.0,0.0,0.0,3.0,0.0,0.0,0.0,5.0,0.0,0.0,1.0,0.0,0.0,0.0,0.0,1.0,1.0,1.0,0.0,0.0,0.0,0.0,0.0,0.0,0.0,0.0,0.0
51,251591728.0,12.0,50.0,1.0,0.0,0.0,0.0,54.0,1.0,4.0,5.0,0.0,0.0,1.0,0.0,1.0,0.0,0.0,0.0,6.0,0.0,14.0,9.0,3.0,4.0,0.0,1.0,11.0,1.0,0.0,0.0,21.0,2.0,2.0,0.0,8.0,3.0,5.0,1.0,1.0,2.0,1.0,1.0,0.0,11.0,38.0,1.0,2.0,10.0,0.0,0.0,0.0,0.0,0.0,33.0,1.0,34.0,1.0,156.0,1.0,7.0,0.0,0.0,6.0,0.0,0.0,0.0,15.0,6.0,143.0,0.0,14.0,0.0,0.0,0.0,6.0,18.0,0.0,1.0,43.0,14.0,0.0,0.0,0.0,3.0,1.0,15.0,0.0,0.0,0.0,14.0,1.0,0.0,0.0,19.0,1.0,1.0,3.0,0.0,0.0,4.0,48.0,3.0,1.0,0.0,4.0,1.0,1.0,1.0,1.0,4.0,3.0,10.0,0.0,32.0,4.0,2.0,1.0,0.0,1.0,0.0,0.0,0.0,4.0,3.0,2.0
52,2517223020.0,0.0,0.0,0.0,0.0,0.0,0.0,0.0,0.0,0.0,0.0,0.0,0.0,0.0,2.0,7.0,0.0,0.0,0.0,0.0,0.0,0.0,0.0,0.0,0.0,0.0,0.0,0.0,0.0,0.0,0.0,0.0,0.0,1.0,0.0,0.0,0.0,0.0,0.0,0.0,0.0,0.0,0.0,0.0,0.0,0.0,0.0,0.0,0.0,0.0,0.0,0.0,0.0,0.0,0.0,0.0,0.0,0.0,0.0,5.0,0.0,0.0,0.0,0.0,0.0,0.0,1.0,0.0,0.0,0.0,3.0,0.0,0.0,0.0,0.0,0.0,0.0,0.0,0.0,0.0,0.0,0.0,0.0,2.0,0.0,0.0,4.0,0.0,0.0,0.0,0.0,0.0,0.0,2.0,0.0,1.0,6.0,0.0,0.0,0.0,0.0,0.0,0.0,0.0,0.0,0.0,0.0,0.0,0.0,0.0,0.0,0.0,0.0,0.0,0.0,0.0,0.0,0.0,0.0,0.0,0.0,1.0,0.0,0.0,1.0,0.0
53,2704055222.0,12.0,0.0,0.0,0.0,0.0,12.0,0.0,0.0,0.0,0.0,0.0,0.0,0.0,0.0,0.0,0.0,0.0,0.0,0.0,0.0,0.0,0.0,0.0,0.0,0.0,1.0,0.0,0.0,0.0,12.0,3.0,0.0,0.0,0.0,0.0,0.0,0.0,0.0,0.0,0.0,3.0,3.0,1.0,0.0,0.0,0.0,1.0,0.0,0.0,0.0,0.0,0.0,0.0,0.0,1.0,0.0,0.0,0.0,0.0,3.0,1.0,1.0,0.0,0.0,0.0,0.0,0.0,0.0,0.0,1.0,3.0,0.0,0.0,0.0,0.0,0.0,8.0,0.0,0.0,0.0,0.0,6.0,0.0,64.0,0.0,0.0,0.0,0.0,17.0,0.0,0.0,0.0,0.0,0.0,1.0,0.0,0.0,12.0,0.0,1.0,0.0,0.0,0.0,4.0,0.0,0.0,0.0,0.0,4.0,0.0,0.0,0.0,0.0,0.0,0.0,0.0,0.0,0.0,68.0,0.0,0.0,0.0,0.0,0.0,0.0
54,272219076.0,45.0,2.0,4.0,1.0,1.0,0.0,18.0,2.0,8.0,0.0,2.0,1.0,4.0,5.0,3.0,1.0,0.0,1.0,8.0,2.0,74.0,38.0,13.0,23.0,0.0,1.0,20.0,4.0,2.0,2.0,134.0,6.0,7.0,0.0,3.0,19.0,21.0,0.0,4.0,3.0,0.0,2.0,1.0,156.0,2.0,2.0,23.0,0.0,0.0,3.0,33.0,0.0,0.0,0.0,1.0,9.0,1.0,22.0,4.0,33.0,0.0,7.0,2.0,0.0,3.0,0.0,34.0,18.0,29.0,2.0,41.0,0.0,2.0,1.0,5.0,11.0,1.0,7.0,4.0,44.0,0.0,3.0,0.0,5.0,36.0,79.0,0.0,0.0,1.0,75.0,21.0,12.0,3.0,23.0,14.0,7.0,2.0,0.0,0.0,10.0,15.0,52.0,1.0,0.0,2.0,39.0,1.0,7.0,12.0,9.0,4.0,1.0,1.0,67.0,31.0,9.0,0.0,0.0,12.0,0.0,0.0,0.0,3.0,7.0,16.0
55,275098615.0,3.0,1.0,1.0,1.0,0.0,0.0,1.0,1.0,1.0,0.0,1.0,1.0,1.0,0.0,1.0,0.0,0.0,0.0,0.0,0.0,2.0,0.0,1.0,1.0,0.0,0.0,2.0,1.0,0.0,1.0,2.0,5.0,1.0,0.0,0.0,1.0,2.0,0.0,0.0,0.0,1.0,5.0,5.0,1.0,1.0,1.0,1.0,0.0,0.0,0.0,1.0,0.0,1.0,1.0,0.0,0.0,1.0,1.0,0.0,1.0,5.0,1.0,0.0,0.0,0.0,0.0,1.0,0.0,1.0,0.0,3.0,0.0,0.0,0.0,0.0,1.0,2.0,0.0,0.0,1.0,0.0,1.0,0.0,5.0,1.0,1.0,0.0,0.0,1.0,0.0,0.0,0.0,0.0,2.0,0.0,2.0,0.0,3.0,0.0,1.0,2.0,0.0,0.0,1.0,1.0,0.0,0.0,1.0,0.0,0.0,1.0,0.0,0.0,1.0,0.0,0.0,0.0,3.0,7.0,0.0,0.0,0.0,0.0,1.0,1.0
56,277311420.0,0.0,33.0,0.0,0.0,0.0,0.0,26.0,0.0,0.0,6.0,0.0,0.0,0.0,1.0,0.0,0.0,0.0,0.0,0.0,0.0,4.0,1.0,0.0,0.0,0.0,0.0,0.0,0.0,0.0,0.0,2.0,1.0,1.0,0.0,5.0,0.0,0.0,0.0,0.0,0.0,0.0,0.0,0.0,2.0,20.0,1.0,1.0,3.0,0.0,1.0,34.0,0.0,0.0,9.0,0.0,0.0,0.0,78.0,2.0,1.0,0.0,0.0,1.0,0.0,0.0,0.0,0.0,0.0,79.0,0.0,1.0,0.0,0.0,0.0,6.0,10.0,0.0,0.0,33.0,0.0,0.0,0.0,0.0,1.0,6.0,1.0,0.0,0.0,0.0,3.0,2.0,0.0,0.0,7.0,0.0,0.0,1.0,0.0,0.0,1.0,23.0,7.0,0.0,0.0,3.0,10.0,0.0,1.0,4.0,1.0,0.0,1.0,0.0,15.0,6.0,3.0,1.0,0.0,0.0,0.0,0.0,0.0,1.0,1.0,0.0
57,2776025982.0,3.0,0.0,0.0,0.0,0.0,1.0,0.0,1.0,2.0,0.0,0.0,0.0,0.0,0.0,0.0,0.0,0.0,0.0,0.0,0.0,3.0,1.0,0.0,1.0,0.0,0.0,3.0,0.0,0.0,0.0,1.0,0.0,0.0,0.0,0.0,1.0,1.0,0.0,0.0,0.0,1.0,0.0,0.0,0.0,0.0,0.0,0.0,0.0,0.0,0.0,1.0,0.0,0.0,1.0,1.0,0.0,0.0,0.0,1.0,0.0,0.0,0.0,0.0,0.0,0.0,0.0,1.0,1.0,0.0,0.0,0.0,0.0,0.0,0.0,0.0,0.0,0.0,0.0,0.0,2.0,0.0,0.0,0.0,1.0,0.0,0.0,0.0,0.0,1.0,1.0,1.0,0.0,0.0,1.0,0.0,1.0,0.0,0.0,0.0,2.0,1.0,0.0,0.0,0.0,1.0,1.0,0.0,1.0,0.0,0.0,1.0,0.0,0.0,1.0,1.0,0.0,0.0,0.0,0.0,0.0,0.0,0.0,0.0,1.0,1.0
58,282151736.0,7.0,91.0,2.0,1.0,1.0,1.0,96.0,3.0,2.0,16.0,3.0,1.0,2.0,4.0,3.0,0.0,0.0,1.0,3.0,2.0,11.0,8.0,5.0,9.0,15.0,1.0,8.0,3.0,0.0,3.0,14.0,5.0,2.0,0.0,14.0,4.0,4.0,0.0,4.0,4.0,0.0,1.0,1.0,10.0,54.0,4.0,1.0,17.0,0.0,0.0,156.0,0.0,0.0,22.0,1.0,78.0,0.0,0.0,6.0,3.0,0.0,0.0,32.0,0.0,2.0,1.0,16.0,7.0,300.0,2.0,13.0,0.0,14.0,1.0,9.0,73.0,0.0,1.0,116.0,11.0,4.0,3.0,0.0,1.0,5.0,17.0,0.0,0.0,2.0,11.0,3.0,4.0,4.0,28.0,5.0,8.0,3.0,0.0,0.0,9.0,105.0,3.0,1.0,0.0,3.0,2.0,0.0,6.0,1.0,10.0,1.0,156.0,0.0,52.0,5.0,2.0,1.0,0.0,6.0,0.0,1.0,1.0,8.0,5.0,10.0
59,28384930.0,3.0,1.0,0.0,0.0,0.0,1.0,1.0,6.0,5.0,0.0,0.0,0.0,1.0,86.0,20.0,1.0,0.0,0.0,9.0,0.0,2.0,2.0,1.0,1.0,0.0,1.0,22.0,3.0,2.0,1.0,3.0,2.0,4.0,0.0,1.0,1.0,1.0,1.0,2.0,2.0,0.0,0.0,0.0,8.0,0.0,0.0,2.0,0.0,2.0,0.0,1.0,5.0,0.0,4.0,0.0,2.0,1.0,6.0,0.0,2.0,0.0,2.0,0.0,4.0,2.0,0.0,2.0,2.0,3.0,2.0,1.0,1.0,2.0,0.0,0.0,0.0,0.0,3.0,1.0,7.0,0.0,1.0,5.0,1.0,3.0,59.0,0.0,0.0,1.0,7.0,0.0,10.0,1.0,7.0,1.0,59.0,2.0,0.0,1.0,4.0,3.0,1.0,1.0,0.0,1.0,2.0,0.0,54.0,1.0,0.0,1.0,0.0,0.0,12.0,21.0,11.0,0.0,0.0,5.0,0.0,0.0,0.0,6.0,24.0,22.0
60,28562728.0,12.0,1.0,2.0,1.0,1.0,5.0,1.0,0.0,0.0,0.0,1.0,3.0,1.0,0.0,2.0,0.0,0.0,0.0,2.0,0.0,5.0,4.0,11.0,9.0,0.0,24.0,6.0,1.0,0.0,6.0,87.0,2.0,2.0,0.0,0.0,16.0,4.0,0.0,1.0,0.0,1.0,2.0,0.0,17.0,1.0,1.0,4.0,0.0,0.0,0.0,7.0,0.0,3.0,33.0,1.0,1.0,0.0,3.0,2.0,0.0,0.0,0.0,0.0,0.0,0.0,1.0,14.0,2.0,5.0,12.0,36.0,1.0,0.0,0.0,0.0,1.0,7.0,1.0,2.0,3.0,0.0,12.0,1.0,15.0,4.0,8.0,0.0,0.0,9.0,13.0,0.0,2.0,0.0,2.0,2.0,3.0,0.0,2.0,0.0,2.0,2.0,5.0,0.0,2.0,0.0,4.0,0.0,2.0,21.0,0.0,0.0,1.0,1.0,6.0,2.0,2.0,0.0,0.0,20.0,0.0,1.0,0.0,3.0,5.0,3.0
61,286642746.0,4.0,0.0,0.0,0.0,7.0,0.0,1.0,0.0,0.0,0.0,0.0,0.0,0.0,0.0,0.0,0.0,0.0,0.0,0.0,0.0,0.0,0.0,0.0,0.0,0.0,0.0,0.0,0.0,0.0,4.0,0.0,0.0,0.0,3.0,0.0,0.0,0.0,0.0,0.0,0.0,0.0,2.0,0.0,0.0,0.0,0.0,0.0,0.0,0.0,1.0,0.0,0.0,1.0,0.0,5.0,0.0,0.0,0.0,0.0,0.0,0.0,1.0,0.0,0.0,0.0,0.0,0.0,0.0,0.0,0.0,2.0,0.0,0.0,0.0,0.0,0.0,2.0,0.0,0.0,0.0,0.0,0.0,0.0,5.0,0.0,0.0,0.0,0.0,0.0,0.0,0.0,0.0,0.0,0.0,0.0,0.0,0.0,2.0,0.0,0.0,0.0,1.0,0.0,0.0,0.0,0.0,0.0,0.0,0.0,0.0,0.0,0.0,0.0,0.0,0.0,0.0,0.0,0.0,14.0,0.0,0.0,0.0,0.0,0.0,0.0
62,2890182739.0,1.0,0.0,3.0,0.0,0.0,0.0,0.0,0.0,0.0,0.0,0.0,0.0,0.0,0.0,0.0,0.0,0.0,0.0,0.0,0.0,0.0,0.0,0.0,0.0,0.0,0.0,0.0,0.0,0.0,1.0,0.0,6.0,0.0,0.0,0.0,0.0,0.0,0.0,1.0,0.0,0.0,0.0,4.0,0.0,0.0,0.0,0.0,0.0,0.0,0.0,0.0,0.0,1.0,7.0,1.0,0.0,0.0,0.0,2.0,0.0,1.0,0.0,0.0,0.0,0.0,0.0,0.0,2.0,0.0,1.0,0.0,0.0,0.0,0.0,0.0,0.0,0.0,0.0,0.0,0.0,0.0,0.0,0.0,1.0,1.0,0.0,0.0,0.0,0.0,1.0,0.0,0.0,0.0,0.0,2.0,0.0,0.0,0.0,0.0,0.0,0.0,0.0,0.0,0.0,0.0,0.0,0.0,0.0,0.0,0.0,0.0,0.0,0.0,1.0,0.0,0.0,0.0,0.0,3.0,0.0,0.0,0.0,0.0,0.0,0.0
63,289291014.0,0.0,3.0,0.0,0.0,0.0,0.0,5.0,0.0,2.0,1.0,0.0,0.0,0.0,0.0,1.0,0.0,0.0,0.0,0.0,0.0,0.0,0.0,0.0,9.0,1.0,0.0,1.0,0.0,0.0,0.0,0.0,0.0,0.0,0.0,1.0,0.0,0.0,0.0,0.0,0.0,0.0,0.0,0.0,0.0,2.0,2.0,0.0,1.0,0.0,0.0,6.0,0.0,0.0,2.0,0.0,1.0,0.0,32.0,0.0,0.0,0.0,0.0,0.0,0.0,0.0,0.0,7.0,0.0,22.0,0.0,0.0,0.0,0.0,0.0,0.0,12.0,0.0,0.0,2.0,0.0,0.0,4.0,0.0,0.0,0.0,1.0,0.0,0.0,0.0,0.0,0.0,3.0,0.0,1.0,0.0,0.0,0.0,0.0,0.0,0.0,7.0,0.0,0.0,0.0,0.0,0.0,0.0,1.0,0.0,0.0,0.0,28.0,0.0,0.0,0.0,0.0,0.0,0.0,0.0,0.0,0.0,0.0,0.0,0.0,3.0
64,2920414398.0,0.0,0.0,2.0,0.0,0.0,0.0,0.0,6.0,0.0,0.0,0.0,0.0,0.0,4.0,8.0,7.0,0.0,0.0,6.0,0.0,0.0,0.0,0.0,0.0,0.0,0.0,17.0,1.0,0.0,1.0,0.0,0.0,2.0,0.0,0.0,0.0,0.0,0.0,0.0,3.0,0.0,0.0,0.0,0.0,0.0,0.0,2.0,0.0,0.0,0.0,0.0,0.0,0.0,0.0,0.0,0.0,0.0,0.0,4.0,0.0,0.0,0.0,0.0,0.0,2.0,0.0,0.0,0.0,0.0,0.0,0.0,0.0,0.0,0.0,0.0,0.0,0.0,1.0,0.0,0.0,0.0,0.0,1.0,0.0,0.0,7.0,0.0,0.0,0.0,1.0,0.0,0.0,2.0,0.0,0.0,0.0,0.0,0.0,0.0,0.0,0.0,0.0,1.0,0.0,0.0,0.0,0.0,15.0,0.0,0.0,0.0,0.0,0.0,0.0,10.0,5.0,0.0,0.0,0.0,4.0,2.0,0.0,0.0,9.0,10.0
65,2921414510.0,2.0,0.0,0.0,0.0,1.0,0.0,1.0,6.0,0.0,0.0,0.0,0.0,0.0,2.0,7.0,4.0,0.0,0.0,5.0,0.0,1.0,1.0,0.0,0.0,0.0,0.0,10.0,2.0,1.0,2.0,0.0,0.0,2.0,0.0,0.0,0.0,0.0,0.0,0.0,4.0,0.0,0.0,0.0,0.0,0.0,0.0,2.0,0.0,1.0,0.0,0.0,0.0,0.0,3.0,0.0,0.0,0.0,2.0,2.0,0.0,0.0,0.0,0.0,2.0,0.0,0.0,2.0,1.0,1.0,0.0,1.0,0.0,0.0,0.0,0.0,1.0,0.0,2.0,0.0,1.0,0.0,0.0,3.0,1.0,1.0,10.0,0.0,0.0,0.0,6.0,0.0,3.0,2.0,1.0,0.0,0.0,4.0,0.0,0.0,1.0,1.0,0.0,1.0,0.0,0.0,0.0,0.0,8.0,0.0,0.0,0.0,0.0,0.0,3.0,9.0,6.0,0.0,0.0,0.0,3.0,4.0,0.0,0.0,10.0,7.0
66,2931835322.0,0.0,1.0,1.0,1.0,0.0,0.0,0.0,0.0,1.0,0.0,0.0,0.0,0.0,0.0,3.0,0.0,0.0,0.0,0.0,0.0,1.0,0.0,5.0,0.0,0.0,0.0,0.0,0.0,1.0,0.0,0.0,0.0,0.0,0.0,0.0,0.0,0.0,0.0,0.0,0.0,0.0,0.0,0.0,0.0,0.0,0.0,0.0,0.0,0.0,0.0,0.0,1.0,0.0,0.0,0.0,0.0,0.0,1.0,0.0,1.0,0.0,0.0,0.0,0.0,0.0,0.0,0.0,0.0,1.0,3.0,0.0,0.0,0.0,0.0,1.0,0.0,0.0,0.0,1.0,8.0,0.0,0.0,1.0,0.0,0.0,2.0,0.0,0.0,0.0,0.0,7.0,1.0,0.0,0.0,1.0,2.0,0.0,0.0,0.0,0.0,1.0,0.0,0.0,0.0,1.0,0.0,0.0,0.0,0.0,0.0,0.0,1.0,2.0,1.0,0.0,1.0,0.0,0.0,0.0,0.0,2.0,0.0,0.0,0.0,0.0
67,303496314.0,17.0,0.0,0.0,0.0,4.0,0.0,3.0,1.0,7.0,1.0,0.0,0.0,3.0,1.0,1.0,0.0,0.0,0.0,4.0,2.0,12.0,14.0,8.0,32.0,0.0,1.0,12.0,0.0,0.0,0.0,34.0,1.0,3.0,0.0,0.0,6.0,5.0,0.0,1.0,3.0,1.0,0.0,1.0,18.0,0.0,0.0,2.0,0.0,0.0,0.0,15.0,0.0,0.0,34.0,1.0,0.0,1.0,16.0,2.0,14.0,0.0,0.0,7.0,0.0,2.0,0.0,0.0,5.0,22.0,0.0,21.0,0.0,0.0,0.0,1.0,2.0,0.0,2.0,2.0,17.0,0.0,4.0,1.0,2.0,9.0,11.0,0.0,0.0,0.0,24.0,2.0,8.0,2.0,11.0,2.0,1.0,0.0,0.0,0.0,2.0,7.0,1.0,0.0,0.0,5.0,1.0,1.0,2.0,1.0,0.0,3.0,2.0,0.0,17.0,3.0,2.0,0.0,0.0,2.0,0.0,0.0,0.0,0.0,4.0,21.0
68,3064929809.0,11.0,2.0,2.0,0.0,1.0,1.0,0.0,2.0,4.0,0.0,0.0,0.0,1.0,0.0,0.0,0.0,0.0,0.0,2.0,0.0,8.0,7.0,1.0,2.0,0.0,1.0,3.0,2.0,1.0,0.0,7.0,2.0,4.0,0.0,1.0,3.0,1.0,0.0,1.0,1.0,0.0,0.0,0.0,9.0,0.0,0.0,3.0,0.0,0.0,0.0,6.0,0.0,0.0,18.0,0.0,0.0,1.0,7.0,2.0,2.0,0.0,2.0,0.0,0.0,1.0,0.0,5.0,0.0,4.0,0.0,6.0,0.0,3.0,0.0,1.0,0.0,0.0,0.0,1.0,7.0,0.0,0.0,0.0,0.0,1.0,10.0,0.0,0.0,1.0,7.0,3.0,2.0,1.0,3.0,1.0,2.0,0.0,0.0,0.0,4.0,1.0,0.0,0.0,0.0,2.0,1.0,0.0,2.0,0.0,0.0,3.0,0.0,0.0,9.0,1.0,0.0,0.0,0.0,3.0,0.0,0.0,0.0,0.0,2.0,2.0
69,30900969.0,6.0,81.0,2.0,1.0,1.0,0.0,90.0,1.0,2.0,11.0,1.0,1.0,1.0,1.0,3.0,0.0,0.0,0.0,6.0,4.0,8.0,8.0,6.0,21.0,1.0,0.0,9.0,6.0,0.0,1.0,23.0,2.0,1.0,0.0,9.0,4.0,7.0,0.0,1.0,5.0,0.0,2.0,2.0,16.0,53.0,3.0,1.0,11.0,0.0,1.0,143.0,0.0,0.0,29.0,1.0,79.0,0.0,300.0,3.0,5.0,0.0,0.0,22.0,0.0,1.0,1.0,22.0,4.0,0.0,0.0,18.0,0.0,0.0,0.0,24.0,43.0,0.0,0.0,112.0,13.0,1.0,5.0,0.0,2.0,8.0,16.0,0.0,0.0,1.0,20.0,2.0,7.0,1.0,33.0,2.0,4.0,6.0,0.0,0.0,4.0,87.0,3.0,1.0,0.0,0.0,3.0,0.0,3.0,3.0,6.0,0.0,16.0,1.0,48.0,8.0,2.0,0.0,0.0,2.0,0.0,1.0,0.0,3.0,5.0,13.0
70,3121961915.0,18.0,0.0,1.0,0.0,0.0,5.0,0.0,0.0,1.0,0.0,0.0,1.0,0.0,5.0,8.0,0.0,0.0,0.0,0.0,0.0,2.0,0.0,0.0,1.0,0.0,20.0,0.0,0.0,2.0,5.0,9.0,1.0,0.0,0.0,0.0,1.0,0.0,1.0,1.0,0.0,1.0,1.0,0.0,1.0,0.0,0.0,3.0,0.0,0.0,0.0,0.0,3.0,1.0,2.0,0.0,0.0,0.0,2.0,2.0,12.0,0.0,1.0,0.0,0.0,0.0,3.0,0.0,0.0,0.0,0.0,10.0,0.0,0.0,0.0,0.0,0.0,8.0,0.0,0.0,0.0,0.0,21.0,3.0,19.0,1.0,6.0,0.0,0.0,8.0,1.0,0.0,1.0,2.0,1.0,8.0,7.0,0.0,3.0,0.0,2.0,0.0,2.0,0.0,1.0,0.0,0.0,0.0,0.0,24.0,0.0,0.0,0.0,0.0,1.0,0.0,1.0,0.0,0.0,31.0,0.0,4.0,0.0,1.0,0.0,1.0
71,315724064.0,27.0,3.0,2.0,1.0,1.0,7.0,7.0,4.0,6.0,0.0,1.0,1.0,2.0,6.0,3.0,1.0,0.0,0.0,5.0,0.0,21.0,13.0,32.0,7.0,0.0,21.0,13.0,5.0,1.0,10.0,61.0,5.0,4.0,0.0,1.0,18.0,8.0,0.0,3.0,5.0,1.0,8.0,0.0,18.0,1.0,2.0,5.0,2.0,0.0,1.0,14.0,0.0,3.0,41.0,3.0,1.0,0.0,13.0,1.0,36.0,2.0,0.0,0.0,0.0,1.0,0.0,21.0,6.0,18.0,10.0,0.0,0.0,4.0,0.0,2.0,3.0,10.0,2.0,2.0,21.0,0.0,13.0,0.0,33.0,4.0,29.0,0.0,0.0,13.0,25.0,6.0,7.0,3.0,23.0,11.0,5.0,1.0,7.0,0.0,15.0,9.0,4.0,1.0,3.0,1.0,3.0,1.0,6.0,12.0,2.0,3.0,0.0,1.0,39.0,6.0,4.0,0.0,0.0,45.0,0.0,0.0,0.0,6.0,6.0,6.0
72,317932293.0,0.0,0.0,0.0,0.0,0.0,0.0,0.0,0.0,0.0,0.0,0.0,0.0,0.0,1.0,0.0,0.0,0.0,0.0,0.0,0.0,0.0,1.0,0.0,0.0,0.0,0.0,0.0,1.0,0.0,0.0,0.0,0.0,0.0,0.0,0.0,0.0,0.0,0.0,1.0,0.0,0.0,0.0,0.0,0.0,0.0,0.0,0.0,0.0,0.0,0.0,0.0,0.0,0.0,0.0,0.0,0.0,0.0,0.0,1.0,1.0,0.0,0.0,0.0,0.0,0.0,0.0,0.0,0.0,0.0,0.0,0.0,0.0,0.0,0.0,0.0,0.0,0.0,0.0,0.0,0.0,0.0,0.0,0.0,0.0,0.0,0.0,0.0,0.0,0.0,0.0,0.0,0.0,0.0,0.0,0.0,1.0,0.0,0.0,0.0,0.0,0.0,0.0,0.0,0.0,0.0,0.0,0.0,0.0,0.0,0.0,0.0,0.0,0.0,0.0,0.0,0.0,0.0,0.0,0.0,0.0,0.0,0.0,0.0,1.0,0.0
73,3180373724.0,4.0,1.0,1.0,0.0,0.0,0.0,0.0,1.0,3.0,0.0,0.0,0.0,0.0,4.0,0.0,0.0,0.0,0.0,0.0,0.0,7.0,1.0,0.0,1.0,0.0,1.0,0.0,0.0,0.0,1.0,2.0,2.0,5.0,0.0,0.0,0.0,0.0,0.0,3.0,0.0,0.0,0.0,0.0,4.0,0.0,0.0,2.0,0.0,0.0,0.0,0.0,0.0,0.0,2.0,0.0,0.0,0.0,14.0,2.0,0.0,0.0,0.0,0.0,0.0,0.0,0.0,0.0,3.0,0.0,0.0,4.0,0.0,0.0,0.0,0.0,0.0,0.0,1.0,0.0,3.0,0.0,0.0,0.0,0.0,0.0,8.0,0.0,0.0,0.0,0.0,2.0,5.0,1.0,7.0,5.0,9.0,0.0,0.0,0.0,4.0,2.0,0.0,0.0,0.0,0.0,0.0,0.0,0.0,0.0,0.0,0.0,0.0,0.0,9.0,1.0,0.0,0.0,0.0,5.0,0.0,0.0,0.0,5.0,0.0,1.0
74,3192578563.0,0.0,0.0,0.0,0.0,0.0,0.0,0.0,0.0,0.0,0.0,1.0,0.0,0.0,0.0,0.0,0.0,0.0,40.0,0.0,0.0,0.0,0.0,0.0,0.0,0.0,0.0,0.0,0.0,0.0,0.0,0.0,0.0,0.0,0.0,0.0,0.0,0.0,0.0,0.0,0.0,0.0,0.0,0.0,0.0,0.0,1.0,0.0,0.0,0.0,0.0,0.0,0.0,0.0,1.0,0.0,0.0,0.0,1.0,0.0,0.0,0.0,0.0,0.0,0.0,0.0,0.0,0.0,0.0,0.0,0.0,0.0,0.0,0.0,0.0,0.0,1.0,0.0,0.0,0.0,3.0,0.0,0.0,0.0,0.0,0.0,1.0,0.0,0.0,0.0,2.0,0.0,1.0,0.0,1.0,0.0,0.0,0.0,0.0,0.0,0.0,0.0,0.0,0.0,0.0,0.0,0.0,0.0,0.0,0.0,0.0,4.0,0.0,0.0,3.0,0.0,0.0,0.0,0.0,0.0,0.0,0.0,0.0,0.0,0.0,0.0
75,326291795.0,2.0,5.0,0.0,0.0,0.0,0.0,6.0,0.0,2.0,0.0,0.0,0.0,0.0,0.0,0.0,0.0,0.0,0.0,1.0,3.0,0.0,2.0,1.0,2.0,0.0,0.0,2.0,13.0,0.0,0.0,3.0,0.0,0.0,0.0,1.0,0.0,0.0,0.0,0.0,1.0,0.0,0.0,0.0,0.0,5.0,0.0,0.0,2.0,0.0,0.0,6.0,0.0,0.0,5.0,0.0,6.0,0.0,9.0,0.0,0.0,0.0,0.0,0.0,0.0,0.0,1.0,1.0,1.0,24.0,0.0,2.0,0.0,0.0,0.0,0.0,3.0,0.0,0.0,4.0,1.0,0.0,0.0,0.0,0.0,0.0,2.0,0.0,0.0,0.0,4.0,0.0,1.0,0.0,2.0,0.0,3.0,1.0,0.0,0.0,0.0,9.0,0.0,0.0,0.0,0.0,0.0,0.0,0.0,0.0,0.0,0.0,1.0,0.0,3.0,4.0,0.0,0.0,0.0,0.0,0.0,0.0,0.0,0.0,0.0,0.0
76,328335295.0,1.0,18.0,4.0,2.0,0.0,0.0,37.0,0.0,2.0,6.0,2.0,1.0,1.0,1.0,2.0,0.0,0.0,0.0,0.0,0.0,3.0,1.0,1.0,4.0,1.0,1.0,3.0,1.0,0.0,2.0,3.0,1.0,1.0,0.0,6.0,2.0,1.0,0.0,0.0,0.0,0.0,1.0,3.0,1.0,17.0,4.0,0.0,5.0,0.0,0.0,18.0,0.0,0.0,11.0,1.0,10.0,0.0,73.0,0.0,1.0,0.0,0.0,12.0,0.0,1.0,0.0,2.0,0.0,43.0,0.0,3.0,0.0,0.0,1.0,3.0,0.0,0.0,2.0,23.0,5.0,0.0,1.0,0.0,1.0,1.0,3.0,0.0,0.0,1.0,7.0,1.0,3.0,0.0,3.0,0.0,1.0,0.0,0.0,0.0,2.0,26.0,2.0,0.0,0.0,1.0,2.0,0.0,1.0,0.0,2.0,0.0,47.0,1.0,6.0,0.0,0.0,0.0,0.0,1.0,0.0,0.0,1.0,1.0,1.0,4.0
77,338015807.0,39.0,0.0,1.0,0.0,1.0,26.0,0.0,0.0,0.0,0.0,0.0,0.0,0.0,0.0,0.0,0.0,0.0,0.0,0.0,0.0,0.0,0.0,0.0,0.0,0.0,3.0,0.0,0.0,0.0,25.0,4.0,0.0,0.0,0.0,0.0,0.0,0.0,0.0,1.0,0.0,7.0,3.0,0.0,0.0,0.0,0.0,2.0,0.0,0.0,0.0,0.0,0.0,8.0,1.0,2.0,0.0,0.0,0.0,0.0,7.0,2.0,0.0,0.0,0.0,0.0,0.0,0.0,0.0,0.0,8.0,10.0,0.0,0.0,0.0,0.0,0.0,0.0,0.0,0.0,0.0,0.0,6.0,0.0,67.0,0.0,0.0,0.0,0.0,23.0,0.0,0.0,0.0,0.0,1.0,4.0,0.0,0.0,20.0,0.0,1.0,0.0,0.0,0.0,3.0,0.0,0.0,0.0,0.0,9.0,0.0,0.0,0.0,0.0,1.0,0.0,0.0,0.0,1.0,77.0,0.0,0.0,0.0,1.0,0.0,0.0
78,344711172.0,3.0,0.0,0.0,0.0,1.0,0.0,1.0,7.0,2.0,0.0,0.0,0.0,0.0,5.0,10.0,2.0,0.0,0.0,5.0,0.0,2.0,2.0,0.0,0.0,0.0,0.0,11.0,4.0,0.0,1.0,1.0,1.0,0.0,0.0,0.0,0.0,1.0,0.0,1.0,0.0,0.0,0.0,0.0,0.0,0.0,0.0,1.0,0.0,1.0,0.0,1.0,0.0,0.0,7.0,0.0,0.0,0.0,1.0,3.0,1.0,0.0,0.0,0.0,1.0,2.0,0.0,2.0,0.0,0.0,0.0,2.0,0.0,1.0,0.0,0.0,2.0,0.0,0.0,0.0,3.0,0.0,0.0,3.0,1.0,2.0,28.0,0.0,0.0,0.0,5.0,1.0,6.0,4.0,3.0,0.0,3.0,0.0,0.0,0.0,2.0,5.0,0.0,0.0,0.0,0.0,0.0,1.0,13.0,0.0,0.0,1.0,1.0,0.0,4.0,12.0,6.0,0.0,0.0,1.0,0.0,3.0,0.0,1.0,9.0,14.0
79,349872492.0,1.0,40.0,0.0,0.0,0.0,1.0,31.0,0.0,2.0,5.0,0.0,0.0,2.0,1.0,0.0,0.0,0.0,0.0,0.0,0.0,6.0,1.0,0.0,0.0,1.0,1.0,2.0,0.0,0.0,0.0,2.0,0.0,2.0,0.0,5.0,2.0,0.0,0.0,1.0,0.0,0.0,0.0,0.0,5.0,9.0,0.0,0.0,6.0,0.0,0.0,43.0,0.0,0.0,4.0,0.0,33.0,0.0,116.0,1.0,2.0,0.0,0.0,2.0,0.0,0.0,1.0,2.0,1.0,112.0,0.0,2.0,0.0,0.0,0.0,4.0,23.0,0.0,0.0,0.0,2.0,0.0,0.0,0.0,0.0,0.0,4.0,0.0,0.0,0.0,1.0,1.0,0.0,0.0,5.0,1.0,2.0,0.0,0.0,0.0,3.0,43.0,1.0,0.0,0.0,1.0,1.0,0.0,2.0,1.0,4.0,1.0,4.0,0.0,10.0,1.0,1.0,3.0,0.0,5.0,0.0,0.0,0.0,1.0,1.0,1.0
80,35687587.0,18.0,1.0,3.0,9.0,0.0,2.0,9.0,4.0,5.0,0.0,0.0,0.0,1.0,3.0,1.0,1.0,0.0,1.0,4.0,0.0,30.0,24.0,16.0,7.0,0.0,1.0,12.0,3.0,1.0,0.0,19.0,2.0,2.0,0.0,2.0,2.0,9.0,0.0,1.0,4.0,1.0,0.0,2.0,19.0,0.0,2.0,3.0,0.0,0.0,0.0,14.0,0.0,0.0,44.0,1.0,0.0,2.0,11.0,7.0,3.0,0.0,0.0,0.0,0.0,1.0,8.0,17.0,7.0,13.0,0.0,21.0,0.0,3.0,3.0,1.0,5.0,0.0,3.0,2.0,0.0,0.0,0.0,1.0,2.0,7.0,31.0,0.0,0.0,1.0,22.0,34.0,13.0,1.0,18.0,5.0,5.0,2.0,0.0,0.0,8.0,13.0,5.0,1.0,0.0,3.0,13.0,1.0,3.0,1.0,0.0,8.0,1.0,11.0,35.0,20.0,3.0,0.0,0.0,10.0,0.0,0.0,0.0,5.0,3.0,13.0
81,3698087485.0,0.0,0.0,0.0,0.0,0.0,0.0,2.0,0.0,0.0,0.0,0.0,0.0,0.0,0.0,0.0,0.0,0.0,0.0,0.0,0.0,0.0,0.0,0.0,0.0,0.0,0.0,0.0,0.0,0.0,1.0,0.0,0.0,0.0,0.0,1.0,0.0,0.0,0.0,0.0,0.0,0.0,0.0,0.0,0.0,0.0,0.0,0.0,1.0,0.0,0.0,0.0,0.0,0.0,0.0,0.0,0.0,0.0,4.0,0.0,0.0,0.0,0.0,0.0,0.0,0.0,0.0,0.0,0.0,1.0,0.0,0.0,0.0,0.0,0.0,0.0,0.0,0.0,0.0,0.0,0.0,0.0,0.0,0.0,0.0,0.0,0.0,0.0,0.0,0.0,0.0,0.0,0.0,0.0,2.0,3.0,0.0,0.0,0.0,0.0,0.0,4.0,1.0,0.0,0.0,0.0,0.0,0.0,0.0,0.0,3.0,0.0,0.0,0.0,5.0,0.0,0.0,0.0,0.0,0.0,0.0,0.0,0.0,2.0,0.0,0.0
82,3813493163.0,17.0,1.0,1.0,1.0,0.0,6.0,1.0,0.0,1.0,0.0,1.0,1.0,1.0,1.0,1.0,0.0,0.0,0.0,0.0,0.0,6.0,1.0,1.0,3.0,0.0,18.0,1.0,1.0,0.0,8.0,10.0,2.0,3.0,0.0,0.0,2.0,2.0,0.0,0.0,0.0,2.0,2.0,1.0,4.0,1.0,1.0,4.0,0.0,0.0,1.0,0.0,0.0,6.0,3.0,1.0,0.0,0.0,3.0,1.0,12.0,0.0,0.0,4.0,0.0,0.0,0.0,4.0,0.0,5.0,21.0,13.0,0.0,0.0,0.0,0.0,1.0,6.0,0.0,0.0,0.0,0.0,0.0,0.0,25.0,2.0,4.0,0.0,0.0,10.0,1.0,3.0,1.0,1.0,3.0,10.0,3.0,0.0,5.0,0.0,4.0,2.0,1.0,0.0,2.0,2.0,1.0,0.0,1.0,27.0,0.0,0.0,0.0,0.0,1.0,0.0,1.0,0.0,0.0,29.0,0.0,0.0,0.0,0.0,1.0,1.0
83,4258166179.0,1.0,0.0,1.0,0.0,0.0,0.0,0.0,7.0,0.0,0.0,0.0,0.0,0.0,15.0,9.0,2.0,0.0,0.0,4.0,0.0,1.0,1.0,0.0,0.0,0.0,1.0,5.0,3.0,1.0,1.0,0.0,0.0,3.0,0.0,0.0,0.0,0.0,0.0,0.0,2.0,0.0,0.0,0.0,1.0,0.0,0.0,0.0,0.0,1.0,0.0,0.0,2.0,0.0,0.0,0.0,0.0,0.0,0.0,5.0,1.0,0.0,0.0,0.0,1.0,3.0,1.0,1.0,0.0,0.0,3.0,0.0,0.0,0.0,0.0,0.0,0.0,0.0,3.0,0.0,1.0,0.0,0.0,0.0,2.0,0.0,18.0,0.0,0.0,0.0,2.0,0.0,4.0,0.0,1.0,2.0,7.0,0.0,0.0,1.0,0.0,0.0,0.0,0.0,0.0,0.0,0.0,0.0,6.0,0.0,0.0,0.0,0.0,0.0,1.0,8.0,11.0,0.0,0.0,0.0,0.0,3.0,0.0,1.0,19.0,3.0
84,471647114.0,129.0,1.0,3.0,1.0,6.0,86.0,1.0,3.0,3.0,0.0,1.0,1.0,1.0,0.0,1.0,0.0,0.0,0.0,2.0,0.0,7.0,1.0,1.0,1.0,0.0,15.0,6.0,2.0,0.0,44.0,16.0,2.0,1.0,0.0,0.0,1.0,2.0,0.0,1.0,0.0,57.0,4.0,3.0,2.0,1.0,1.0,1.0,0.0,1.0,1.0,3.0,0.0,64.0,5.0,5.0,1.0,1.0,1.0,1.0,15.0,5.0,1.0,0.0,0.0,1.0,0.0,2.0,0.0,2.0,19.0,33.0,0.0,0.0,0.0,0.0,1.0,67.0,1.0,0.0,2.0,0.0,25.0,2.0,0.0,2.0,5.0,0.0,0.0,77.0,2.0,0.0,1.0,0.0,5.0,16.0,3.0,0.0,39.0,0.0,7.0,3.0,3.0,0.0,5.0,3.0,1.0,0.0,4.0,25.0,0.0,3.0,0.0,0.0,9.0,6.0,3.0,0.0,1.0,1098.0,0.0,1.0,0.0,2.0,4.0,1.0
85,476564417.0,7.0,1.0,1.0,1.0,0.0,0.0,1.0,0.0,1.0,0.0,1.0,1.0,1.0,2.0,2.0,0.0,0.0,0.0,2.0,0.0,16.0,8.0,4.0,6.0,0.0,0.0,2.0,1.0,0.0,1.0,4.0,2.0,1.0,0.0,0.0,1.0,3.0,0.0,1.0,2.0,0.0,1.0,0.0,10.0,1.0,1.0,1.0,0.0,0.0,1.0,1.0,0.0,0.0,36.0,1.0,6.0,0.0,5.0,3.0,4.0,0.0,1.0,0.0,0.0,1.0,0.0,9.0,1.0,8.0,1.0,4.0,0.0,0.0,0.0,0.0,1.0,0.0,2.0,0.0,7.0,0.0,2.0,0.0,2.0,0.0,6.0,0.0,0.0,2.0,12.0,8.0,1.0,2.0,8.0,2.0,3.0,0.0,0.0,1.0,3.0,1.0,21.0,0.0,0.0,1.0,18.0,0.0,1.0,5.0,0.0,2.0,1.0,0.0,15.0,14.0,3.0,0.0,0.0,3.0,0.0,0.0,0.0,0.0,5.0,4.0
86,47916750.0,34.0,3.0,10.0,1.0,0.0,1.0,10.0,31.0,14.0,0.0,1.0,2.0,4.0,80.0,60.0,21.0,0.0,0.0,39.0,0.0,47.0,19.0,5.0,7.0,0.0,4.0,73.0,15.0,14.0,4.0,25.0,7.0,22.0,0.0,2.0,11.0,8.0,0.0,3.0,13.0,0.0,1.0,3.0,31.0,1.0,1.0,35.0,0.0,1.0,0.0,15.0,4.0,0.0,79.0,1.0,1.0,0.0,17.0,59.0,8.0,0.0,0.0,1.0,7.0,10.0,2.0,11.0,10.0,16.0,6.0,29.0,0.0,8.0,1.0,2.0,3.0,0.0,28.0,4.0,31.0,0.0,4.0,18.0,5.0,6.0,0.0,0.0,0.0,2.0,46.0,11.0,53.0,20.0,28.0,23.0,55.0,9.0,0.0,5.0,19.0,13.0,8.0,3.0,0.0,2.0,5.0,1.0,87.0,2.0,20.0,4.0,1.0,2.0,56.0,83.0,41.0,0.0,0.0,19.0,5.0,9.0,0.0,9.0,70.0,80.0
87,4829501950.0,0.0,0.0,0.0,0.0,0.0,0.0,0.0,0.0,0.0,0.0,0.0,0.0,0.0,0.0,0.0,0.0,0.0,0.0,0.0,0.0,0.0,0.0,0.0,0.0,0.0,0.0,0.0,0.0,0.0,0.0,0.0,0.0,0.0,0.0,0.0,0.0,0.0,0.0,0.0,0.0,0.0,0.0,0.0,0.0,0.0,0.0,0.0,0.0,0.0,0.0,0.0,0.0,0.0,0.0,0.0,0.0,0.0,0.0,0.0,0.0,0.0,0.0,0.0,0.0,0.0,0.0,0.0,0.0,0.0,0.0,0.0,0.0,0.0,0.0,0.0,0.0,0.0,0.0,0.0,0.0,0.0,0.0,0.0,0.0,0.0,0.0,0.0,0.0,0.0,0.0,0.0,0.0,0.0,0.0,0.0,0.0,0.0,0.0,0.0,0.0,0.0,0.0,0.0,0.0,0.0,0.0,0.0,0.0,0.0,0.0,0.0,0.0,0.0,0.0,0.0,0.0,0.0,0.0,0.0,0.0,0.0,0.0,0.0,0.0,0.0
88,50965682.0,0.0,0.0,0.0,0.0,0.0,0.0,0.0,0.0,0.0,0.0,0.0,0.0,0.0,0.0,0.0,0.0,0.0,0.0,0.0,0.0,0.0,0.0,0.0,0.0,0.0,0.0,0.0,0.0,0.0,0.0,0.0,0.0,0.0,0.0,0.0,0.0,0.0,0.0,0.0,0.0,0.0,0.0,0.0,0.0,0.0,0.0,0.0,0.0,0.0,0.0,0.0,0.0,0.0,0.0,0.0,0.0,0.0,0.0,0.0,0.0,0.0,0.0,0.0,0.0,0.0,0.0,0.0,0.0,0.0,0.0,0.0,0.0,0.0,0.0,0.0,0.0,0.0,0.0,0.0,0.0,0.0,0.0,0.0,0.0,0.0,0.0,0.0,0.0,0.0,0.0,0.0,0.0,0.0,0.0,0.0,0.0,0.0,0.0,0.0,0.0,0.0,0.0,0.0,0.0,0.0,0.0,0.0,0.0,0.0,0.0,0.0,0.0,0.0,0.0,0.0,0.0,0.0,0.0,0.0,0.0,0.0,0.0,0.0,0.0,0.0
89,515308588.0,25.0,3.0,2.0,1.0,0.0,49.0,1.0,1.0,1.0,0.0,1.0,1.0,1.0,2.0,1.0,0.0,0.0,0.0,0.0,0.0,3.0,0.0,1.0,0.0,0.0,7.0,4.0,2.0,0.0,21.0,8.0,2.0,1.0,0.0,1.0,1.0,1.0,0.0,0.0,1.0,3.0,2.0,0.0,2.0,1.0,1.0,3.0,0.0,0.0,0.0,0.0,0.0,17.0,1.0,1.0,0.0,1.0,2.0,1.0,9.0,0.0,0.0,0.0,0.0,0.0,0.0,0.0,1.0,1.0,8.0,13.0,0.0,0.0,0.0,0.0,1.0,23.0,0.0,0.0,1.0,0.0,10.0,0.0,77.0,2.0,2.0,0.0,0.0,0.0,2.0,0.0,0.0,1.0,2.0,2.0,1.0,0.0,22.0,0.0,6.0,1.0,0.0,0.0,3.0,0.0,0.0,0.0,3.0,13.0,0.0,2.0,0.0,0.0,4.0,0.0,0.0,0.0,0.0,109.0,0.0,0.0,0.0,0.0,3.0,0.0
90,51699477.0,16.0,1.0,3.0,0.0,0.0,2.0,3.0,8.0,3.0,0.0,0.0,0.0,1.0,6.0,7.0,8.0,0.0,0.0,16.0,0.0,22.0,21.0,10.0,15.0,0.0,0.0,28.0,7.0,1.0,2.0,42.0,3.0,4.0,0.0,1.0,8.0,11.0,0.0,2.0,7.0,0.0,1.0,2.0,28.0,0.0,0.0,3.0,1.0,1.0,1.0,14.0,0.0,0.0,75.0,0.0,3.0,1.0,11.0,7.0,13.0,0.0,1.0,0.0,1.0,6.0,0.0,24.0,7.0,20.0,1.0,25.0,0.0,0.0,2.0,4.0,7.0,0.0,5.0,1.0,22.0,0.0,1.0,2.0,2.0,12.0,46.0,0.0,0.0,2.0,0.0,6.0,11.0,4.0,13.0,4.0,5.0,3.0,0.0,0.0,6.0,2.0,7.0,1.0,0.0,1.0,6.0,1.0,22.0,3.0,0.0,4.0,0.0,1.0,29.0,30.0,13.0,0.0,0.0,5.0,1.0,1.0,0.0,2.0,14.0,18.0
91,52130729.0,5.0,0.0,0.0,1.0,0.0,0.0,0.0,0.0,1.0,0.0,0.0,0.0,0.0,3.0,0.0,0.0,0.0,0.0,0.0,0.0,15.0,6.0,7.0,1.0,0.0,1.0,1.0,0.0,2.0,0.0,7.0,1.0,1.0,0.0,0.0,0.0,2.0,0.0,0.0,0.0,0.0,0.0,0.0,8.0,0.0,0.0,2.0,0.0,0.0,0.0,1.0,0.0,0.0,21.0,0.0,2.0,1.0,3.0,0.0,0.0,0.0,0.0,0.0,0.0,0.0,7.0,2.0,3.0,2.0,0.0,6.0,0.0,2.0,0.0,0.0,1.0,0.0,1.0,1.0,34.0,0.0,3.0,0.0,0.0,8.0,11.0,0.0,0.0,0.0,6.0,0.0,3.0,0.0,6.0,5.0,3.0,0.0,0.0,0.0,4.0,1.0,10.0,0.0,0.0,0.0,4.0,1.0,0.0,1.0,0.0,1.0,0.0,6.0,11.0,6.0,2.0,0.0,0.0,2.0,0.0,0.0,0.0,3.0,1.0,2.0
92,53963882.0,26.0,0.0,2.0,0.0,0.0,0.0,2.0,5.0,5.0,2.0,0.0,1.0,0.0,18.0,9.0,1.0,0.0,0.0,4.0,2.0,40.0,10.0,0.0,9.0,0.0,1.0,11.0,4.0,1.0,0.0,7.0,0.0,5.0,0.0,0.0,0.0,1.0,0.0,0.0,3.0,0.0,0.0,1.0,5.0,0.0,1.0,2.0,0.0,0.0,0.0,0.0,0.0,0.0,12.0,0.0,0.0,0.0,4.0,10.0,2.0,0.0,0.0,3.0,0.0,3.0,1.0,8.0,2.0,7.0,1.0,7.0,0.0,5.0,1.0,1.0,3.0,0.0,6.0,0.0,13.0,0.0,1.0,4.0,1.0,1.0,53.0,0.0,0.0,0.0,11.0,3.0,0.0,1.0,14.0,12.0,15.0,0.0,0.0,0.0,13.0,9.0,2.0,1.0,0.0,0.0,2.0,0.0,11.0,2.0,0.0,6.0,7.0,0.0,23.0,12.0,6.0,0.0,0.0,12.0,0.0,1.0,0.0,6.0,15.0,19.0
93,54910298.0,2.0,1.0,2.0,0.0,1.0,1.0,1.0,8.0,1.0,0.0,0.0,0.0,0.0,6.0,8.0,3.0,0.0,0.0,3.0,0.0,3.0,4.0,0.0,1.0,0.0,0.0,12.0,4.0,1.0,1.0,2.0,2.0,1.0,0.0,1.0,0.0,0.0,0.0,1.0,6.0,0.0,0.0,0.0,4.0,0.0,0.0,3.0,0.0,0.0,0.0,0.0,2.0,0.0,3.0,0.0,0.0,0.0,4.0,1.0,0.0,0.0,0.0,0.0,2.0,2.0,0.0,2.0,1.0,1.0,2.0,3.0,0.0,1.0,0.0,0.0,0.0,0.0,4.0,0.0,1.0,0.0,1.0,0.0,0.0,2.0,20.0,0.0,0.0,1.0,4.0,0.0,1.0,0.0,1.0,4.0,4.0,2.0,0.0,0.0,2.0,2.0,1.0,1.0,0.0,1.0,0.0,0.0,15.0,1.0,1.0,2.0,1.0,0.0,6.0,13.0,7.0,0.0,0.0,1.0,2.0,2.0,0.0,0.0,4.0,14.0
94,560836942.0,23.0,1.0,2.0,1.0,0.0,1.0,10.0,1.0,6.0,1.0,6.0,1.0,3.0,7.0,2.0,1.0,0.0,1.0,2.0,14.0,37.0,7.0,4.0,4.0,0.0,3.0,14.0,2.0,2.0,2.0,18.0,5.0,8.0,0.0,1.0,3.0,6.0,5.0,4.0,4.0,1.0,1.0,0.0,14.0,1.0,1.0,4.0,3.0,0.0,1.0,19.0,0.0,0.0,23.0,2.0,7.0,1.0,28.0,7.0,2.0,0.0,0.0,1.0,0.0,1.0,0.0,11.0,3.0,33.0,1.0,23.0,0.0,7.0,1.0,2.0,3.0,1.0,3.0,5.0,18.0,2.0,3.0,1.0,5.0,8.0,28.0,0.0,0.0,2.0,13.0,6.0,14.0,1.0,0.0,11.0,10.0,8.0,0.0,0.0,129.0,19.0,4.0,0.0,0.0,2.0,3.0,1.0,4.0,2.0,2.0,4.0,2.0,1.0,744.0,6.0,5.0,0.0,0.0,19.0,0.0,0.0,0.0,82.0,7.0,4.0
95,564806892.0,26.0,0.0,2.0,0.0,0.0,3.0,1.0,2.0,5.0,0.0,0.0,0.0,0.0,12.0,2.0,0.0,0.0,0.0,0.0,0.0,23.0,5.0,0.0,1.0,0.0,5.0,1.0,0.0,4.0,4.0,9.0,0.0,14.0,1.0,0.0,2.0,1.0,0.0,1.0,2.0,0.0,0.0,0.0,12.0,0.0,0.0,3.0,0.0,0.0,0.0,1.0,1.0,1.0,14.0,0.0,0.0,0.0,5.0,1.0,2.0,0.0,2.0,0.0,0.0,0.0,1.0,2.0,1.0,2.0,8.0,11.0,0.0,5.0,0.0,0.0,0.0,4.0,0.0,1.0,5.0,3.0,10.0,2.0,16.0,2.0,23.0,0.0,0.0,2.0,4.0,5.0,12.0,4.0,11.0,0.0,8.0,0.0,2.0,0.0,11.0,4.0,3.0,0.0,1.0,0.0,1.0,0.0,0.0,6.0,3.0,0.0,0.0,0.0,30.0,0.0,2.0,0.0,0.0,36.0,0.0,2.0,0.0,4.0,0.0,0.0
96,56569931.0,7.0,3.0,4.0,1.0,0.0,1.0,1.0,3.0,5.0,0.0,1.0,1.0,1.0,45.0,32.0,1.0,0.0,0.0,3.0,1.0,10.0,0.0,3.0,3.0,0.0,3.0,12.0,10.0,7.0,1.0,7.0,4.0,7.0,0.0,0.0,1.0,3.0,2.0,0.0,0.0,1.0,1.0,0.0,6.0,1.0,1.0,3.0,0.0,2.0,0.0,1.0,6.0,0.0,7.0,2.0,0.0,1.0,8.0,59.0,3.0,0.0,0.0,0.0,0.0,0.0,2.0,1.0,2.0,4.0,7.0,5.0,1.0,9.0,0.0,3.0,1.0,0.0,3.0,2.0,5.0,0.0,3.0,7.0,3.0,3.0,55.0,0.0,0.0,1.0,5.0,3.0,15.0,4.0,10.0,8.0,0.0,0.0,0.0,5.0,6.0,5.0,1.0,0.0,0.0,1.0,1.0,0.0,9.0,0.0,0.0,1.0,1.0,0.0,15.0,9.0,1.0,0.0,0.0,8.0,1.0,2.0,0.0,6.0,17.0,8.0
97,602841627.0,0.0,0.0,0.0,0.0,0.0,0.0,3.0,7.0,0.0,0.0,0.0,0.0,0.0,0.0,5.0,3.0,0.0,0.0,4.0,1.0,0.0,0.0,2.0,1.0,0.0,0.0,10.0,0.0,0.0,0.0,2.0,0.0,0.0,0.0,2.0,0.0,1.0,0.0,0.0,7.0,0.0,0.0,0.0,1.0,0.0,0.0,1.0,0.0,0.0,0.0,3.0,0.0,0.0,2.0,0.0,1.0,0.0,3.0,2.0,0.0,0.0,0.0,0.0,0.0,4.0,0.0,0.0,0.0,6.0,0.0,1.0,0.0,0.0,0.0,1.0,0.0,0.0,0.0,0.0,2.0,0.0,0.0,0.0,0.0,0.0,9.0,0.0,0.0,0.0,3.0,0.0,0.0,2.0,8.0,0.0,0.0,0.0,0.0,0.0,0.0,0.0,0.0,1.0,0.0,0.0,0.0,0.0,13.0,0.0,0.0,0.0,0.0,1.0,12.0,8.0,4.0,0.0,0.0,0.0,4.0,1.0,0.0,3.0,5.0,7.0
98,614349617.0,18.0,0.0,0.0,0.0,1.0,23.0,0.0,0.0,0.0,0.0,0.0,0.0,0.0,0.0,0.0,0.0,0.0,0.0,0.0,0.0,0.0,0.0,0.0,0.0,0.0,2.0,0.0,0.0,0.0,14.0,2.0,0.0,0.0,0.0,0.0,0.0,0.0,0.0,0.0,0.0,2.0,5.0,1.0,0.0,0.0,0.0,1.0,0.0,0.0,0.0,0.0,0.0,12.0,0.0,3.0,0.0,0.0,0.0,0.0,2.0,2.0,0.0,0.0,0.0,0.0,0.0,0.0,0.0,0.0,3.0,7.0,0.0,0.0,0.0,0.0,0.0,20.0,0.0,0.0,0.0,0.0,5.0,0.0,39.0,0.0,0.0,0.0,0.0,22.0,0.0,0.0,0.0,0.0,0.0,2.0,0.0,0.0,0.0,0.0,1.0,0.0,0.0,0.0,3.0,0.0,0.0,0.0,0.0,6.0,0.0,0.0,0.0,0.0,0.0,0.0,0.0,0.0,1.0,44.0,0.0,0.0,0.0,0.0,0.0,0.0
99,63381665.0,0.0,0.0,0.0,0.0,0.0,0.0,0.0,0.0,0.0,0.0,0.0,0.0,0.0,1.0,13.0,1.0,0.0,0.0,0.0,0.0,0.0,0.0,0.0,0.0,0.0,0.0,0.0,0.0,0.0,0.0,0.0,0.0,0.0,0.0,0.0,0.0,0.0,0.0,0.0,0.0,0.0,0.0,0.0,0.0,0.0,0.0,0.0,0.0,0.0,0.0,0.0,0.0,0.0,0.0,0.0,0.0,0.0,0.0,1.0,0.0,0.0,0.0,0.0,0.0,0.0,0.0,0.0,0.0,0.0,0.0,0.0,0.0,0.0,0.0,0.0,0.0,0.0,0.0,0.0,0.0,0.0,0.0,1.0,0.0,1.0,5.0,0.0,0.0,0.0,0.0,0.0,0.0,0.0,0.0,0.0,5.0,0.0,0.0,0.0,0.0,0.0,0.0,0.0,0.0,0.0,0.0,0.0,0.0,0.0,1.0,0.0,0.0,0.0,0.0,0.0,1.0,0.0,0.0,0.0,0.0,0.0,0.0,0.0,0.0,2.0
100,66633416.0,16.0,4.0,2.0,1.0,0.0,4.0,2.0,2.0,6.0,0.0,5.0,1.0,2.0,5.0,1.0,1.0,0.0,0.0,1.0,10.0,33.0,6.0,1.0,0.0,0.0,4.0,9.0,3.0,2.0,2.0,7.0,7.0,5.0,0.0,1.0,2.0,3.0,3.0,3.0,3.0,1.0,2.0,0.0,7.0,1.0,1.0,4.0,1.0,0.0,0.0,4.0,0.0,1.0,10.0,1.0,1.0,2.0,9.0,4.0,2.0,0.0,0.0,0.0,0.0,1.0,0.0,2.0,4.0,4.0,2.0,15.0,0.0,4.0,0.0,0.0,2.0,1.0,2.0,3.0,8.0,0.0,4.0,0.0,7.0,3.0,19.0,0.0,0.0,6.0,6.0,4.0,13.0,2.0,129.0,11.0,6.0,0.0,1.0,0.0,0.0,13.0,3.0,0.0,1.0,1.0,1.0,1.0,5.0,1.0,2.0,3.0,0.0,0.0,252.0,6.0,3.0,0.0,0.0,16.0,0.0,0.0,0.0,30.0,8.0,3.0
101,70074591.0,8.0,45.0,1.0,1.0,1.0,1.0,31.0,1.0,8.0,8.0,1.0,1.0,2.0,1.0,3.0,0.0,0.0,0.0,0.0,2.0,14.0,4.0,1.0,6.0,0.0,1.0,5.0,3.0,0.0,2.0,15.0,2.0,3.0,1.0,8.0,3.0,3.0,0.0,2.0,0.0,1.0,1.0,0.0,3.0,21.0,4.0,2.0,13.0,0.0,0.0,48.0,0.0,0.0,15.0,2.0,23.0,1.0,105.0,3.0,2.0,0.0,0.0,7.0,0.0,1.0,1.0,7.0,1.0,87.0,0.0,9.0,0.0,2.0,0.0,9.0,26.0,0.0,5.0,43.0,13.0,4.0,2.0,0.0,3.0,1.0,13.0,0.0,0.0,1.0,2.0,1.0,9.0,2.0,19.0,4.0,5.0,0.0,0.0,0.0,13.0,0.0,1.0,0.0,0.0,2.0,0.0,1.0,3.0,1.0,4.0,4.0,8.0,0.0,36.0,7.0,4.0,1.0,0.0,7.0,0.0,0.0,0.0,8.0,5.0,10.0
102,7.064694230586491e+17,2.0,0.0,0.0,0.0,0.0,0.0,1.0,1.0,2.0,0.0,0.0,0.0,0.0,2.0,1.0,2.0,0.0,0.0,2.0,0.0,37.0,3.0,0.0,0.0,0.0,0.0,5.0,0.0,2.0,1.0,4.0,1.0,0.0,0.0,0.0,0.0,0.0,0.0,0.0,1.0,0.0,0.0,2.0,5.0,0.0,0.0,0.0,0.0,0.0,3.0,3.0,0.0,0.0,52.0,0.0,7.0,0.0,3.0,1.0,5.0,1.0,0.0,0.0,0.0,0.0,0.0,1.0,0.0,3.0,2.0,4.0,0.0,0.0,0.0,0.0,2.0,0.0,0.0,1.0,5.0,1.0,1.0,0.0,3.0,21.0,8.0,0.0,0.0,0.0,7.0,10.0,2.0,1.0,4.0,3.0,1.0,0.0,0.0,0.0,3.0,1.0,0.0,0.0,0.0,0.0,32.0,0.0,3.0,9.0,2.0,0.0,0.0,0.0,18.0,20.0,5.0,0.0,0.0,3.0,0.0,0.0,0.0,4.0,3.0,2.0
103,7.1841365900578e+17,1.0,0.0,0.0,0.0,0.0,0.0,0.0,1.0,0.0,0.0,0.0,0.0,0.0,0.0,2.0,1.0,0.0,0.0,2.0,0.0,0.0,1.0,0.0,0.0,0.0,0.0,3.0,1.0,0.0,0.0,0.0,0.0,0.0,0.0,0.0,0.0,0.0,0.0,0.0,3.0,0.0,0.0,0.0,0.0,0.0,0.0,0.0,0.0,0.0,0.0,1.0,0.0,0.0,1.0,0.0,0.0,0.0,1.0,1.0,0.0,0.0,0.0,0.0,1.0,1.0,0.0,0.0,0.0,1.0,0.0,1.0,0.0,0.0,0.0,0.0,0.0,0.0,0.0,0.0,1.0,0.0,0.0,0.0,0.0,0.0,3.0,0.0,0.0,0.0,1.0,0.0,1.0,1.0,0.0,0.0,0.0,1.0,0.0,0.0,0.0,0.0,0.0,0.0,0.0,0.0,0.0,0.0,7.0,0.0,0.0,0.0,0.0,0.0,2.0,3.0,1.0,0.0,0.0,0.0,0.0,1.0,0.0,0.0,2.0,4.0
104,7.325478877842063e+17,3.0,0.0,0.0,0.0,1.0,3.0,0.0,0.0,0.0,0.0,0.0,0.0,0.0,0.0,0.0,0.0,0.0,0.0,0.0,0.0,0.0,0.0,0.0,0.0,0.0,1.0,0.0,0.0,0.0,3.0,2.0,0.0,0.0,0.0,0.0,0.0,0.0,0.0,0.0,0.0,1.0,1.0,0.0,0.0,0.0,0.0,1.0,0.0,0.0,0.0,0.0,0.0,4.0,0.0,1.0,0.0,0.0,0.0,0.0,2.0,0.0,0.0,0.0,0.0,0.0,0.0,0.0,0.0,0.0,1.0,3.0,0.0,0.0,0.0,0.0,0.0,3.0,0.0,0.0,0.0,0.0,2.0,0.0,5.0,0.0,0.0,0.0,0.0,3.0,0.0,0.0,0.0,0.0,0.0,1.0,0.0,0.0,3.0,0.0,1.0,0.0,0.0,0.0,0.0,0.0,0.0,0.0,0.0,3.0,0.0,0.0,0.0,0.0,0.0,0.0,0.0,0.0,0.0,6.0,0.0,0.0,0.0,0.0,0.0,1.0
105,7.332399013034107e+17,8.0,0.0,0.0,0.0,0.0,0.0,0.0,2.0,2.0,0.0,0.0,0.0,1.0,0.0,0.0,0.0,0.0,0.0,0.0,0.0,4.0,1.0,1.0,4.0,0.0,1.0,4.0,0.0,0.0,0.0,33.0,0.0,2.0,0.0,0.0,1.0,1.0,0.0,1.0,0.0,1.0,0.0,0.0,2.0,0.0,0.0,0.0,0.0,0.0,0.0,4.0,0.0,0.0,2.0,1.0,3.0,1.0,3.0,1.0,0.0,0.0,0.0,0.0,0.0,0.0,1.0,5.0,2.0,0.0,0.0,1.0,0.0,0.0,0.0,0.0,1.0,0.0,0.0,1.0,3.0,0.0,2.0,0.0,3.0,1.0,2.0,0.0,0.0,0.0,1.0,0.0,0.0,1.0,2.0,0.0,1.0,0.0,0.0,0.0,1.0,2.0,0.0,0.0,0.0,0.0,0.0,0.0,2.0,4.0,0.0,2.0,0.0,0.0,4.0,0.0,0.0,0.0,0.0,1.0,0.0,0.0,0.0,0.0,1.0,1.0
106,7.560588081458381e+17,3.0,0.0,1.0,0.0,0.0,0.0,0.0,0.0,0.0,0.0,0.0,4.0,0.0,2.0,1.0,0.0,0.0,0.0,1.0,0.0,19.0,10.0,3.0,3.0,0.0,0.0,3.0,0.0,0.0,0.0,3.0,0.0,0.0,0.0,1.0,0.0,3.0,0.0,0.0,1.0,0.0,0.0,1.0,5.0,0.0,0.0,0.0,0.0,0.0,5.0,1.0,0.0,0.0,39.0,0.0,10.0,1.0,2.0,2.0,4.0,0.0,0.0,0.0,0.0,0.0,0.0,1.0,1.0,3.0,0.0,3.0,0.0,0.0,0.0,0.0,2.0,0.0,0.0,1.0,13.0,0.0,1.0,0.0,1.0,18.0,5.0,0.0,0.0,0.0,6.0,4.0,2.0,0.0,3.0,1.0,1.0,0.0,0.0,0.0,1.0,0.0,32.0,0.0,0.0,0.0,0.0,0.0,3.0,8.0,0.0,1.0,0.0,0.0,15.0,17.0,3.0,0.0,0.0,0.0,0.0,0.0,0.0,0.0,0.0,5.0
107,7.589223816792105e+17,1.0,0.0,0.0,0.0,0.0,0.0,0.0,0.0,1.0,0.0,0.0,0.0,0.0,0.0,1.0,0.0,0.0,0.0,0.0,0.0,1.0,1.0,0.0,0.0,0.0,0.0,1.0,0.0,0.0,0.0,1.0,1.0,0.0,0.0,0.0,0.0,1.0,0.0,0.0,0.0,0.0,0.0,0.0,0.0,0.0,0.0,1.0,0.0,0.0,0.0,1.0,0.0,0.0,1.0,0.0,0.0,0.0,0.0,0.0,0.0,0.0,0.0,0.0,0.0,0.0,0.0,1.0,0.0,0.0,0.0,1.0,0.0,0.0,0.0,0.0,0.0,0.0,1.0,0.0,1.0,0.0,0.0,0.0,0.0,0.0,1.0,0.0,0.0,0.0,1.0,1.0,0.0,0.0,1.0,0.0,0.0,0.0,0.0,0.0,1.0,1.0,0.0,0.0,0.0,0.0,0.0,0.0,0.0,0.0,0.0,1.0,0.0,0.0,1.0,1.0,1.0,0.0,0.0,0.0,0.0,0.0,0.0,0.0,1.0,1.0
108,771906360.0,5.0,2.0,6.0,1.0,0.0,2.0,2.0,42.0,2.0,0.0,1.0,3.0,3.0,32.0,38.0,30.0,0.0,0.0,50.0,0.0,5.0,1.0,2.0,1.0,0.0,1.0,144.0,12.0,0.0,3.0,7.0,4.0,9.0,0.0,1.0,2.0,1.0,0.0,1.0,25.0,0.0,1.0,0.0,7.0,1.0,1.0,8.0,0.0,1.0,0.0,1.0,0.0,0.0,7.0,1.0,1.0,1.0,6.0,54.0,2.0,0.0,0.0,1.0,15.0,8.0,0.0,2.0,2.0,3.0,0.0,6.0,0.0,0.0,0.0,0.0,1.0,0.0,13.0,2.0,3.0,0.0,1.0,6.0,4.0,1.0,87.0,0.0,0.0,3.0,22.0,0.0,11.0,15.0,4.0,0.0,9.0,13.0,0.0,0.0,5.0,3.0,3.0,7.0,0.0,2.0,3.0,0.0,0.0,1.0,0.0,1.0,0.0,0.0,10.0,137.0,32.0,0.0,0.0,6.0,19.0,8.0,0.0,0.0,73.0,116.0
109,775531218.0,17.0,0.0,0.0,0.0,1.0,10.0,1.0,0.0,0.0,0.0,0.0,0.0,0.0,0.0,0.0,0.0,0.0,0.0,0.0,0.0,10.0,1.0,0.0,1.0,0.0,41.0,2.0,0.0,1.0,10.0,19.0,0.0,0.0,0.0,0.0,1.0,0.0,0.0,0.0,0.0,2.0,1.0,0.0,2.0,0.0,0.0,2.0,0.0,0.0,1.0,1.0,0.0,4.0,12.0,0.0,4.0,0.0,1.0,1.0,21.0,0.0,0.0,0.0,0.0,0.0,0.0,1.0,0.0,3.0,24.0,12.0,0.0,0.0,0.0,0.0,0.0,9.0,0.0,1.0,1.0,0.0,27.0,0.0,25.0,5.0,2.0,0.0,0.0,13.0,3.0,1.0,2.0,1.0,2.0,6.0,0.0,0.0,6.0,0.0,1.0,1.0,9.0,0.0,3.0,4.0,8.0,0.0,1.0,0.0,0.0,1.0,0.0,0.0,8.0,4.0,3.0,0.0,0.0,32.0,0.0,0.0,0.0,1.0,0.0,2.0
110,793116961.0,0.0,2.0,0.0,0.0,0.0,0.0,4.0,1.0,3.0,2.0,0.0,0.0,0.0,0.0,0.0,0.0,0.0,0.0,0.0,0.0,0.0,1.0,0.0,0.0,0.0,0.0,0.0,0.0,5.0,1.0,0.0,0.0,0.0,0.0,0.0,1.0,0.0,0.0,0.0,0.0,0.0,0.0,0.0,1.0,2.0,0.0,6.0,2.0,0.0,0.0,4.0,0.0,0.0,9.0,0.0,1.0,0.0,10.0,0.0,0.0,0.0,0.0,0.0,0.0,0.0,0.0,0.0,0.0,6.0,0.0,2.0,0.0,0.0,0.0,0.0,2.0,0.0,0.0,4.0,0.0,3.0,0.0,0.0,0.0,0.0,20.0,0.0,0.0,0.0,0.0,0.0,0.0,1.0,2.0,3.0,0.0,0.0,0.0,1.0,2.0,4.0,2.0,0.0,0.0,0.0,0.0,0.0,0.0,0.0,0.0,0.0,0.0,0.0,5.0,0.0,0.0,0.0,0.0,0.0,0.0,0.0,0.0,1.0,0.0,0.0
111,80304353.0,11.0,0.0,0.0,0.0,0.0,0.0,0.0,1.0,4.0,0.0,0.0,0.0,1.0,0.0,0.0,0.0,0.0,1.0,0.0,0.0,11.0,4.0,1.0,2.0,0.0,1.0,5.0,0.0,0.0,0.0,5.0,1.0,1.0,0.0,0.0,1.0,2.0,0.0,1.0,0.0,1.0,0.0,0.0,1.0,0.0,0.0,5.0,0.0,0.0,0.0,3.0,0.0,0.0,4.0,1.0,0.0,1.0,1.0,1.0,0.0,0.0,0.0,0.0,0.0,0.0,0.0,3.0,3.0,0.0,0.0,3.0,0.0,0.0,4.0,0.0,0.0,0.0,1.0,1.0,8.0,0.0,0.0,0.0,3.0,2.0,4.0,0.0,0.0,2.0,4.0,1.0,6.0,2.0,4.0,0.0,1.0,0.0,0.0,0.0,3.0,4.0,0.0,0.0,0.0,2.0,1.0,1.0,1.0,1.0,0.0,0.0,0.0,0.0,7.0,5.0,1.0,0.0,0.0,3.0,0.0,0.0,0.0,0.0,3.0,1.0
112,80819657.0,1.0,6.0,0.0,0.0,0.0,0.0,9.0,0.0,0.0,1.0,0.0,0.0,0.0,0.0,0.0,0.0,0.0,0.0,0.0,0.0,0.0,0.0,0.0,5.0,8.0,0.0,1.0,0.0,0.0,0.0,1.0,0.0,0.0,0.0,1.0,0.0,0.0,0.0,0.0,1.0,0.0,0.0,1.0,1.0,5.0,3.0,0.0,1.0,0.0,0.0,10.0,0.0,0.0,1.0,0.0,1.0,0.0,156.0,0.0,1.0,0.0,0.0,28.0,0.0,0.0,1.0,2.0,0.0,16.0,0.0,0.0,0.0,0.0,0.0,1.0,47.0,0.0,1.0,4.0,1.0,0.0,0.0,0.0,0.0,1.0,1.0,0.0,0.0,0.0,0.0,0.0,7.0,1.0,2.0,0.0,1.0,0.0,0.0,0.0,0.0,8.0,0.0,0.0,0.0,0.0,0.0,0.0,0.0,0.0,0.0,0.0,0.0,0.0,3.0,0.0,1.0,0.0,0.0,0.0,0.0,0.0,0.0,0.0,1.0,6.0
113,8.229100306136064e+17,0.0,0.0,0.0,2.0,0.0,0.0,0.0,0.0,0.0,0.0,0.0,0.0,0.0,0.0,0.0,0.0,0.0,0.0,1.0,0.0,0.0,1.0,6.0,1.0,0.0,0.0,0.0,0.0,0.0,0.0,1.0,0.0,0.0,0.0,0.0,1.0,1.0,0.0,0.0,1.0,0.0,0.0,0.0,1.0,0.0,0.0,0.0,0.0,0.0,0.0,0.0,0.0,0.0,1.0,0.0,0.0,0.0,0.0,0.0,1.0,0.0,0.0,0.0,0.0,0.0,2.0,0.0,0.0,1.0,0.0,1.0,0.0,0.0,0.0,0.0,1.0,0.0,0.0,0.0,11.0,0.0,0.0,0.0,0.0,0.0,2.0,0.0,0.0,0.0,1.0,6.0,0.0,0.0,1.0,0.0,0.0,1.0,0.0,0.0,0.0,0.0,0.0,0.0,0.0,0.0,0.0,0.0,0.0,0.0,0.0,0.0,0.0,0.0,1.0,0.0,0.0,0.0,0.0,0.0,0.0,0.0,0.0,0.0,0.0,0.0
114,83331435.0,34.0,5.0,3.0,1.0,2.0,2.0,16.0,5.0,10.0,1.0,6.0,0.0,2.0,7.0,3.0,1.0,0.0,3.0,4.0,22.0,78.0,24.0,4.0,8.0,0.0,3.0,19.0,4.0,2.0,3.0,28.0,10.0,13.0,1.0,3.0,5.0,11.0,28.0,6.0,7.0,1.0,1.0,0.0,34.0,3.0,0.0,7.0,2.0,0.0,1.0,32.0,0.0,0.0,67.0,1.0,15.0,1.0,52.0,12.0,6.0,0.0,1.0,0.0,0.0,3.0,1.0,17.0,9.0,48.0,1.0,39.0,0.0,9.0,3.0,3.0,6.0,1.0,4.0,10.0,35.0,5.0,1.0,1.0,9.0,15.0,56.0,0.0,0.0,4.0,29.0,11.0,23.0,6.0,744.0,30.0,15.0,12.0,0.0,0.0,252.0,36.0,18.0,2.0,0.0,4.0,15.0,1.0,10.0,8.0,5.0,7.0,3.0,1.0,0.0,22.0,10.0,0.0,0.0,29.0,0.0,1.0,1.0,106.0,10.0,12.0
115,852760346.0,10.0,0.0,2.0,0.0,0.0,0.0,0.0,32.0,10.0,0.0,0.0,1.0,0.0,21.0,41.0,27.0,0.0,0.0,41.0,2.0,29.0,8.0,2.0,6.0,0.0,0.0,87.0,19.0,0.0,2.0,8.0,1.0,11.0,0.0,1.0,0.0,5.0,0.0,1.0,20.0,0.0,1.0,1.0,13.0,0.0,0.0,13.0,0.0,1.0,1.0,4.0,0.0,0.0,31.0,0.0,6.0,1.0,5.0,21.0,2.0,0.0,0.0,0.0,10.0,9.0,0.0,3.0,1.0,8.0,0.0,6.0,0.0,1.0,0.0,4.0,0.0,0.0,12.0,1.0,20.0,0.0,0.0,8.0,6.0,14.0,83.0,0.0,0.0,0.0,30.0,6.0,12.0,13.0,6.0,0.0,9.0,8.0,0.0,0.0,6.0,7.0,20.0,3.0,0.0,0.0,17.0,1.0,137.0,4.0,0.0,5.0,0.0,0.0,22.0,0.0,46.0,0.0,0.0,3.0,14.0,9.0,0.0,0.0,54.0,80.0
116,866379432.0,3.0,0.0,3.0,0.0,1.0,0.0,0.0,15.0,1.0,0.0,0.0,0.0,0.0,7.0,21.0,10.0,0.0,0.0,14.0,0.0,6.0,3.0,0.0,0.0,0.0,0.0,25.0,3.0,0.0,2.0,1.0,1.0,4.0,0.0,0.0,0.0,2.0,0.0,1.0,7.0,0.0,0.0,0.0,2.0,0.0,0.0,2.0,0.0,1.0,1.0,2.0,0.0,0.0,9.0,0.0,3.0,0.0,2.0,11.0,2.0,0.0,0.0,0.0,5.0,6.0,1.0,2.0,0.0,2.0,1.0,4.0,0.0,0.0,0.0,0.0,0.0,0.0,6.0,1.0,3.0,0.0,1.0,11.0,3.0,3.0,41.0,0.0,0.0,0.0,13.0,2.0,6.0,7.0,5.0,2.0,1.0,4.0,0.0,1.0,3.0,4.0,5.0,1.0,0.0,0.0,3.0,1.0,32.0,3.0,0.0,1.0,1.0,0.0,10.0,46.0,0.0,0.0,0.0,0.0,3.0,5.0,0.0,1.0,23.0,22.0
117,8.722836053088911e+17,0.0,1.0,0.0,0.0,0.0,0.0,1.0,0.0,0.0,0.0,0.0,0.0,0.0,0.0,0.0,0.0,0.0,0.0,0.0,0.0,0.0,0.0,0.0,0.0,0.0,0.0,0.0,0.0,0.0,0.0,0.0,0.0,0.0,0.0,1.0,0.0,0.0,0.0,0.0,0.0,0.0,0.0,0.0,0.0,0.0,0.0,0.0,0.0,0.0,0.0,1.0,0.0,0.0,0.0,0.0,1.0,0.0,1.0,0.0,0.0,0.0,0.0,0.0,0.0,0.0,0.0,0.0,0.0,0.0,0.0,0.0,0.0,0.0,0.0,0.0,0.0,0.0,0.0,3.0,0.0,0.0,0.0,0.0,0.0,0.0,0.0,0.0,0.0,0.0,0.0,0.0,0.0,0.0,0.0,0.0,0.0,0.0,0.0,0.0,0.0,1.0,0.0,0.0,0.0,0.0,0.0,0.0,0.0,0.0,0.0,0.0,0.0,0.0,0.0,0.0,0.0,0.0,0.0,0.0,0.0,0.0,1.0,0.0,0.0,0.0
118,87636529.0,0.0,0.0,0.0,0.0,1.0,0.0,0.0,0.0,0.0,0.0,0.0,0.0,0.0,0.0,0.0,0.0,0.0,0.0,0.0,0.0,0.0,0.0,0.0,0.0,0.0,0.0,0.0,0.0,0.0,1.0,0.0,0.0,0.0,0.0,0.0,0.0,0.0,0.0,1.0,0.0,0.0,2.0,0.0,0.0,0.0,0.0,0.0,0.0,0.0,0.0,0.0,0.0,0.0,0.0,3.0,0.0,0.0,0.0,0.0,0.0,0.0,0.0,0.0,0.0,0.0,0.0,0.0,0.0,0.0,0.0,0.0,0.0,0.0,0.0,0.0,0.0,1.0,0.0,0.0,0.0,0.0,0.0,0.0,1.0,0.0,0.0,0.0,0.0,0.0,0.0,0.0,0.0,0.0,0.0,0.0,0.0,0.0,1.0,0.0,0.0,0.0,0.0,0.0,0.0,0.0,0.0,0.0,0.0,0.0,0.0,0.0,0.0,0.0,0.0,0.0,0.0,0.0,0.0,1.0,0.0,0.0,0.0,0.0,0.0,0.0
119,878203285.0,155.0,2.0,6.0,1.0,10.0,128.0,1.0,1.0,4.0,0.0,1.0,1.0,3.0,6.0,1.0,1.0,0.0,0.0,1.0,0.0,21.0,3.0,1.0,0.0,0.0,24.0,6.0,4.0,1.0,53.0,25.0,6.0,6.0,1.0,1.0,3.0,1.0,0.0,4.0,3.0,68.0,4.0,3.0,13.0,1.0,1.0,7.0,0.0,0.0,0.0,1.0,0.0,68.0,12.0,7.0,0.0,0.0,6.0,5.0,20.0,14.0,3.0,0.0,0.0,0.0,0.0,2.0,3.0,2.0,31.0,45.0,0.0,5.0,0.0,0.0,1.0,77.0,1.0,5.0,10.0,0.0,29.0,0.0,1098.0,3.0,19.0,0.0,0.0,109.0,5.0,2.0,12.0,1.0,19.0,36.0,8.0,0.0,44.0,0.0,16.0,7.0,3.0,0.0,6.0,1.0,0.0,0.0,6.0,32.0,0.0,3.0,0.0,0.0,29.0,3.0,0.0,0.0,1.0,0.0,0.0,0.0,0.0,10.0,6.0,2.0
120,8.902375517091799e+17,0.0,0.0,0.0,0.0,0.0,0.0,0.0,7.0,0.0,0.0,0.0,0.0,0.0,2.0,6.0,7.0,0.0,0.0,6.0,0.0,0.0,0.0,0.0,0.0,0.0,0.0,13.0,0.0,0.0,0.0,0.0,0.0,0.0,0.0,0.0,0.0,0.0,0.0,0.0,3.0,0.0,0.0,0.0,0.0,0.0,0.0,4.0,0.0,0.0,0.0,0.0,0.0,0.0,0.0,0.0,0.0,0.0,0.0,0.0,0.0,0.0,0.0,0.0,4.0,3.0,0.0,0.0,0.0,0.0,0.0,0.0,0.0,0.0,0.0,0.0,0.0,0.0,0.0,0.0,0.0,0.0,0.0,0.0,0.0,0.0,5.0,0.0,0.0,0.0,1.0,0.0,0.0,2.0,0.0,0.0,1.0,4.0,0.0,0.0,0.0,0.0,0.0,0.0,0.0,0.0,0.0,0.0,19.0,0.0,0.0,0.0,0.0,0.0,0.0,14.0,3.0,0.0,0.0,0.0,0.0,3.0,0.0,0.0,8.0,11.0
121,8.93943926259712e+17,1.0,0.0,2.0,0.0,0.0,0.0,0.0,8.0,0.0,0.0,0.0,0.0,0.0,1.0,8.0,3.0,0.0,0.0,7.0,0.0,1.0,0.0,0.0,0.0,0.0,0.0,8.0,3.0,0.0,0.0,0.0,0.0,2.0,0.0,0.0,0.0,0.0,0.0,0.0,3.0,0.0,0.0,0.0,0.0,0.0,0.0,0.0,0.0,1.0,0.0,0.0,1.0,0.0,0.0,0.0,0.0,0.0,1.0,0.0,1.0,0.0,0.0,0.0,2.0,4.0,2.0,0.0,0.0,1.0,4.0,0.0,0.0,0.0,0.0,0.0,0.0,0.0,3.0,0.0,0.0,0.0,0.0,3.0,1.0,0.0,9.0,0.0,0.0,0.0,1.0,0.0,1.0,2.0,0.0,2.0,2.0,1.0,0.0,0.0,0.0,0.0,0.0,1.0,0.0,0.0,0.0,0.0,8.0,0.0,0.0,0.0,0.0,0.0,1.0,9.0,5.0,0.0,0.0,0.0,3.0,0.0,0.0,0.0,9.0,6.0
122,8.957081426417172e+17,0.0,0.0,0.0,0.0,0.0,0.0,0.0,0.0,0.0,0.0,0.0,0.0,0.0,0.0,0.0,0.0,0.0,0.0,0.0,0.0,0.0,0.0,0.0,0.0,0.0,0.0,0.0,0.0,0.0,0.0,0.0,0.0,0.0,0.0,0.0,0.0,0.0,0.0,0.0,0.0,0.0,0.0,0.0,0.0,0.0,2.0,0.0,0.0,0.0,0.0,0.0,0.0,0.0,0.0,0.0,0.0,0.0,1.0,0.0,0.0,0.0,0.0,0.0,0.0,0.0,0.0,0.0,0.0,0.0,0.0,0.0,0.0,0.0,0.0,0.0,1.0,0.0,0.0,0.0,0.0,0.0,0.0,0.0,0.0,0.0,0.0,0.0,0.0,0.0,0.0,0.0,0.0,0.0,0.0,0.0,0.0,0.0,0.0,0.0,0.0,0.0,0.0,0.0,0.0,0.0,0.0,0.0,0.0,0.0,0.0,0.0,0.0,0.0,1.0,0.0,0.0,1.0,0.0,0.0,0.0,0.0,0.0,0.0,0.0,0.0
123,9.145219364865884e+17,8.0,0.0,0.0,0.0,0.0,0.0,0.0,0.0,1.0,0.0,1.0,0.0,0.0,5.0,0.0,0.0,0.0,0.0,0.0,3.0,11.0,0.0,0.0,0.0,0.0,2.0,2.0,0.0,1.0,0.0,5.0,0.0,0.0,0.0,0.0,0.0,0.0,5.0,0.0,0.0,0.0,0.0,0.0,0.0,0.0,0.0,0.0,0.0,0.0,0.0,4.0,0.0,0.0,3.0,0.0,1.0,0.0,8.0,6.0,3.0,0.0,0.0,0.0,0.0,0.0,0.0,0.0,0.0,3.0,1.0,6.0,0.0,5.0,0.0,0.0,1.0,1.0,1.0,1.0,5.0,2.0,0.0,1.0,2.0,0.0,9.0,0.0,0.0,0.0,2.0,3.0,6.0,0.0,82.0,4.0,6.0,3.0,0.0,0.0,30.0,8.0,4.0,0.0,0.0,0.0,0.0,0.0,0.0,1.0,1.0,0.0,0.0,0.0,106.0,0.0,1.0,0.0,0.0,10.0,0.0,0.0,0.0,0.0,4.0,1.0
124,923124043.0,9.0,1.0,3.0,1.0,0.0,1.0,2.0,38.0,2.0,0.0,1.0,1.0,2.0,32.0,21.0,20.0,0.0,0.0,27.0,0.0,5.0,3.0,1.0,3.0,0.0,1.0,63.0,12.0,0.0,3.0,10.0,4.0,9.0,0.0,1.0,2.0,2.0,1.0,2.0,16.0,0.0,1.0,0.0,4.0,1.0,1.0,7.0,0.0,1.0,0.0,3.0,1.0,0.0,7.0,1.0,1.0,1.0,5.0,24.0,5.0,0.0,0.0,0.0,9.0,10.0,0.0,4.0,2.0,5.0,0.0,6.0,1.0,0.0,0.0,0.0,1.0,0.0,9.0,1.0,3.0,0.0,1.0,19.0,4.0,5.0,70.0,0.0,0.0,3.0,14.0,1.0,15.0,4.0,7.0,0.0,17.0,5.0,0.0,0.0,8.0,5.0,3.0,2.0,0.0,1.0,0.0,1.0,73.0,0.0,0.0,3.0,1.0,0.0,10.0,54.0,23.0,0.0,0.0,6.0,8.0,9.0,0.0,4.0,0.0,32.0
125,93617861.0,11.0,0.0,2.0,0.0,6.0,0.0,1.0,27.0,3.0,1.0,0.0,1.0,1.0,26.0,35.0,19.0,0.0,0.0,26.0,0.0,6.0,6.0,2.0,12.0,0.0,2.0,71.0,7.0,0.0,2.0,13.0,2.0,6.0,1.0,0.0,3.0,4.0,0.0,0.0,16.0,0.0,0.0,1.0,7.0,0.0,1.0,5.0,0.0,0.0,0.0,2.0,0.0,0.0,16.0,1.0,0.0,1.0,10.0,22.0,3.0,0.0,0.0,3.0,10.0,7.0,0.0,21.0,2.0,13.0,1.0,6.0,0.0,1.0,0.0,0.0,4.0,0.0,14.0,1.0,13.0,0.0,1.0,3.0,1.0,4.0,80.0,0.0,0.0,0.0,18.0,2.0,19.0,14.0,4.0,0.0,8.0,7.0,0.0,2.0,3.0,10.0,2.0,4.0,1.0,1.0,5.0,1.0,116.0,2.0,0.0,1.0,6.0,0.0,12.0,80.0,22.0,0.0,0.0,2.0,11.0,6.0,0.0,1.0,32.0,0.0
