,0,1,2,3,4,5,6,7,8,9,10,11,12,13,14,15,16,17,18,19,20,21,22,23,24,25,26,27,28,29,30,31,32,33,34,35,36,37,38,39,40,41,42,43,44,45,46,47,48,49,50,51,52,53,54,55,56,57,58,59,60,61,62,63,64,65,66,67,68,69,70,71,72,73,74,75,76,77,78,79,80,81,82,83,84,85,86,87,88,89,90,91,92,93,94,95,96,97,98,99,100,101,102,103,104,105,106,107,108,109,110,111,112,113,114,115,116,117,118,119,120,121,122,123,124,125,126,127,128,129,130,131,132,133,134,135,136,137,138,139,140,141,142,143,144,145,146
0,-1.0,1003180843.0,100429276.0,1011916519.0,101258468.0,104794259.0,108520642.0,1110840294.0,111901848.0,1173501156.0,117648035.0,117683777.0,118593643.0,122322961.0,128547430.0,130027649.0,13013112.0,13203032.0,1354594075.0,136522872.0,1372440206.0,138278423.0,14223083.0,14311121.0,1434246793.0,14416772.0,14428536.0,144423696.0,144800132.0,144988686.0,145653437.0,14627953.0,146900193.0,14714136.0,148786408.0,149580057.0,152205174.0,155517993.0,16351147.0,16418528.0,164666306.0,16470319.0,16542463.0,169085447.0,169344983.0,16947322.0,173424834.0,173816060.0,1799044873.0,183437799.0,1883645040.0,188951688.0,19662889.0,19685758.0,217868517.0,218192899.0,2203756369.0,22256003.0,223721302.0,2261276785.0,2263781.0,22893133.0,23016462.0,231584136.0,237598493.0,239262644.0,23991729.0,2426665586.0,244051691.0,24728451.0,2473190790.0,251726691.0,252870274.0,256882565.0,257509172.0,2597367997.0,267381680.0,278527917.0,282916645.0,2856528830.0,2903653111.0,294634289.0,301586617.0,302282119.0,3129259739.0,317686278.0,321312701.0,3401741893.0,342169792.0,35116562.0,361704573.0,36453220.0,369849906.0,371088454.0,39024549.0,39182840.0,39807785.0,424447494.0,424869429.0,43681750.0,438485176.0,45339187.0,4677857995.0,4702623439.0,519278044.0,56760214.0,578770422.0,60822560.0,61211437.0,614694299.0,61673414.0,623305651.0,62558115.0,62972086.0,63069724.0,63789515.0,64558929.0,64655031.0,64694303.0,66632083.0,67003253.0,69801190.0,69839181.0,71574221.0,71834922.0,72161620.0,72302410.0,72315090.0,72772802.0,7.361332612487291e+17,73857971.0,75247808.0,76026916.0,772051465.0,77374206.0,77736938.0,78028120.0,79709053.0,80874374.0,81850109.0,82032959.0,84209996.0,85580306.0,86642928.0,86819813.0,89228602.0,92790454.0
1,1003180843.0,0.0,1.0,0.0,1.0,1.0,1.0,1.0,0.0,1.0,2.0,0.0,0.0,0.0,1.0,10.0,0.0,1.0,1.0,0.0,1.0,0.0,1.0,1.0,1.0,1.0,1.0,0.0,0.0,0.0,0.0,0.0,0.0,0.0,0.0,6.0,1.0,2.0,1.0,1.0,0.0,1.0,0.0,0.0,1.0,1.0,0.0,1.0,0.0,0.0,1.0,1.0,1.0,0.0,0.0,0.0,0.0,1.0,2.0,0.0,0.0,0.0,1.0,0.0,4.0,1.0,3.0,0.0,0.0,2.0,0.0,1.0,0.0,1.0,1.0,1.0,0.0,1.0,0.0,6.0,0.0,1.0,0.0,0.0,2.0,1.0,0.0,1.0,0.0,2.0,5.0,1.0,1.0,1.0,1.0,8.0,0.0,2.0,1.0,1.0,2.0,4.0,0.0,1.0,0.0,2.0,1.0,1.0,1.0,1.0,1.0,0.0,0.0,0.0,2.0,0.0,1.0,0.0,1.0,1.0,1.0,1.0,2.0,1.0,1.0,1.0,1.0,2.0,1.0,0.0,1.0,0.0,2.0,0.0,1.0,1.0,1.0,0.0,0.0,0.0,0.0,1.0,0.0,1.0,0.0,0.0,0.0
2,100429276.0,1.0,0.0,0.0,1.0,8.0,2.0,1.0,0.0,11.0,0.0,0.0,6.0,0.0,2.0,0.0,4.0,12.0,16.0,4.0,1.0,0.0,6.0,6.0,5.0,10.0,17.0,0.0,1.0,5.0,4.0,4.0,1.0,5.0,0.0,0.0,11.0,9.0,2.0,2.0,3.0,1.0,4.0,0.0,3.0,0.0,2.0,5.0,3.0,3.0,1.0,1.0,2.0,7.0,0.0,0.0,0.0,8.0,7.0,0.0,0.0,0.0,6.0,0.0,1.0,1.0,11.0,7.0,0.0,2.0,2.0,2.0,1.0,1.0,1.0,1.0,2.0,19.0,3.0,0.0,0.0,6.0,0.0,0.0,1.0,2.0,12.0,2.0,0.0,9.0,0.0,7.0,6.0,1.0,13.0,1.0,0.0,2.0,1.0,2.0,17.0,0.0,1.0,0.0,5.0,1.0,5.0,6.0,15.0,16.0,5.0,0.0,10.0,1.0,7.0,11.0,5.0,0.0,6.0,1.0,4.0,6.0,1.0,2.0,15.0,6.0,5.0,12.0,14.0,6.0,3.0,0.0,1.0,3.0,11.0,1.0,1.0,2.0,0.0,0.0,3.0,2.0,7.0,12.0,5.0,4.0,0.0
3,1011916519.0,0.0,0.0,0.0,1.0,0.0,3.0,8.0,0.0,4.0,0.0,2.0,1.0,0.0,1.0,0.0,0.0,5.0,0.0,0.0,0.0,10.0,5.0,0.0,1.0,1.0,13.0,5.0,23.0,2.0,0.0,0.0,0.0,1.0,2.0,0.0,5.0,2.0,0.0,22.0,0.0,0.0,0.0,5.0,0.0,15.0,1.0,0.0,0.0,0.0,9.0,1.0,13.0,0.0,10.0,2.0,0.0,0.0,2.0,0.0,0.0,0.0,17.0,0.0,4.0,0.0,15.0,0.0,0.0,0.0,0.0,36.0,0.0,1.0,1.0,1.0,0.0,12.0,0.0,2.0,0.0,1.0,5.0,0.0,11.0,0.0,0.0,2.0,2.0,1.0,0.0,0.0,0.0,74.0,10.0,0.0,1.0,3.0,1.0,29.0,6.0,11.0,4.0,46.0,2.0,2.0,3.0,7.0,4.0,0.0,1.0,5.0,0.0,1.0,7.0,2.0,0.0,1.0,0.0,1.0,1.0,0.0,24.0,0.0,0.0,2.0,1.0,4.0,9.0,1.0,0.0,0.0,2.0,0.0,0.0,1.0,8.0,0.0,1.0,1.0,4.0,1.0,5.0,0.0,0.0,0.0,0.0
4,101258468.0,1.0,1.0,1.0,0.0,1.0,1.0,1.0,5.0,1.0,0.0,0.0,0.0,6.0,1.0,2.0,0.0,1.0,1.0,0.0,1.0,1.0,2.0,0.0,3.0,1.0,3.0,1.0,1.0,1.0,0.0,0.0,0.0,0.0,0.0,1.0,4.0,1.0,1.0,2.0,0.0,1.0,0.0,0.0,1.0,0.0,0.0,1.0,0.0,0.0,1.0,1.0,1.0,0.0,0.0,0.0,0.0,1.0,1.0,3.0,0.0,0.0,1.0,0.0,1.0,1.0,3.0,0.0,1.0,1.0,0.0,2.0,0.0,1.0,10.0,1.0,0.0,3.0,0.0,0.0,0.0,1.0,0.0,0.0,3.0,1.0,0.0,3.0,0.0,3.0,0.0,2.0,2.0,1.0,3.0,2.0,0.0,1.0,1.0,5.0,3.0,0.0,0.0,3.0,0.0,9.0,1.0,0.0,4.0,2.0,1.0,0.0,0.0,0.0,3.0,0.0,1.0,0.0,0.0,1.0,1.0,1.0,3.0,0.0,1.0,3.0,2.0,3.0,4.0,0.0,1.0,0.0,12.0,1.0,1.0,18.0,7.0,0.0,0.0,0.0,2.0,2.0,0.0,1.0,0.0,0.0,0.0
5,104794259.0,1.0,8.0,0.0,1.0,0.0,1.0,1.0,0.0,56.0,0.0,1.0,26.0,1.0,18.0,2.0,8.0,49.0,143.0,12.0,1.0,1.0,31.0,10.0,35.0,9.0,63.0,0.0,3.0,29.0,22.0,18.0,1.0,37.0,0.0,0.0,110.0,148.0,3.0,2.0,37.0,10.0,27.0,1.0,11.0,2.0,13.0,62.0,17.0,65.0,2.0,1.0,4.0,40.0,0.0,0.0,0.0,89.0,22.0,0.0,0.0,0.0,13.0,1.0,1.0,1.0,89.0,39.0,1.0,1.0,8.0,3.0,7.0,1.0,1.0,1.0,40.0,204.0,6.0,1.0,2.0,28.0,2.0,14.0,3.0,36.0,79.0,30.0,2.0,29.0,0.0,61.0,81.0,6.0,49.0,1.0,1.0,17.0,1.0,5.0,156.0,1.0,1.0,5.0,52.0,3.0,6.0,44.0,45.0,120.0,50.0,0.0,37.0,22.0,75.0,69.0,5.0,0.0,68.0,5.0,34.0,22.0,2.0,47.0,118.0,58.0,30.0,91.0,55.0,30.0,13.0,3.0,6.0,10.0,83.0,1.0,3.0,0.0,15.0,0.0,31.0,31.0,37.0,122.0,18.0,48.0,0.0
6,108520642.0,1.0,2.0,3.0,1.0,1.0,0.0,2.0,0.0,4.0,0.0,0.0,1.0,1.0,2.0,2.0,0.0,3.0,1.0,1.0,1.0,2.0,6.0,1.0,3.0,2.0,6.0,0.0,8.0,1.0,0.0,1.0,0.0,0.0,0.0,1.0,2.0,5.0,3.0,8.0,0.0,1.0,0.0,0.0,2.0,4.0,1.0,1.0,0.0,2.0,6.0,3.0,14.0,0.0,2.0,0.0,0.0,3.0,1.0,0.0,0.0,0.0,17.0,0.0,1.0,2.0,20.0,1.0,0.0,2.0,0.0,12.0,0.0,1.0,2.0,1.0,0.0,15.0,1.0,5.0,0.0,1.0,11.0,0.0,7.0,0.0,0.0,1.0,4.0,2.0,0.0,3.0,2.0,15.0,9.0,1.0,2.0,4.0,1.0,17.0,3.0,12.0,4.0,17.0,1.0,5.0,3.0,5.0,9.0,2.0,1.0,0.0,0.0,1.0,3.0,4.0,2.0,8.0,0.0,1.0,2.0,1.0,8.0,0.0,2.0,3.0,2.0,10.0,6.0,0.0,1.0,0.0,4.0,0.0,1.0,3.0,6.0,1.0,0.0,0.0,0.0,2.0,1.0,2.0,0.0,0.0,0.0
7,1110840294.0,1.0,1.0,8.0,1.0,1.0,2.0,0.0,0.0,1.0,1.0,2.0,1.0,0.0,2.0,2.0,0.0,1.0,1.0,0.0,1.0,3.0,1.0,0.0,1.0,1.0,1.0,4.0,4.0,0.0,0.0,0.0,0.0,0.0,0.0,0.0,1.0,1.0,1.0,6.0,0.0,1.0,0.0,2.0,1.0,2.0,0.0,1.0,0.0,0.0,12.0,2.0,8.0,0.0,3.0,0.0,0.0,2.0,2.0,0.0,0.0,0.0,6.0,0.0,1.0,1.0,5.0,0.0,5.0,1.0,0.0,21.0,0.0,1.0,2.0,1.0,0.0,2.0,0.0,1.0,0.0,2.0,4.0,0.0,10.0,1.0,0.0,1.0,1.0,1.0,0.0,1.0,1.0,21.0,2.0,1.0,0.0,2.0,1.0,6.0,4.0,3.0,6.0,24.0,1.0,2.0,4.0,1.0,4.0,1.0,1.0,1.0,0.0,1.0,3.0,1.0,1.0,1.0,0.0,2.0,1.0,1.0,17.0,0.0,1.0,1.0,2.0,5.0,3.0,1.0,1.0,0.0,2.0,0.0,1.0,1.0,2.0,0.0,0.0,0.0,0.0,1.0,0.0,1.0,0.0,0.0,0.0
8,111901848.0,0.0,0.0,0.0,5.0,0.0,0.0,0.0,0.0,0.0,0.0,0.0,0.0,1.0,0.0,0.0,0.0,0.0,0.0,0.0,0.0,0.0,0.0,0.0,0.0,0.0,2.0,0.0,0.0,1.0,0.0,0.0,0.0,0.0,0.0,0.0,2.0,0.0,0.0,0.0,0.0,0.0,0.0,0.0,1.0,0.0,0.0,0.0,0.0,0.0,0.0,1.0,0.0,0.0,0.0,0.0,0.0,0.0,0.0,8.0,0.0,0.0,1.0,0.0,0.0,0.0,1.0,0.0,0.0,0.0,0.0,0.0,0.0,0.0,15.0,0.0,0.0,2.0,0.0,0.0,0.0,0.0,0.0,1.0,0.0,0.0,0.0,0.0,0.0,2.0,0.0,1.0,0.0,0.0,2.0,1.0,0.0,0.0,0.0,1.0,1.0,0.0,0.0,0.0,0.0,2.0,0.0,0.0,1.0,0.0,0.0,0.0,0.0,0.0,1.0,0.0,0.0,0.0,0.0,0.0,0.0,0.0,1.0,0.0,1.0,0.0,1.0,1.0,1.0,0.0,0.0,0.0,3.0,0.0,0.0,0.0,1.0,0.0,0.0,0.0,0.0,1.0,0.0,1.0,0.0,0.0,0.0
9,1173501156.0,1.0,11.0,4.0,1.0,56.0,4.0,1.0,0.0,0.0,0.0,0.0,32.0,0.0,18.0,2.0,8.0,38.0,61.0,5.0,1.0,0.0,29.0,11.0,9.0,15.0,109.0,1.0,18.0,28.0,11.0,20.0,1.0,25.0,0.0,1.0,47.0,58.0,3.0,22.0,15.0,7.0,9.0,0.0,5.0,4.0,4.0,29.0,11.0,15.0,3.0,1.0,16.0,32.0,3.0,0.0,0.0,42.0,11.0,0.0,0.0,0.0,10.0,0.0,1.0,1.0,69.0,35.0,1.0,1.0,9.0,33.0,2.0,1.0,1.0,2.0,11.0,93.0,7.0,3.0,1.0,29.0,1.0,11.0,1.0,6.0,44.0,15.0,4.0,37.0,0.0,17.0,27.0,36.0,73.0,2.0,0.0,20.0,1.0,27.0,92.0,5.0,4.0,18.0,12.0,4.0,9.0,46.0,65.0,69.0,30.0,1.0,25.0,14.0,53.0,33.0,13.0,1.0,24.0,3.0,16.0,14.0,1.0,9.0,48.0,31.0,24.0,74.0,64.0,15.0,7.0,0.0,4.0,13.0,47.0,1.0,7.0,1.0,3.0,0.0,22.0,17.0,39.0,59.0,21.0,26.0,0.0
10,117648035.0,2.0,0.0,0.0,0.0,0.0,0.0,1.0,0.0,0.0,0.0,0.0,0.0,0.0,0.0,4.0,0.0,0.0,0.0,0.0,0.0,5.0,6.0,1.0,0.0,0.0,2.0,0.0,2.0,0.0,0.0,0.0,0.0,1.0,1.0,0.0,2.0,4.0,0.0,2.0,0.0,0.0,1.0,0.0,0.0,2.0,0.0,0.0,0.0,0.0,1.0,0.0,3.0,0.0,1.0,0.0,2.0,2.0,0.0,0.0,0.0,0.0,4.0,0.0,1.0,0.0,5.0,0.0,0.0,0.0,0.0,2.0,0.0,0.0,0.0,0.0,0.0,3.0,0.0,6.0,2.0,4.0,2.0,0.0,1.0,0.0,0.0,5.0,0.0,1.0,0.0,0.0,0.0,3.0,3.0,6.0,0.0,1.0,0.0,4.0,5.0,1.0,1.0,1.0,1.0,2.0,1.0,2.0,0.0,0.0,4.0,0.0,1.0,0.0,4.0,1.0,0.0,1.0,2.0,0.0,0.0,0.0,3.0,0.0,0.0,0.0,0.0,1.0,2.0,0.0,0.0,0.0,1.0,0.0,0.0,0.0,1.0,0.0,0.0,0.0,0.0,0.0,0.0,12.0,0.0,0.0,0.0
11,117683777.0,0.0,0.0,2.0,0.0,1.0,0.0,2.0,0.0,0.0,0.0,0.0,0.0,0.0,0.0,0.0,0.0,0.0,0.0,0.0,0.0,2.0,0.0,0.0,0.0,0.0,0.0,1.0,3.0,0.0,0.0,0.0,0.0,0.0,0.0,0.0,0.0,0.0,0.0,1.0,0.0,0.0,0.0,1.0,0.0,2.0,0.0,0.0,0.0,0.0,1.0,0.0,1.0,0.0,2.0,0.0,0.0,0.0,0.0,0.0,0.0,0.0,0.0,0.0,0.0,0.0,0.0,0.0,0.0,0.0,0.0,3.0,0.0,0.0,0.0,0.0,0.0,0.0,0.0,0.0,0.0,0.0,0.0,0.0,1.0,0.0,0.0,0.0,0.0,0.0,0.0,0.0,0.0,4.0,0.0,0.0,0.0,0.0,0.0,1.0,0.0,0.0,1.0,3.0,0.0,0.0,0.0,0.0,0.0,0.0,0.0,1.0,0.0,0.0,0.0,0.0,0.0,0.0,0.0,0.0,0.0,0.0,1.0,0.0,0.0,0.0,0.0,0.0,0.0,0.0,0.0,0.0,0.0,0.0,0.0,0.0,0.0,0.0,0.0,0.0,0.0,0.0,0.0,0.0,0.0,0.0,0.0
12,118593643.0,0.0,6.0,1.0,0.0,26.0,1.0,1.0,0.0,32.0,0.0,0.0,0.0,0.0,17.0,1.0,4.0,19.0,42.0,7.0,0.0,0.0,19.0,5.0,6.0,3.0,29.0,0.0,1.0,22.0,13.0,18.0,1.0,14.0,0.0,1.0,34.0,80.0,0.0,1.0,14.0,12.0,11.0,1.0,4.0,1.0,7.0,32.0,17.0,14.0,2.0,1.0,3.0,22.0,0.0,0.0,0.0,37.0,9.0,0.0,0.0,0.0,7.0,0.0,0.0,0.0,52.0,40.0,1.0,0.0,7.0,3.0,1.0,0.0,1.0,0.0,9.0,95.0,9.0,2.0,0.0,24.0,2.0,10.0,2.0,7.0,27.0,7.0,1.0,8.0,0.0,13.0,20.0,3.0,48.0,1.0,0.0,2.0,0.0,3.0,95.0,1.0,2.0,3.0,10.0,2.0,4.0,14.0,67.0,76.0,21.0,0.0,9.0,14.0,32.0,28.0,5.0,1.0,18.0,1.0,6.0,11.0,1.0,7.0,49.0,41.0,24.0,67.0,60.0,11.0,6.0,0.0,2.0,8.0,79.0,0.0,1.0,0.0,4.0,0.0,16.0,12.0,12.0,35.0,20.0,12.0,0.0
13,122322961.0,0.0,0.0,0.0,6.0,1.0,1.0,0.0,1.0,0.0,0.0,0.0,0.0,0.0,1.0,2.0,0.0,1.0,0.0,0.0,0.0,2.0,0.0,1.0,0.0,0.0,1.0,1.0,1.0,1.0,0.0,0.0,0.0,4.0,0.0,1.0,1.0,3.0,0.0,2.0,0.0,0.0,1.0,0.0,1.0,0.0,0.0,0.0,0.0,0.0,0.0,0.0,1.0,0.0,0.0,0.0,0.0,4.0,8.0,6.0,0.0,0.0,1.0,0.0,0.0,0.0,0.0,0.0,0.0,0.0,0.0,1.0,0.0,0.0,16.0,0.0,0.0,4.0,0.0,0.0,0.0,4.0,6.0,0.0,7.0,7.0,0.0,0.0,3.0,1.0,1.0,0.0,0.0,8.0,1.0,2.0,0.0,0.0,1.0,2.0,1.0,6.0,0.0,2.0,3.0,6.0,1.0,0.0,0.0,0.0,0.0,0.0,0.0,0.0,0.0,0.0,0.0,1.0,0.0,0.0,4.0,0.0,4.0,0.0,0.0,1.0,0.0,0.0,1.0,3.0,2.0,1.0,5.0,0.0,1.0,1.0,8.0,0.0,0.0,0.0,0.0,0.0,1.0,1.0,0.0,0.0,0.0
14,128547430.0,1.0,2.0,1.0,1.0,18.0,2.0,2.0,0.0,18.0,0.0,0.0,17.0,1.0,0.0,1.0,2.0,5.0,27.0,3.0,2.0,1.0,12.0,3.0,2.0,2.0,22.0,4.0,3.0,11.0,3.0,10.0,0.0,6.0,0.0,0.0,21.0,29.0,2.0,6.0,8.0,9.0,6.0,2.0,5.0,1.0,6.0,17.0,8.0,6.0,3.0,1.0,5.0,9.0,0.0,0.0,0.0,22.0,6.0,0.0,0.0,0.0,6.0,0.0,1.0,1.0,24.0,21.0,3.0,2.0,9.0,7.0,1.0,1.0,1.0,1.0,2.0,34.0,4.0,0.0,1.0,18.0,3.0,8.0,8.0,4.0,13.0,11.0,5.0,11.0,0.0,4.0,16.0,4.0,18.0,1.0,0.0,3.0,1.0,7.0,34.0,3.0,3.0,9.0,9.0,2.0,4.0,7.0,22.0,27.0,6.0,0.0,10.0,12.0,30.0,8.0,5.0,0.0,11.0,6.0,2.0,7.0,5.0,8.0,20.0,21.0,13.0,25.0,18.0,11.0,4.0,2.0,3.0,7.0,22.0,1.0,2.0,0.0,1.0,0.0,19.0,9.0,9.0,15.0,13.0,10.0,0.0
15,130027649.0,10.0,0.0,0.0,2.0,2.0,2.0,2.0,0.0,2.0,4.0,0.0,1.0,2.0,1.0,0.0,2.0,1.0,1.0,0.0,0.0,1.0,0.0,1.0,1.0,0.0,3.0,4.0,8.0,2.0,1.0,2.0,0.0,2.0,0.0,28.0,5.0,8.0,0.0,3.0,1.0,0.0,0.0,0.0,0.0,6.0,0.0,0.0,0.0,0.0,0.0,0.0,6.0,2.0,1.0,0.0,0.0,17.0,1.0,1.0,0.0,0.0,9.0,0.0,3.0,1.0,15.0,5.0,6.0,2.0,0.0,5.0,0.0,0.0,8.0,0.0,0.0,13.0,0.0,30.0,0.0,0.0,4.0,2.0,1.0,0.0,0.0,0.0,2.0,2.0,18.0,1.0,2.0,9.0,4.0,25.0,0.0,2.0,0.0,8.0,7.0,6.0,8.0,14.0,5.0,3.0,2.0,5.0,7.0,1.0,1.0,0.0,1.0,5.0,0.0,0.0,0.0,0.0,1.0,1.0,2.0,0.0,5.0,1.0,5.0,2.0,1.0,8.0,4.0,0.0,4.0,0.0,0.0,0.0,0.0,0.0,4.0,0.0,0.0,0.0,0.0,1.0,0.0,1.0,0.0,1.0,0.0
16,13013112.0,0.0,4.0,0.0,0.0,8.0,0.0,0.0,0.0,8.0,0.0,0.0,4.0,0.0,2.0,2.0,0.0,8.0,14.0,3.0,0.0,0.0,4.0,2.0,9.0,3.0,12.0,0.0,1.0,5.0,1.0,4.0,0.0,6.0,0.0,1.0,7.0,12.0,1.0,1.0,2.0,1.0,5.0,0.0,1.0,0.0,2.0,3.0,2.0,5.0,0.0,0.0,1.0,4.0,0.0,0.0,0.0,14.0,2.0,0.0,0.0,0.0,3.0,0.0,0.0,0.0,10.0,10.0,0.0,0.0,0.0,4.0,0.0,0.0,0.0,0.0,2.0,19.0,3.0,3.0,1.0,2.0,0.0,3.0,0.0,3.0,13.0,1.0,0.0,5.0,0.0,5.0,9.0,3.0,10.0,1.0,0.0,0.0,0.0,2.0,21.0,0.0,2.0,3.0,6.0,0.0,2.0,10.0,10.0,10.0,5.0,0.0,8.0,5.0,6.0,7.0,1.0,0.0,7.0,1.0,8.0,4.0,0.0,9.0,12.0,5.0,4.0,16.0,8.0,3.0,2.0,0.0,0.0,0.0,6.0,0.0,0.0,1.0,0.0,0.0,3.0,2.0,8.0,8.0,2.0,2.0,0.0
17,13203032.0,1.0,12.0,5.0,1.0,49.0,3.0,1.0,0.0,38.0,0.0,0.0,19.0,1.0,5.0,1.0,8.0,0.0,56.0,8.0,2.0,1.0,28.0,18.0,32.0,17.0,83.0,0.0,15.0,38.0,12.0,11.0,1.0,74.0,0.0,0.0,41.0,71.0,6.0,7.0,11.0,15.0,13.0,0.0,5.0,2.0,13.0,22.0,10.0,20.0,3.0,1.0,14.0,55.0,1.0,1.0,0.0,84.0,13.0,0.0,0.0,0.0,10.0,1.0,2.0,2.0,67.0,30.0,0.0,1.0,1.0,10.0,0.0,1.0,1.0,3.0,6.0,147.0,7.0,1.0,1.0,14.0,2.0,8.0,3.0,17.0,56.0,9.0,3.0,29.0,0.0,39.0,28.0,16.0,48.0,2.0,1.0,11.0,2.0,15.0,88.0,4.0,1.0,9.0,29.0,5.0,10.0,34.0,41.0,89.0,42.0,0.0,30.0,18.0,37.0,43.0,7.0,1.0,30.0,5.0,48.0,28.0,4.0,21.0,61.0,28.0,22.0,62.0,58.0,13.0,5.0,0.0,1.0,3.0,66.0,2.0,4.0,1.0,6.0,0.0,23.0,16.0,29.0,74.0,10.0,16.0,0.0
18,1354594075.0,1.0,16.0,0.0,1.0,143.0,1.0,1.0,0.0,61.0,0.0,0.0,42.0,0.0,27.0,1.0,14.0,56.0,0.0,10.0,1.0,0.0,35.0,22.0,52.0,17.0,85.0,0.0,0.0,31.0,18.0,33.0,1.0,51.0,0.0,0.0,111.0,173.0,4.0,2.0,32.0,22.0,25.0,1.0,10.0,0.0,27.0,51.0,21.0,46.0,2.0,1.0,2.0,41.0,0.0,0.0,0.0,117.0,18.0,0.0,0.0,0.0,8.0,21.0,1.0,1.0,94.0,62.0,0.0,1.0,11.0,2.0,10.0,1.0,1.0,1.0,30.0,230.0,9.0,0.0,4.0,35.0,0.0,25.0,2.0,34.0,92.0,27.0,1.0,40.0,0.0,60.0,77.0,2.0,55.0,1.0,0.0,12.0,1.0,2.0,170.0,0.0,0.0,1.0,53.0,2.0,11.0,57.0,65.0,127.0,46.0,0.0,57.0,40.0,98.0,67.0,9.0,0.0,59.0,10.0,38.0,30.0,1.0,51.0,151.0,56.0,30.0,108.0,69.0,60.0,10.0,1.0,2.0,13.0,100.0,1.0,2.0,2.0,11.0,0.0,41.0,36.0,47.0,171.0,25.0,47.0,0.0
19,136522872.0,0.0,4.0,0.0,0.0,12.0,1.0,0.0,0.0,5.0,0.0,0.0,7.0,0.0,3.0,0.0,3.0,8.0,10.0,0.0,0.0,0.0,9.0,3.0,2.0,2.0,9.0,0.0,1.0,5.0,6.0,3.0,0.0,6.0,0.0,0.0,14.0,15.0,2.0,1.0,4.0,1.0,4.0,0.0,3.0,0.0,1.0,12.0,5.0,7.0,0.0,0.0,2.0,4.0,0.0,0.0,0.0,9.0,3.0,0.0,0.0,0.0,7.0,0.0,0.0,0.0,11.0,6.0,0.0,1.0,1.0,3.0,0.0,0.0,0.0,0.0,6.0,14.0,4.0,0.0,1.0,6.0,0.0,2.0,1.0,5.0,8.0,2.0,0.0,4.0,0.0,10.0,9.0,2.0,11.0,0.0,0.0,2.0,0.0,2.0,13.0,0.0,1.0,2.0,4.0,0.0,0.0,3.0,10.0,12.0,9.0,0.0,4.0,3.0,7.0,12.0,2.0,0.0,7.0,1.0,6.0,4.0,2.0,4.0,6.0,12.0,6.0,10.0,8.0,2.0,3.0,0.0,0.0,0.0,13.0,1.0,0.0,0.0,0.0,0.0,7.0,5.0,8.0,10.0,3.0,7.0,0.0
20,1372440206.0,1.0,1.0,0.0,1.0,1.0,1.0,1.0,0.0,1.0,0.0,0.0,0.0,0.0,2.0,0.0,0.0,2.0,1.0,0.0,0.0,0.0,1.0,3.0,1.0,1.0,2.0,2.0,0.0,0.0,0.0,0.0,0.0,2.0,0.0,0.0,1.0,1.0,1.0,1.0,0.0,1.0,0.0,0.0,1.0,0.0,2.0,1.0,0.0,0.0,1.0,1.0,1.0,0.0,0.0,0.0,0.0,4.0,1.0,0.0,0.0,0.0,1.0,0.0,1.0,1.0,2.0,0.0,1.0,1.0,0.0,1.0,0.0,1.0,1.0,1.0,0.0,3.0,0.0,0.0,2.0,1.0,1.0,0.0,2.0,2.0,0.0,1.0,2.0,1.0,1.0,1.0,1.0,1.0,1.0,1.0,0.0,1.0,1.0,1.0,4.0,1.0,0.0,2.0,2.0,1.0,1.0,0.0,3.0,1.0,1.0,0.0,0.0,1.0,4.0,0.0,1.0,0.0,0.0,1.0,1.0,1.0,2.0,1.0,9.0,1.0,3.0,1.0,1.0,1.0,2.0,0.0,1.0,0.0,1.0,1.0,1.0,0.0,0.0,0.0,1.0,1.0,0.0,4.0,0.0,0.0,0.0
21,138278423.0,0.0,0.0,10.0,1.0,1.0,2.0,3.0,0.0,0.0,5.0,2.0,0.0,2.0,1.0,1.0,0.0,1.0,0.0,0.0,0.0,0.0,2.0,0.0,1.0,0.0,0.0,6.0,13.0,4.0,0.0,0.0,0.0,2.0,1.0,0.0,1.0,6.0,0.0,6.0,0.0,0.0,1.0,5.0,1.0,13.0,0.0,0.0,0.0,0.0,4.0,0.0,5.0,2.0,6.0,0.0,1.0,2.0,2.0,0.0,0.0,0.0,4.0,0.0,0.0,0.0,10.0,0.0,3.0,0.0,0.0,11.0,0.0,0.0,0.0,0.0,0.0,7.0,0.0,2.0,2.0,5.0,5.0,0.0,11.0,1.0,0.0,3.0,6.0,0.0,0.0,0.0,0.0,34.0,3.0,0.0,1.0,0.0,0.0,14.0,4.0,2.0,3.0,20.0,3.0,1.0,1.0,5.0,1.0,0.0,2.0,5.0,1.0,2.0,1.0,1.0,0.0,1.0,0.0,0.0,2.0,0.0,16.0,0.0,0.0,2.0,0.0,0.0,4.0,1.0,0.0,1.0,1.0,0.0,1.0,0.0,7.0,0.0,0.0,1.0,0.0,0.0,0.0,6.0,0.0,0.0,0.0
22,14223083.0,1.0,6.0,5.0,2.0,31.0,6.0,1.0,0.0,29.0,6.0,0.0,19.0,0.0,12.0,0.0,4.0,28.0,35.0,9.0,1.0,2.0,0.0,10.0,11.0,9.0,51.0,0.0,10.0,23.0,12.0,11.0,1.0,16.0,1.0,0.0,30.0,50.0,5.0,19.0,15.0,10.0,11.0,2.0,5.0,7.0,3.0,24.0,9.0,11.0,4.0,2.0,20.0,22.0,4.0,0.0,0.0,40.0,11.0,0.0,0.0,0.0,24.0,1.0,2.0,1.0,59.0,23.0,2.0,1.0,7.0,19.0,2.0,1.0,1.0,2.0,9.0,74.0,7.0,3.0,2.0,18.0,7.0,7.0,3.0,11.0,22.0,10.0,5.0,16.0,0.0,27.0,22.0,21.0,44.0,3.0,2.0,5.0,1.0,22.0,60.0,10.0,7.0,12.0,18.0,6.0,10.0,19.0,35.0,42.0,19.0,1.0,14.0,12.0,31.0,32.0,8.0,3.0,24.0,4.0,14.0,14.0,4.0,17.0,36.0,28.0,17.0,47.0,38.0,11.0,7.0,0.0,7.0,8.0,30.0,3.0,11.0,0.0,4.0,0.0,14.0,11.0,16.0,37.0,10.0,14.0,0.0
23,14311121.0,1.0,6.0,0.0,0.0,10.0,1.0,0.0,0.0,11.0,1.0,0.0,5.0,1.0,3.0,1.0,2.0,18.0,22.0,3.0,3.0,0.0,10.0,0.0,8.0,9.0,27.0,2.0,3.0,7.0,2.0,5.0,1.0,17.0,0.0,0.0,17.0,18.0,1.0,7.0,2.0,5.0,7.0,1.0,2.0,2.0,4.0,6.0,4.0,2.0,0.0,0.0,2.0,10.0,1.0,0.0,0.0,25.0,5.0,0.0,0.0,0.0,3.0,1.0,1.0,1.0,18.0,8.0,6.0,1.0,1.0,4.0,0.0,0.0,0.0,0.0,2.0,51.0,1.0,0.0,1.0,4.0,3.0,4.0,3.0,13.0,17.0,2.0,3.0,14.0,1.0,15.0,10.0,3.0,13.0,1.0,1.0,4.0,2.0,6.0,26.0,2.0,2.0,7.0,7.0,2.0,7.0,14.0,20.0,21.0,10.0,0.0,14.0,8.0,15.0,14.0,6.0,1.0,15.0,2.0,11.0,7.0,3.0,11.0,22.0,7.0,7.0,14.0,17.0,5.0,3.0,0.0,0.0,3.0,12.0,0.0,1.0,2.0,1.0,0.0,9.0,6.0,15.0,30.0,4.0,5.0,0.0
24,1434246793.0,1.0,5.0,1.0,3.0,35.0,3.0,1.0,0.0,9.0,0.0,0.0,6.0,0.0,2.0,1.0,9.0,32.0,52.0,2.0,1.0,1.0,11.0,8.0,0.0,6.0,29.0,1.0,2.0,7.0,2.0,3.0,1.0,29.0,0.0,0.0,27.0,37.0,3.0,2.0,8.0,5.0,3.0,0.0,5.0,1.0,5.0,7.0,3.0,14.0,3.0,1.0,5.0,19.0,1.0,0.0,0.0,63.0,5.0,0.0,0.0,0.0,5.0,2.0,1.0,1.0,26.0,10.0,2.0,3.0,0.0,5.0,1.0,1.0,1.0,1.0,8.0,107.0,1.0,1.0,0.0,6.0,1.0,2.0,4.0,9.0,32.0,8.0,0.0,15.0,0.0,43.0,16.0,6.0,15.0,1.0,0.0,5.0,1.0,5.0,47.0,2.0,3.0,4.0,33.0,3.0,10.0,21.0,17.0,35.0,16.0,0.0,18.0,5.0,18.0,18.0,3.0,0.0,21.0,1.0,28.0,14.0,2.0,17.0,65.0,7.0,5.0,31.0,30.0,8.0,2.0,1.0,1.0,0.0,40.0,2.0,2.0,2.0,4.0,0.0,4.0,11.0,14.0,42.0,1.0,3.0,0.0
25,14416772.0,1.0,10.0,1.0,1.0,9.0,2.0,1.0,0.0,15.0,0.0,0.0,3.0,0.0,2.0,0.0,3.0,17.0,17.0,2.0,1.0,0.0,9.0,9.0,6.0,0.0,28.0,0.0,2.0,4.0,2.0,2.0,1.0,12.0,0.0,0.0,6.0,11.0,2.0,4.0,3.0,1.0,3.0,0.0,2.0,0.0,1.0,5.0,2.0,2.0,1.0,1.0,2.0,7.0,0.0,0.0,0.0,9.0,3.0,0.0,0.0,0.0,4.0,0.0,1.0,1.0,18.0,5.0,0.0,2.0,1.0,4.0,0.0,1.0,1.0,1.0,0.0,25.0,2.0,0.0,0.0,5.0,0.0,2.0,1.0,4.0,13.0,2.0,2.0,16.0,0.0,10.0,4.0,3.0,16.0,1.0,0.0,6.0,1.0,4.0,14.0,1.0,1.0,2.0,2.0,1.0,8.0,8.0,14.0,14.0,6.0,0.0,15.0,1.0,10.0,11.0,6.0,0.0,4.0,1.0,8.0,10.0,1.0,1.0,12.0,6.0,4.0,13.0,11.0,5.0,2.0,1.0,2.0,2.0,10.0,1.0,2.0,2.0,2.0,0.0,3.0,6.0,10.0,21.0,3.0,3.0,0.0
26,14428536.0,1.0,17.0,13.0,3.0,63.0,6.0,1.0,2.0,109.0,2.0,0.0,29.0,1.0,22.0,3.0,12.0,83.0,85.0,9.0,2.0,0.0,51.0,27.0,29.0,28.0,0.0,0.0,28.0,42.0,17.0,27.0,1.0,79.0,1.0,1.0,69.0,101.0,10.0,53.0,19.0,11.0,24.0,0.0,8.0,2.0,13.0,32.0,16.0,23.0,4.0,2.0,32.0,108.0,2.0,0.0,0.0,97.0,12.0,0.0,0.0,0.0,20.0,3.0,3.0,1.0,141.0,60.0,1.0,3.0,9.0,63.0,1.0,1.0,1.0,2.0,14.0,191.0,10.0,5.0,1.0,29.0,1.0,17.0,2.0,17.0,85.0,11.0,4.0,75.0,0.0,38.0,36.0,54.0,131.0,6.0,2.0,25.0,1.0,48.0,162.0,8.0,4.0,27.0,22.0,5.0,15.0,65.0,84.0,129.0,44.0,0.0,69.0,20.0,74.0,54.0,17.0,1.0,39.0,4.0,46.0,27.0,4.0,21.0,99.0,68.0,40.0,122.0,160.0,27.0,10.0,2.0,8.0,13.0,105.0,1.0,12.0,2.0,6.0,0.0,31.0,48.0,74.0,114.0,24.0,27.0,0.0
27,144423696.0,0.0,0.0,5.0,1.0,0.0,0.0,4.0,0.0,1.0,0.0,1.0,0.0,1.0,4.0,4.0,0.0,0.0,0.0,0.0,2.0,6.0,0.0,2.0,1.0,0.0,0.0,0.0,4.0,0.0,0.0,0.0,0.0,2.0,0.0,1.0,2.0,3.0,0.0,4.0,1.0,0.0,0.0,0.0,0.0,4.0,2.0,0.0,0.0,0.0,6.0,1.0,4.0,0.0,1.0,0.0,0.0,16.0,3.0,0.0,0.0,0.0,14.0,0.0,0.0,0.0,10.0,2.0,8.0,0.0,0.0,14.0,0.0,0.0,2.0,0.0,0.0,12.0,0.0,1.0,2.0,2.0,11.0,0.0,36.0,6.0,0.0,1.0,31.0,0.0,2.0,0.0,0.0,29.0,1.0,0.0,3.0,3.0,0.0,5.0,9.0,7.0,6.0,42.0,5.0,0.0,1.0,1.0,5.0,0.0,0.0,0.0,0.0,4.0,9.0,0.0,0.0,0.0,0.0,1.0,0.0,0.0,24.0,0.0,5.0,0.0,2.0,1.0,2.0,6.0,1.0,0.0,2.0,0.0,0.0,0.0,1.0,0.0,0.0,0.0,0.0,0.0,0.0,5.0,0.0,1.0,0.0
28,144800132.0,0.0,1.0,23.0,1.0,3.0,8.0,4.0,0.0,18.0,2.0,3.0,1.0,1.0,3.0,8.0,1.0,15.0,0.0,1.0,0.0,13.0,10.0,3.0,2.0,2.0,28.0,4.0,0.0,9.0,0.0,2.0,0.0,3.0,1.0,0.0,11.0,9.0,1.0,31.0,1.0,1.0,1.0,9.0,1.0,29.0,1.0,0.0,0.0,2.0,5.0,1.0,59.0,5.0,8.0,2.0,0.0,13.0,2.0,1.0,0.0,1.0,18.0,0.0,0.0,0.0,44.0,6.0,2.0,1.0,0.0,42.0,0.0,1.0,1.0,1.0,0.0,30.0,1.0,4.0,0.0,0.0,10.0,1.0,9.0,0.0,0.0,1.0,4.0,4.0,0.0,2.0,2.0,146.0,29.0,1.0,3.0,6.0,2.0,56.0,10.0,14.0,8.0,54.0,10.0,9.0,6.0,16.0,9.0,1.0,1.0,6.0,0.0,5.0,6.0,3.0,1.0,6.0,0.0,1.0,3.0,3.0,13.0,0.0,3.0,4.0,1.0,16.0,19.0,1.0,2.0,0.0,3.0,1.0,1.0,0.0,8.0,2.0,1.0,2.0,1.0,3.0,6.0,1.0,0.0,1.0,0.0
29,144988686.0,0.0,5.0,2.0,1.0,29.0,1.0,0.0,1.0,28.0,0.0,0.0,22.0,1.0,11.0,2.0,5.0,38.0,31.0,5.0,0.0,4.0,23.0,7.0,7.0,4.0,42.0,0.0,9.0,0.0,10.0,12.0,1.0,23.0,0.0,1.0,39.0,49.0,1.0,2.0,8.0,3.0,16.0,0.0,6.0,5.0,8.0,23.0,12.0,15.0,1.0,1.0,14.0,28.0,2.0,0.0,0.0,35.0,9.0,0.0,0.0,0.0,15.0,0.0,0.0,0.0,49.0,31.0,6.0,0.0,6.0,9.0,0.0,0.0,0.0,1.0,7.0,72.0,7.0,4.0,0.0,14.0,2.0,8.0,3.0,6.0,25.0,6.0,1.0,21.0,0.0,12.0,17.0,17.0,40.0,2.0,0.0,5.0,0.0,21.0,81.0,4.0,4.0,14.0,10.0,4.0,3.0,22.0,31.0,54.0,24.0,2.0,12.0,13.0,28.0,27.0,6.0,1.0,22.0,2.0,11.0,11.0,2.0,6.0,46.0,32.0,21.0,42.0,43.0,7.0,6.0,0.0,2.0,8.0,44.0,0.0,8.0,0.0,0.0,1.0,19.0,8.0,15.0,30.0,17.0,16.0,0.0
30,145653437.0,0.0,4.0,0.0,0.0,22.0,0.0,0.0,0.0,11.0,0.0,0.0,13.0,0.0,3.0,1.0,1.0,12.0,18.0,6.0,0.0,0.0,12.0,2.0,2.0,2.0,17.0,0.0,0.0,10.0,0.0,3.0,1.0,9.0,0.0,0.0,15.0,25.0,3.0,0.0,8.0,4.0,3.0,0.0,3.0,0.0,3.0,18.0,6.0,10.0,0.0,0.0,0.0,13.0,0.0,0.0,0.0,18.0,9.0,0.0,0.0,0.0,6.0,1.0,0.0,0.0,21.0,8.0,0.0,0.0,3.0,0.0,0.0,0.0,0.0,0.0,6.0,31.0,4.0,0.0,1.0,13.0,0.0,4.0,0.0,5.0,12.0,3.0,0.0,6.0,0.0,11.0,12.0,0.0,14.0,0.0,0.0,0.0,0.0,0.0,28.0,0.0,0.0,0.0,9.0,0.0,3.0,5.0,14.0,24.0,16.0,0.0,3.0,5.0,12.0,21.0,4.0,0.0,16.0,0.0,5.0,7.0,0.0,6.0,13.0,15.0,9.0,22.0,14.0,4.0,6.0,0.0,0.0,3.0,20.0,0.0,1.0,0.0,2.0,0.0,8.0,4.0,8.0,15.0,9.0,12.0,0.0
31,14627953.0,0.0,4.0,0.0,0.0,18.0,1.0,0.0,0.0,20.0,0.0,0.0,18.0,0.0,10.0,2.0,4.0,11.0,33.0,3.0,0.0,0.0,11.0,5.0,3.0,2.0,27.0,0.0,2.0,12.0,3.0,0.0,1.0,6.0,0.0,1.0,30.0,38.0,0.0,3.0,6.0,4.0,7.0,0.0,1.0,0.0,3.0,13.0,6.0,5.0,1.0,0.0,4.0,16.0,0.0,0.0,0.0,26.0,3.0,0.0,0.0,0.0,4.0,15.0,0.0,0.0,27.0,28.0,0.0,0.0,9.0,4.0,0.0,0.0,0.0,1.0,3.0,36.0,8.0,3.0,0.0,10.0,0.0,7.0,1.0,4.0,19.0,5.0,1.0,14.0,0.0,4.0,15.0,5.0,20.0,2.0,0.0,2.0,0.0,5.0,41.0,0.0,4.0,6.0,5.0,0.0,3.0,17.0,21.0,31.0,5.0,0.0,11.0,17.0,30.0,13.0,6.0,1.0,8.0,0.0,8.0,4.0,0.0,11.0,18.0,21.0,13.0,29.0,17.0,17.0,4.0,0.0,0.0,9.0,22.0,1.0,1.0,1.0,1.0,0.0,17.0,4.0,15.0,20.0,7.0,13.0,0.0
32,146900193.0,0.0,1.0,0.0,0.0,1.0,0.0,0.0,0.0,1.0,0.0,0.0,1.0,0.0,0.0,0.0,0.0,1.0,1.0,0.0,0.0,0.0,1.0,1.0,1.0,1.0,1.0,0.0,0.0,1.0,1.0,1.0,0.0,0.0,0.0,1.0,1.0,2.0,0.0,0.0,1.0,0.0,1.0,0.0,0.0,0.0,1.0,1.0,1.0,0.0,0.0,0.0,0.0,1.0,0.0,0.0,1.0,2.0,1.0,0.0,0.0,0.0,1.0,0.0,0.0,0.0,2.0,1.0,0.0,0.0,1.0,0.0,0.0,0.0,0.0,0.0,0.0,1.0,1.0,0.0,0.0,2.0,0.0,0.0,0.0,0.0,1.0,1.0,0.0,1.0,0.0,0.0,1.0,0.0,2.0,0.0,0.0,0.0,0.0,0.0,1.0,0.0,0.0,0.0,1.0,0.0,1.0,0.0,1.0,1.0,1.0,0.0,0.0,1.0,1.0,1.0,1.0,0.0,1.0,0.0,0.0,1.0,0.0,1.0,2.0,1.0,1.0,1.0,1.0,1.0,1.0,0.0,0.0,1.0,1.0,0.0,1.0,0.0,0.0,0.0,1.0,0.0,0.0,2.0,1.0,1.0,0.0
33,14714136.0,0.0,5.0,1.0,0.0,37.0,0.0,0.0,0.0,25.0,1.0,0.0,14.0,4.0,6.0,2.0,6.0,74.0,51.0,6.0,2.0,2.0,16.0,17.0,29.0,12.0,79.0,2.0,3.0,23.0,9.0,6.0,0.0,0.0,0.0,2.0,40.0,57.0,2.0,3.0,11.0,5.0,11.0,0.0,4.0,1.0,8.0,16.0,7.0,17.0,0.0,0.0,3.0,65.0,0.0,0.0,4.0,90.0,9.0,0.0,0.0,0.0,14.0,2.0,0.0,0.0,65.0,17.0,2.0,0.0,1.0,4.0,2.0,0.0,0.0,1.0,4.0,140.0,3.0,1.0,3.0,15.0,3.0,9.0,3.0,13.0,36.0,15.0,4.0,30.0,1.0,36.0,22.0,5.0,41.0,2.0,0.0,9.0,1.0,3.0,69.0,5.0,2.0,6.0,25.0,2.0,5.0,25.0,35.0,69.0,31.0,0.0,27.0,9.0,37.0,43.0,2.0,1.0,21.0,4.0,52.0,23.0,4.0,13.0,66.0,20.0,19.0,44.0,59.0,11.0,8.0,4.0,2.0,4.0,107.0,0.0,2.0,0.0,1.0,0.0,16.0,19.0,25.0,88.0,10.0,19.0,0.0
34,148786408.0,0.0,0.0,2.0,0.0,0.0,0.0,0.0,0.0,0.0,1.0,0.0,0.0,0.0,0.0,0.0,0.0,0.0,0.0,0.0,0.0,1.0,1.0,0.0,0.0,0.0,1.0,0.0,1.0,0.0,0.0,0.0,0.0,0.0,0.0,0.0,1.0,0.0,0.0,3.0,0.0,0.0,1.0,1.0,0.0,3.0,0.0,0.0,0.0,0.0,10.0,0.0,8.0,0.0,1.0,0.0,0.0,1.0,0.0,0.0,0.0,0.0,1.0,0.0,0.0,0.0,1.0,0.0,0.0,0.0,0.0,11.0,0.0,0.0,0.0,0.0,0.0,2.0,0.0,0.0,0.0,0.0,2.0,0.0,4.0,0.0,0.0,0.0,5.0,0.0,0.0,0.0,0.0,5.0,0.0,0.0,1.0,1.0,0.0,1.0,1.0,2.0,1.0,10.0,1.0,0.0,1.0,1.0,0.0,0.0,0.0,1.0,0.0,0.0,1.0,0.0,0.0,0.0,0.0,0.0,0.0,0.0,9.0,0.0,0.0,0.0,1.0,0.0,2.0,0.0,0.0,0.0,0.0,0.0,0.0,0.0,0.0,0.0,0.0,0.0,0.0,0.0,0.0,0.0,0.0,0.0,0.0
35,149580057.0,6.0,0.0,0.0,1.0,0.0,1.0,0.0,0.0,1.0,0.0,0.0,1.0,1.0,0.0,28.0,1.0,0.0,0.0,0.0,0.0,0.0,0.0,0.0,0.0,0.0,1.0,1.0,0.0,1.0,0.0,1.0,1.0,2.0,0.0,0.0,1.0,2.0,0.0,1.0,0.0,0.0,0.0,0.0,0.0,0.0,0.0,0.0,0.0,0.0,0.0,0.0,2.0,0.0,0.0,0.0,1.0,3.0,1.0,0.0,0.0,0.0,2.0,0.0,1.0,0.0,4.0,1.0,0.0,1.0,0.0,1.0,0.0,0.0,5.0,0.0,0.0,2.0,0.0,12.0,0.0,1.0,0.0,1.0,0.0,0.0,0.0,1.0,0.0,0.0,6.0,0.0,2.0,2.0,1.0,16.0,0.0,0.0,0.0,1.0,2.0,3.0,1.0,6.0,0.0,1.0,0.0,1.0,1.0,0.0,1.0,0.0,0.0,1.0,1.0,0.0,0.0,0.0,2.0,0.0,1.0,0.0,0.0,0.0,1.0,1.0,1.0,1.0,1.0,0.0,1.0,0.0,0.0,0.0,0.0,0.0,2.0,0.0,0.0,0.0,0.0,0.0,0.0,0.0,0.0,0.0,0.0
36,152205174.0,1.0,11.0,5.0,4.0,110.0,2.0,1.0,2.0,47.0,2.0,0.0,34.0,1.0,21.0,5.0,7.0,41.0,111.0,14.0,1.0,1.0,30.0,17.0,27.0,6.0,69.0,2.0,11.0,39.0,15.0,30.0,1.0,40.0,1.0,1.0,0.0,126.0,2.0,8.0,31.0,16.0,22.0,1.0,8.0,6.0,20.0,61.0,17.0,47.0,3.0,2.0,14.0,43.0,3.0,0.0,0.0,93.0,18.0,0.0,0.0,0.0,21.0,3.0,0.0,0.0,100.0,57.0,7.0,0.0,9.0,15.0,8.0,0.0,1.0,3.0,21.0,177.0,9.0,4.0,1.0,32.0,4.0,24.0,6.0,27.0,72.0,20.0,2.0,38.0,0.0,30.0,65.0,33.0,52.0,4.0,1.0,14.0,1.0,19.0,144.0,5.0,8.0,22.0,51.0,5.0,9.0,52.0,42.0,114.0,37.0,2.0,31.0,37.0,79.0,55.0,8.0,3.0,62.0,8.0,19.0,21.0,7.0,36.0,93.0,52.0,35.0,100.0,54.0,17.0,8.0,0.0,4.0,14.0,73.0,5.0,6.0,0.0,8.0,0.0,36.0,25.0,36.0,90.0,23.0,40.0,0.0
37,155517993.0,2.0,9.0,2.0,1.0,148.0,5.0,1.0,0.0,58.0,4.0,0.0,80.0,3.0,29.0,8.0,12.0,71.0,173.0,15.0,1.0,6.0,50.0,18.0,37.0,11.0,101.0,3.0,9.0,49.0,25.0,38.0,2.0,57.0,0.0,2.0,126.0,0.0,5.0,5.0,36.0,37.0,29.0,1.0,11.0,7.0,25.0,66.0,22.0,56.0,3.0,1.0,11.0,66.0,2.0,0.0,0.0,201.0,21.0,0.0,0.0,0.0,21.0,6.0,1.0,1.0,142.0,136.0,2.0,1.0,11.0,10.0,11.0,1.0,1.0,2.0,33.0,493.0,15.0,7.0,5.0,45.0,3.0,33.0,7.0,34.0,140.0,30.0,3.0,30.0,0.0,57.0,85.0,23.0,77.0,4.0,0.0,10.0,2.0,18.0,276.0,7.0,8.0,20.0,43.0,4.0,6.0,68.0,103.0,208.0,65.0,0.0,33.0,96.0,102.0,70.0,11.0,3.0,63.0,10.0,44.0,31.0,4.0,69.0,141.0,109.0,44.0,144.0,114.0,35.0,16.0,2.0,4.0,12.0,186.0,1.0,5.0,0.0,11.0,0.0,56.0,44.0,40.0,170.0,27.0,46.0,0.0
38,16351147.0,1.0,2.0,0.0,1.0,3.0,3.0,1.0,0.0,3.0,0.0,0.0,0.0,0.0,2.0,0.0,1.0,6.0,4.0,2.0,1.0,0.0,5.0,1.0,3.0,2.0,10.0,0.0,1.0,1.0,3.0,0.0,0.0,2.0,0.0,0.0,2.0,5.0,0.0,2.0,0.0,3.0,0.0,0.0,2.0,0.0,0.0,2.0,0.0,2.0,1.0,1.0,2.0,6.0,0.0,0.0,0.0,6.0,2.0,0.0,0.0,0.0,3.0,1.0,1.0,1.0,6.0,3.0,0.0,2.0,0.0,3.0,0.0,1.0,1.0,1.0,0.0,11.0,0.0,0.0,0.0,2.0,0.0,1.0,1.0,1.0,3.0,2.0,0.0,5.0,0.0,5.0,2.0,1.0,10.0,1.0,0.0,2.0,1.0,2.0,8.0,0.0,1.0,1.0,0.0,1.0,3.0,2.0,7.0,6.0,4.0,0.0,3.0,1.0,7.0,7.0,4.0,0.0,3.0,1.0,4.0,3.0,1.0,0.0,4.0,5.0,3.0,7.0,3.0,0.0,1.0,0.0,1.0,0.0,5.0,1.0,1.0,0.0,0.0,0.0,1.0,3.0,2.0,5.0,2.0,0.0,0.0
39,16418528.0,1.0,2.0,22.0,2.0,2.0,8.0,6.0,0.0,22.0,2.0,1.0,1.0,2.0,6.0,3.0,1.0,7.0,2.0,1.0,1.0,6.0,19.0,7.0,2.0,4.0,53.0,4.0,31.0,2.0,0.0,3.0,0.0,3.0,3.0,1.0,8.0,5.0,2.0,0.0,0.0,1.0,1.0,4.0,2.0,12.0,0.0,1.0,0.0,3.0,9.0,1.0,28.0,1.0,5.0,0.0,0.0,10.0,3.0,0.0,0.0,1.0,7.0,0.0,4.0,1.0,38.0,2.0,3.0,2.0,0.0,70.0,1.0,2.0,1.0,3.0,1.0,23.0,0.0,2.0,1.0,3.0,7.0,0.0,10.0,0.0,0.0,3.0,10.0,9.0,0.0,4.0,4.0,69.0,30.0,4.0,9.0,8.0,2.0,59.0,6.0,20.0,8.0,67.0,3.0,7.0,13.0,19.0,12.0,6.0,3.0,3.0,1.0,4.0,11.0,5.0,3.0,1.0,1.0,2.0,2.0,2.0,15.0,0.0,5.0,4.0,2.0,17.0,20.0,0.0,1.0,0.0,5.0,1.0,1.0,2.0,12.0,0.0,0.0,1.0,1.0,3.0,12.0,4.0,0.0,0.0,0.0
40,164666306.0,0.0,3.0,0.0,0.0,37.0,0.0,0.0,0.0,15.0,0.0,0.0,14.0,0.0,8.0,1.0,2.0,11.0,32.0,4.0,0.0,0.0,15.0,2.0,8.0,3.0,19.0,1.0,1.0,8.0,8.0,6.0,1.0,11.0,0.0,0.0,31.0,36.0,0.0,0.0,0.0,3.0,6.0,0.0,6.0,1.0,7.0,19.0,8.0,21.0,0.0,0.0,1.0,6.0,0.0,0.0,0.0,27.0,6.0,0.0,0.0,0.0,5.0,0.0,0.0,0.0,27.0,16.0,2.0,0.0,6.0,2.0,5.0,0.0,0.0,0.0,8.0,41.0,5.0,0.0,2.0,13.0,0.0,4.0,1.0,6.0,24.0,10.0,0.0,10.0,0.0,12.0,20.0,1.0,13.0,0.0,0.0,2.0,0.0,1.0,38.0,0.0,1.0,2.0,18.0,0.0,3.0,11.0,16.0,33.0,12.0,0.0,8.0,5.0,23.0,23.0,3.0,0.0,22.0,3.0,5.0,12.0,2.0,12.0,33.0,14.0,13.0,27.0,18.0,12.0,7.0,0.0,0.0,6.0,26.0,1.0,0.0,0.0,6.0,0.0,11.0,11.0,10.0,22.0,12.0,16.0,0.0
41,16470319.0,1.0,1.0,0.0,1.0,10.0,1.0,1.0,0.0,7.0,0.0,0.0,12.0,0.0,9.0,0.0,1.0,15.0,22.0,1.0,1.0,0.0,10.0,5.0,5.0,1.0,11.0,0.0,1.0,3.0,4.0,4.0,0.0,5.0,0.0,0.0,16.0,37.0,3.0,1.0,3.0,0.0,5.0,0.0,3.0,0.0,7.0,9.0,3.0,4.0,1.0,1.0,3.0,9.0,0.0,0.0,0.0,32.0,5.0,0.0,0.0,0.0,4.0,1.0,1.0,1.0,15.0,11.0,0.0,3.0,0.0,3.0,0.0,1.0,1.0,1.0,2.0,39.0,2.0,0.0,0.0,8.0,0.0,9.0,2.0,6.0,18.0,3.0,0.0,2.0,0.0,6.0,12.0,3.0,4.0,1.0,0.0,2.0,1.0,1.0,19.0,1.0,0.0,3.0,4.0,2.0,2.0,10.0,9.0,23.0,9.0,0.0,4.0,19.0,21.0,12.0,3.0,0.0,9.0,4.0,5.0,7.0,1.0,15.0,11.0,14.0,7.0,21.0,10.0,3.0,1.0,0.0,1.0,1.0,10.0,1.0,1.0,0.0,2.0,0.0,16.0,8.0,5.0,19.0,4.0,5.0,0.0
42,16542463.0,0.0,4.0,0.0,0.0,27.0,0.0,0.0,0.0,9.0,1.0,0.0,11.0,1.0,6.0,0.0,5.0,13.0,25.0,4.0,0.0,1.0,11.0,7.0,3.0,3.0,24.0,0.0,1.0,16.0,3.0,7.0,1.0,11.0,1.0,0.0,22.0,29.0,0.0,1.0,6.0,5.0,0.0,0.0,2.0,1.0,4.0,19.0,8.0,14.0,0.0,0.0,1.0,14.0,0.0,0.0,0.0,17.0,4.0,0.0,0.0,0.0,3.0,0.0,0.0,0.0,28.0,16.0,0.0,0.0,3.0,1.0,2.0,0.0,0.0,0.0,6.0,35.0,3.0,0.0,0.0,6.0,2.0,5.0,1.0,10.0,12.0,5.0,1.0,7.0,0.0,9.0,19.0,0.0,8.0,0.0,0.0,4.0,0.0,1.0,36.0,2.0,1.0,1.0,6.0,0.0,2.0,9.0,11.0,34.0,11.0,0.0,9.0,6.0,23.0,18.0,2.0,0.0,14.0,1.0,9.0,4.0,1.0,8.0,19.0,17.0,12.0,20.0,18.0,7.0,5.0,1.0,1.0,2.0,24.0,0.0,1.0,0.0,1.0,0.0,10.0,5.0,8.0,18.0,6.0,11.0,0.0
43,169085447.0,0.0,0.0,5.0,0.0,1.0,0.0,2.0,0.0,0.0,0.0,1.0,1.0,0.0,2.0,0.0,0.0,0.0,1.0,0.0,0.0,5.0,2.0,1.0,0.0,0.0,0.0,0.0,9.0,0.0,0.0,0.0,0.0,0.0,1.0,0.0,1.0,1.0,0.0,4.0,0.0,0.0,0.0,0.0,0.0,9.0,0.0,0.0,0.0,5.0,3.0,0.0,8.0,0.0,4.0,0.0,0.0,0.0,0.0,0.0,0.0,0.0,1.0,0.0,0.0,0.0,8.0,1.0,3.0,0.0,0.0,10.0,1.0,0.0,0.0,0.0,1.0,4.0,0.0,0.0,0.0,2.0,2.0,0.0,3.0,0.0,0.0,1.0,1.0,1.0,0.0,0.0,1.0,15.0,3.0,0.0,1.0,1.0,2.0,4.0,2.0,0.0,2.0,11.0,1.0,1.0,1.0,2.0,2.0,2.0,2.0,2.0,0.0,2.0,2.0,1.0,0.0,0.0,0.0,0.0,1.0,0.0,3.0,0.0,2.0,2.0,0.0,2.0,4.0,0.0,0.0,0.0,1.0,0.0,2.0,0.0,0.0,0.0,1.0,0.0,0.0,2.0,0.0,0.0,0.0,0.0,0.0
44,169344983.0,1.0,3.0,0.0,1.0,11.0,2.0,1.0,1.0,5.0,0.0,0.0,4.0,1.0,5.0,0.0,1.0,5.0,10.0,3.0,1.0,1.0,5.0,2.0,5.0,2.0,8.0,0.0,1.0,6.0,3.0,1.0,0.0,4.0,0.0,0.0,8.0,11.0,2.0,2.0,6.0,3.0,2.0,0.0,0.0,0.0,0.0,6.0,2.0,6.0,1.0,2.0,3.0,3.0,0.0,0.0,0.0,6.0,4.0,0.0,0.0,0.0,5.0,0.0,1.0,1.0,9.0,3.0,0.0,4.0,2.0,2.0,0.0,1.0,1.0,1.0,2.0,9.0,2.0,0.0,0.0,6.0,1.0,2.0,2.0,3.0,4.0,3.0,1.0,5.0,0.0,3.0,3.0,1.0,10.0,1.0,0.0,2.0,1.0,2.0,14.0,1.0,1.0,1.0,4.0,2.0,1.0,2.0,6.0,11.0,4.0,0.0,3.0,0.0,7.0,8.0,2.0,0.0,15.0,3.0,4.0,4.0,2.0,3.0,10.0,5.0,6.0,8.0,9.0,3.0,3.0,1.0,3.0,2.0,11.0,1.0,2.0,0.0,0.0,0.0,3.0,5.0,5.0,8.0,2.0,4.0,0.0
45,16947322.0,1.0,0.0,15.0,0.0,2.0,4.0,2.0,0.0,4.0,2.0,2.0,1.0,0.0,1.0,6.0,0.0,2.0,0.0,0.0,0.0,13.0,7.0,2.0,1.0,0.0,2.0,4.0,29.0,5.0,0.0,0.0,0.0,1.0,3.0,0.0,6.0,7.0,0.0,12.0,1.0,0.0,1.0,9.0,0.0,0.0,0.0,0.0,0.0,0.0,4.0,1.0,17.0,1.0,7.0,0.0,0.0,7.0,3.0,0.0,0.0,0.0,10.0,0.0,0.0,1.0,14.0,2.0,2.0,0.0,0.0,17.0,0.0,0.0,1.0,0.0,0.0,14.0,0.0,4.0,0.0,0.0,7.0,0.0,12.0,1.0,0.0,0.0,3.0,0.0,0.0,0.0,1.0,146.0,10.0,1.0,1.0,0.0,0.0,19.0,7.0,4.0,11.0,38.0,2.0,4.0,5.0,6.0,7.0,1.0,0.0,5.0,0.0,5.0,1.0,2.0,0.0,4.0,0.0,1.0,2.0,1.0,16.0,2.0,1.0,2.0,1.0,5.0,6.0,0.0,3.0,0.0,2.0,0.0,0.0,0.0,4.0,0.0,0.0,1.0,1.0,1.0,1.0,0.0,0.0,1.0,0.0
46,173424834.0,0.0,2.0,1.0,0.0,13.0,1.0,0.0,0.0,4.0,0.0,0.0,7.0,0.0,6.0,0.0,2.0,13.0,27.0,1.0,2.0,0.0,3.0,4.0,5.0,1.0,13.0,2.0,1.0,8.0,3.0,3.0,1.0,8.0,0.0,0.0,20.0,25.0,0.0,0.0,7.0,7.0,4.0,0.0,0.0,0.0,0.0,11.0,4.0,9.0,0.0,0.0,2.0,6.0,0.0,0.0,0.0,36.0,4.0,0.0,0.0,0.0,5.0,0.0,0.0,0.0,20.0,9.0,1.0,0.0,1.0,1.0,0.0,0.0,0.0,0.0,2.0,36.0,5.0,0.0,3.0,5.0,2.0,7.0,1.0,6.0,16.0,2.0,5.0,5.0,0.0,3.0,11.0,3.0,7.0,0.0,0.0,0.0,0.0,3.0,32.0,0.0,1.0,2.0,17.0,0.0,1.0,8.0,18.0,18.0,9.0,0.0,5.0,13.0,17.0,15.0,1.0,0.0,9.0,3.0,2.0,7.0,1.0,15.0,31.0,9.0,10.0,20.0,14.0,6.0,2.0,0.0,0.0,2.0,16.0,0.0,0.0,0.0,1.0,0.0,14.0,4.0,6.0,27.0,6.0,4.0,0.0
47,173816060.0,1.0,5.0,0.0,1.0,62.0,1.0,1.0,0.0,29.0,0.0,0.0,32.0,0.0,17.0,0.0,3.0,22.0,51.0,12.0,1.0,0.0,24.0,6.0,7.0,5.0,32.0,0.0,0.0,23.0,18.0,13.0,1.0,16.0,0.0,0.0,61.0,66.0,2.0,1.0,19.0,9.0,19.0,0.0,6.0,0.0,11.0,0.0,14.0,29.0,1.0,1.0,1.0,22.0,0.0,0.0,0.0,38.0,12.0,0.0,0.0,0.0,12.0,3.0,1.0,1.0,74.0,29.0,0.0,1.0,8.0,1.0,1.0,1.0,1.0,1.0,8.0,82.0,7.0,0.0,1.0,31.0,0.0,12.0,1.0,20.0,26.0,8.0,0.0,14.0,0.0,17.0,47.0,1.0,26.0,1.0,0.0,5.0,1.0,1.0,82.0,0.0,0.0,0.0,19.0,1.0,3.0,13.0,32.0,63.0,32.0,0.0,19.0,10.0,39.0,73.0,7.0,0.0,43.0,3.0,10.0,17.0,1.0,10.0,38.0,51.0,31.0,55.0,39.0,13.0,10.0,0.0,1.0,8.0,54.0,1.0,1.0,0.0,7.0,0.0,17.0,14.0,21.0,44.0,24.0,31.0,0.0
48,1799044873.0,0.0,3.0,0.0,0.0,17.0,0.0,0.0,0.0,11.0,0.0,0.0,17.0,0.0,8.0,0.0,2.0,10.0,21.0,5.0,0.0,0.0,9.0,4.0,3.0,2.0,16.0,0.0,0.0,12.0,6.0,6.0,1.0,7.0,0.0,0.0,17.0,22.0,0.0,0.0,8.0,3.0,8.0,0.0,2.0,0.0,4.0,14.0,0.0,6.0,0.0,0.0,0.0,9.0,0.0,0.0,0.0,14.0,6.0,0.0,0.0,0.0,2.0,1.0,0.0,0.0,17.0,18.0,0.0,0.0,4.0,0.0,0.0,0.0,0.0,0.0,4.0,20.0,5.0,0.0,0.0,9.0,0.0,7.0,0.0,3.0,15.0,3.0,0.0,6.0,0.0,7.0,17.0,0.0,9.0,0.0,0.0,1.0,0.0,0.0,23.0,0.0,0.0,0.0,3.0,0.0,1.0,9.0,13.0,21.0,11.0,0.0,7.0,9.0,16.0,12.0,3.0,0.0,9.0,0.0,4.0,5.0,0.0,6.0,14.0,17.0,12.0,18.0,13.0,5.0,4.0,0.0,0.0,3.0,23.0,0.0,0.0,0.0,0.0,0.0,11.0,8.0,8.0,14.0,11.0,7.0,0.0
49,183437799.0,0.0,3.0,0.0,0.0,65.0,2.0,0.0,0.0,15.0,0.0,0.0,14.0,0.0,6.0,0.0,5.0,20.0,46.0,7.0,0.0,0.0,11.0,2.0,14.0,2.0,23.0,0.0,2.0,15.0,10.0,5.0,0.0,17.0,0.0,0.0,47.0,56.0,2.0,3.0,21.0,4.0,14.0,5.0,6.0,0.0,9.0,29.0,6.0,0.0,2.0,0.0,4.0,14.0,0.0,0.0,0.0,36.0,7.0,0.0,0.0,0.0,3.0,0.0,0.0,0.0,54.0,12.0,2.0,0.0,1.0,5.0,7.0,0.0,0.0,1.0,15.0,93.0,6.0,0.0,0.0,12.0,0.0,2.0,2.0,16.0,32.0,14.0,1.0,9.0,0.0,22.0,41.0,6.0,18.0,0.0,1.0,10.0,1.0,4.0,60.0,1.0,2.0,6.0,35.0,3.0,5.0,11.0,12.0,44.0,15.0,0.0,11.0,7.0,37.0,31.0,1.0,0.0,53.0,1.0,12.0,8.0,0.0,24.0,54.0,24.0,9.0,35.0,14.0,7.0,3.0,0.0,2.0,3.0,27.0,0.0,1.0,0.0,8.0,0.0,12.0,14.0,16.0,38.0,9.0,16.0,0.0
50,1883645040.0,1.0,1.0,9.0,1.0,2.0,6.0,12.0,0.0,3.0,1.0,1.0,2.0,0.0,3.0,0.0,0.0,3.0,2.0,0.0,1.0,4.0,4.0,0.0,3.0,1.0,4.0,6.0,5.0,1.0,0.0,1.0,0.0,0.0,10.0,0.0,3.0,3.0,1.0,9.0,0.0,1.0,0.0,3.0,1.0,4.0,0.0,1.0,0.0,2.0,0.0,2.0,13.0,1.0,4.0,1.0,0.0,1.0,3.0,0.0,0.0,0.0,20.0,0.0,1.0,1.0,14.0,1.0,1.0,1.0,0.0,34.0,1.0,1.0,2.0,1.0,1.0,8.0,0.0,2.0,0.0,3.0,6.0,0.0,22.0,2.0,0.0,2.0,14.0,2.0,0.0,2.0,3.0,30.0,7.0,1.0,1.0,4.0,1.0,14.0,6.0,5.0,5.0,37.0,2.0,3.0,4.0,2.0,5.0,3.0,2.0,2.0,0.0,3.0,8.0,5.0,1.0,1.0,0.0,1.0,2.0,3.0,21.0,0.0,3.0,4.0,3.0,6.0,8.0,2.0,1.0,0.0,4.0,0.0,1.0,5.0,5.0,0.0,0.0,0.0,0.0,3.0,0.0,1.0,0.0,0.0,0.0
51,188951688.0,1.0,1.0,1.0,1.0,1.0,3.0,2.0,1.0,1.0,0.0,0.0,1.0,0.0,1.0,0.0,0.0,1.0,1.0,0.0,1.0,0.0,2.0,0.0,1.0,1.0,2.0,1.0,1.0,1.0,0.0,0.0,0.0,0.0,0.0,0.0,2.0,1.0,1.0,1.0,0.0,1.0,0.0,0.0,2.0,1.0,0.0,1.0,0.0,0.0,2.0,0.0,3.0,0.0,1.0,0.0,0.0,1.0,1.0,0.0,0.0,0.0,13.0,0.0,1.0,1.0,4.0,0.0,0.0,1.0,0.0,3.0,0.0,1.0,2.0,1.0,0.0,4.0,0.0,1.0,0.0,1.0,1.0,1.0,2.0,0.0,0.0,1.0,0.0,3.0,0.0,1.0,1.0,6.0,4.0,1.0,1.0,1.0,1.0,2.0,3.0,1.0,2.0,1.0,0.0,3.0,2.0,0.0,2.0,1.0,1.0,0.0,0.0,1.0,1.0,1.0,1.0,1.0,0.0,1.0,1.0,1.0,3.0,0.0,1.0,1.0,2.0,2.0,2.0,0.0,1.0,0.0,4.0,0.0,1.0,1.0,3.0,0.0,0.0,0.0,0.0,1.0,0.0,2.0,0.0,0.0,0.0
52,19662889.0,1.0,2.0,13.0,1.0,4.0,14.0,8.0,0.0,16.0,3.0,1.0,3.0,1.0,5.0,6.0,1.0,14.0,2.0,2.0,1.0,5.0,20.0,2.0,5.0,2.0,32.0,4.0,59.0,14.0,0.0,4.0,0.0,3.0,8.0,2.0,14.0,11.0,2.0,28.0,1.0,3.0,1.0,8.0,3.0,17.0,2.0,1.0,0.0,4.0,13.0,3.0,0.0,9.0,10.0,3.0,0.0,17.0,4.0,0.0,0.0,5.0,80.0,0.0,1.0,1.0,83.0,7.0,8.0,3.0,0.0,113.0,1.0,1.0,2.0,5.0,1.0,35.0,1.0,6.0,0.0,2.0,16.0,1.0,23.0,0.0,0.0,2.0,8.0,5.0,0.0,2.0,5.0,104.0,60.0,5.0,1.0,7.0,2.0,61.0,13.0,19.0,16.0,71.0,9.0,10.0,14.0,22.0,17.0,4.0,5.0,2.0,0.0,8.0,13.0,7.0,2.0,3.0,2.0,7.0,3.0,6.0,23.0,0.0,8.0,11.0,7.0,23.0,30.0,0.0,5.0,0.0,23.0,0.0,3.0,5.0,12.0,0.0,0.0,0.0,2.0,4.0,5.0,2.0,0.0,1.0,0.0
53,19685758.0,0.0,7.0,0.0,0.0,40.0,0.0,0.0,0.0,32.0,0.0,0.0,22.0,0.0,9.0,2.0,4.0,55.0,41.0,4.0,0.0,2.0,22.0,10.0,19.0,7.0,108.0,0.0,5.0,28.0,13.0,16.0,1.0,65.0,0.0,0.0,43.0,66.0,6.0,1.0,6.0,9.0,14.0,0.0,3.0,1.0,6.0,22.0,9.0,14.0,1.0,0.0,9.0,0.0,0.0,0.0,0.0,58.0,7.0,0.0,0.0,0.0,10.0,0.0,0.0,0.0,63.0,33.0,0.0,0.0,4.0,11.0,0.0,0.0,0.0,2.0,6.0,110.0,6.0,2.0,0.0,12.0,0.0,7.0,0.0,11.0,43.0,5.0,0.0,29.0,0.0,19.0,18.0,9.0,62.0,2.0,0.0,5.0,0.0,8.0,110.0,2.0,1.0,6.0,7.0,2.0,6.0,26.0,39.0,78.0,32.0,1.0,25.0,18.0,39.0,37.0,4.0,1.0,24.0,1.0,23.0,17.0,1.0,10.0,49.0,38.0,24.0,68.0,86.0,15.0,4.0,0.0,0.0,6.0,83.0,0.0,4.0,0.0,2.0,0.0,18.0,19.0,21.0,49.0,10.0,23.0,0.0
54,217868517.0,0.0,0.0,10.0,0.0,0.0,2.0,3.0,0.0,3.0,1.0,2.0,0.0,0.0,0.0,1.0,0.0,1.0,0.0,0.0,0.0,6.0,4.0,1.0,1.0,0.0,2.0,1.0,8.0,2.0,0.0,0.0,0.0,0.0,1.0,0.0,3.0,2.0,0.0,5.0,0.0,0.0,0.0,4.0,0.0,7.0,0.0,0.0,0.0,0.0,4.0,1.0,10.0,0.0,0.0,0.0,0.0,2.0,1.0,0.0,0.0,0.0,6.0,0.0,0.0,0.0,11.0,1.0,1.0,0.0,0.0,11.0,0.0,1.0,0.0,0.0,0.0,5.0,0.0,1.0,0.0,0.0,4.0,0.0,4.0,0.0,0.0,0.0,0.0,0.0,0.0,0.0,2.0,18.0,6.0,1.0,0.0,0.0,0.0,9.0,6.0,3.0,4.0,12.0,1.0,1.0,1.0,2.0,1.0,0.0,1.0,4.0,0.0,1.0,0.0,1.0,0.0,1.0,1.0,0.0,2.0,0.0,9.0,0.0,1.0,1.0,0.0,2.0,2.0,0.0,1.0,0.0,1.0,0.0,0.0,0.0,3.0,0.0,0.0,0.0,1.0,0.0,0.0,0.0,0.0,0.0,0.0
55,218192899.0,0.0,0.0,2.0,0.0,0.0,0.0,0.0,0.0,0.0,0.0,0.0,0.0,0.0,0.0,0.0,0.0,1.0,0.0,0.0,0.0,0.0,0.0,0.0,0.0,0.0,0.0,0.0,2.0,0.0,0.0,0.0,0.0,0.0,0.0,0.0,0.0,0.0,0.0,0.0,0.0,0.0,0.0,0.0,0.0,0.0,0.0,0.0,0.0,0.0,1.0,0.0,3.0,0.0,0.0,0.0,0.0,1.0,0.0,0.0,0.0,0.0,2.0,0.0,0.0,0.0,1.0,0.0,0.0,0.0,0.0,2.0,0.0,0.0,0.0,0.0,0.0,0.0,0.0,0.0,0.0,0.0,0.0,0.0,1.0,0.0,0.0,0.0,0.0,0.0,0.0,0.0,0.0,1.0,0.0,0.0,0.0,1.0,1.0,1.0,0.0,0.0,1.0,2.0,0.0,0.0,0.0,0.0,0.0,0.0,0.0,0.0,0.0,1.0,0.0,1.0,0.0,0.0,0.0,1.0,0.0,1.0,2.0,0.0,0.0,0.0,0.0,0.0,0.0,0.0,0.0,0.0,1.0,0.0,0.0,1.0,0.0,0.0,0.0,0.0,0.0,0.0,0.0,0.0,0.0,0.0,0.0
56,2203756369.0,0.0,0.0,0.0,0.0,0.0,0.0,0.0,0.0,0.0,2.0,0.0,0.0,0.0,0.0,0.0,0.0,0.0,0.0,0.0,0.0,1.0,0.0,0.0,0.0,0.0,0.0,0.0,0.0,0.0,0.0,0.0,1.0,4.0,0.0,1.0,0.0,0.0,0.0,0.0,0.0,0.0,0.0,0.0,0.0,0.0,0.0,0.0,0.0,0.0,0.0,0.0,0.0,0.0,0.0,0.0,0.0,1.0,0.0,0.0,0.0,0.0,4.0,0.0,0.0,0.0,0.0,0.0,0.0,0.0,0.0,0.0,0.0,0.0,0.0,0.0,0.0,0.0,0.0,0.0,0.0,3.0,0.0,0.0,0.0,0.0,0.0,2.0,0.0,0.0,0.0,0.0,0.0,0.0,1.0,0.0,0.0,0.0,0.0,0.0,0.0,0.0,0.0,0.0,0.0,0.0,0.0,0.0,0.0,0.0,2.0,0.0,0.0,0.0,0.0,0.0,0.0,0.0,0.0,0.0,0.0,0.0,0.0,0.0,0.0,0.0,0.0,0.0,0.0,0.0,0.0,0.0,0.0,0.0,0.0,0.0,1.0,0.0,0.0,0.0,0.0,0.0,0.0,6.0,0.0,0.0,0.0
57,22256003.0,1.0,8.0,0.0,1.0,89.0,3.0,2.0,0.0,42.0,2.0,0.0,37.0,4.0,22.0,17.0,14.0,84.0,117.0,9.0,4.0,2.0,40.0,25.0,63.0,9.0,97.0,16.0,13.0,35.0,18.0,26.0,2.0,90.0,1.0,3.0,93.0,201.0,6.0,10.0,27.0,32.0,17.0,0.0,6.0,7.0,36.0,38.0,14.0,36.0,1.0,1.0,17.0,58.0,2.0,1.0,1.0,0.0,21.0,0.0,0.0,1.0,25.0,2.0,1.0,1.0,129.0,73.0,9.0,1.0,9.0,9.0,1.0,1.0,2.0,1.0,16.0,317.0,11.0,6.0,5.0,34.0,14.0,23.0,30.0,43.0,90.0,20.0,79.0,32.0,2.0,72.0,54.0,24.0,65.0,6.0,1.0,10.0,2.0,20.0,254.0,11.0,10.0,37.0,68.0,7.0,11.0,69.0,117.0,138.0,49.0,1.0,41.0,70.0,82.0,76.0,10.0,2.0,65.0,11.0,61.0,50.0,12.0,72.0,147.0,51.0,45.0,111.0,95.0,31.0,16.0,1.0,4.0,13.0,135.0,1.0,9.0,0.0,8.0,0.0,47.0,28.0,44.0,165.0,20.0,30.0,0.0
58,223721302.0,2.0,7.0,2.0,1.0,22.0,1.0,2.0,0.0,11.0,0.0,0.0,9.0,8.0,6.0,1.0,2.0,13.0,18.0,3.0,1.0,2.0,11.0,5.0,5.0,3.0,12.0,3.0,2.0,9.0,9.0,3.0,1.0,9.0,0.0,1.0,18.0,21.0,2.0,3.0,6.0,5.0,4.0,0.0,4.0,3.0,4.0,12.0,6.0,7.0,3.0,1.0,4.0,7.0,1.0,0.0,0.0,21.0,0.0,0.0,0.0,0.0,13.0,1.0,3.0,1.0,16.0,7.0,2.0,1.0,2.0,7.0,2.0,1.0,1.0,2.0,7.0,32.0,3.0,1.0,1.0,17.0,9.0,4.0,36.0,27.0,10.0,4.0,9.0,4.0,1.0,9.0,16.0,21.0,14.0,2.0,0.0,3.0,1.0,5.0,23.0,11.0,1.0,9.0,13.0,2.0,3.0,7.0,15.0,17.0,10.0,0.0,5.0,6.0,13.0,14.0,5.0,1.0,12.0,1.0,6.0,9.0,10.0,8.0,18.0,10.0,6.0,16.0,21.0,8.0,9.0,1.0,4.0,2.0,18.0,1.0,5.0,0.0,2.0,0.0,5.0,4.0,6.0,13.0,6.0,5.0,0.0
59,2261276785.0,0.0,0.0,0.0,3.0,0.0,0.0,0.0,8.0,0.0,0.0,0.0,0.0,6.0,0.0,1.0,0.0,0.0,0.0,0.0,0.0,0.0,0.0,0.0,0.0,0.0,0.0,0.0,1.0,0.0,0.0,0.0,0.0,0.0,0.0,0.0,0.0,0.0,0.0,0.0,0.0,0.0,0.0,0.0,0.0,0.0,0.0,0.0,0.0,0.0,0.0,0.0,0.0,0.0,0.0,0.0,0.0,0.0,0.0,0.0,0.0,0.0,0.0,0.0,0.0,0.0,0.0,0.0,0.0,0.0,0.0,0.0,0.0,0.0,38.0,0.0,0.0,1.0,0.0,0.0,0.0,0.0,0.0,0.0,0.0,0.0,2.0,0.0,0.0,0.0,0.0,0.0,0.0,0.0,0.0,2.0,0.0,0.0,0.0,0.0,0.0,0.0,0.0,1.0,0.0,7.0,0.0,0.0,0.0,0.0,0.0,0.0,0.0,0.0,0.0,0.0,0.0,0.0,0.0,0.0,0.0,0.0,0.0,0.0,0.0,0.0,0.0,0.0,0.0,0.0,0.0,0.0,2.0,0.0,0.0,0.0,3.0,0.0,0.0,0.0,0.0,0.0,0.0,0.0,0.0,0.0,0.0
60,2263781.0,0.0,0.0,0.0,0.0,0.0,0.0,0.0,0.0,0.0,0.0,0.0,0.0,0.0,0.0,0.0,0.0,0.0,0.0,0.0,0.0,0.0,0.0,0.0,0.0,0.0,0.0,0.0,0.0,0.0,0.0,0.0,0.0,0.0,0.0,0.0,0.0,0.0,0.0,0.0,0.0,0.0,0.0,0.0,0.0,0.0,0.0,0.0,0.0,0.0,0.0,0.0,0.0,0.0,0.0,0.0,0.0,0.0,0.0,0.0,0.0,0.0,0.0,0.0,0.0,0.0,0.0,0.0,0.0,0.0,0.0,0.0,0.0,0.0,0.0,0.0,0.0,0.0,0.0,0.0,0.0,0.0,0.0,0.0,0.0,0.0,0.0,0.0,0.0,0.0,0.0,0.0,0.0,0.0,0.0,0.0,0.0,0.0,0.0,0.0,0.0,0.0,0.0,0.0,0.0,0.0,0.0,0.0,0.0,0.0,0.0,0.0,0.0,0.0,0.0,0.0,0.0,0.0,0.0,0.0,0.0,0.0,0.0,0.0,0.0,0.0,0.0,0.0,0.0,0.0,0.0,0.0,0.0,0.0,0.0,0.0,0.0,0.0,0.0,0.0,0.0,0.0,0.0,0.0,0.0,0.0,0.0
61,22893133.0,0.0,0.0,0.0,0.0,0.0,0.0,0.0,0.0,0.0,0.0,0.0,0.0,0.0,0.0,0.0,0.0,0.0,0.0,0.0,0.0,0.0,0.0,0.0,0.0,0.0,0.0,0.0,1.0,0.0,0.0,0.0,0.0,0.0,0.0,0.0,0.0,0.0,0.0,1.0,0.0,0.0,0.0,0.0,0.0,0.0,0.0,0.0,0.0,0.0,0.0,0.0,5.0,0.0,0.0,0.0,0.0,1.0,0.0,0.0,0.0,0.0,0.0,0.0,0.0,0.0,1.0,0.0,0.0,0.0,0.0,2.0,0.0,0.0,2.0,0.0,0.0,0.0,0.0,0.0,0.0,0.0,0.0,0.0,0.0,0.0,0.0,0.0,0.0,0.0,1.0,0.0,0.0,3.0,2.0,0.0,0.0,0.0,0.0,1.0,0.0,0.0,0.0,0.0,0.0,1.0,0.0,0.0,0.0,0.0,0.0,0.0,0.0,0.0,1.0,0.0,0.0,0.0,0.0,0.0,0.0,1.0,0.0,0.0,0.0,0.0,0.0,2.0,1.0,0.0,0.0,0.0,3.0,0.0,0.0,1.0,0.0,0.0,0.0,0.0,0.0,0.0,0.0,0.0,0.0,0.0,0.0
62,23016462.0,1.0,6.0,17.0,1.0,13.0,17.0,6.0,1.0,10.0,4.0,0.0,7.0,1.0,6.0,9.0,3.0,10.0,8.0,7.0,1.0,4.0,24.0,3.0,5.0,4.0,20.0,14.0,18.0,15.0,6.0,4.0,1.0,14.0,1.0,2.0,21.0,21.0,3.0,7.0,5.0,4.0,3.0,1.0,5.0,10.0,5.0,12.0,2.0,3.0,20.0,13.0,80.0,10.0,6.0,2.0,4.0,25.0,13.0,0.0,0.0,0.0,0.0,2.0,1.0,1.0,79.0,14.0,6.0,2.0,1.0,50.0,1.0,1.0,3.0,2.0,3.0,63.0,4.0,7.0,1.0,14.0,24.0,7.0,42.0,9.0,5.0,2.0,8.0,9.0,0.0,8.0,11.0,162.0,40.0,4.0,3.0,12.0,2.0,41.0,34.0,20.0,12.0,89.0,10.0,9.0,6.0,14.0,22.0,13.0,11.0,1.0,3.0,12.0,21.0,26.0,4.0,3.0,12.0,3.0,7.0,9.0,42.0,1.0,12.0,19.0,14.0,20.0,29.0,6.0,8.0,0.0,13.0,2.0,13.0,18.0,21.0,0.0,3.0,0.0,9.0,6.0,4.0,16.0,4.0,9.0,0.0
63,231584136.0,0.0,0.0,0.0,0.0,1.0,0.0,0.0,0.0,0.0,0.0,0.0,0.0,0.0,0.0,0.0,0.0,1.0,21.0,0.0,0.0,0.0,1.0,1.0,2.0,0.0,3.0,0.0,0.0,0.0,1.0,15.0,0.0,2.0,0.0,0.0,3.0,6.0,1.0,0.0,0.0,1.0,0.0,0.0,0.0,0.0,0.0,3.0,1.0,0.0,0.0,0.0,0.0,0.0,0.0,0.0,0.0,2.0,1.0,0.0,0.0,0.0,2.0,0.0,0.0,0.0,4.0,0.0,0.0,0.0,0.0,0.0,0.0,0.0,0.0,0.0,0.0,4.0,0.0,0.0,1.0,1.0,0.0,1.0,0.0,0.0,2.0,0.0,0.0,1.0,0.0,0.0,0.0,0.0,0.0,0.0,0.0,3.0,0.0,1.0,2.0,0.0,0.0,2.0,1.0,0.0,0.0,0.0,0.0,17.0,1.0,0.0,1.0,1.0,1.0,3.0,0.0,0.0,0.0,0.0,1.0,0.0,0.0,1.0,3.0,1.0,0.0,2.0,1.0,49.0,1.0,0.0,0.0,0.0,1.0,0.0,0.0,0.0,0.0,0.0,12.0,1.0,0.0,50.0,0.0,0.0,0.0
64,237598493.0,4.0,1.0,4.0,1.0,1.0,1.0,1.0,0.0,1.0,1.0,0.0,0.0,0.0,1.0,3.0,0.0,2.0,1.0,0.0,1.0,0.0,2.0,1.0,1.0,1.0,3.0,0.0,0.0,0.0,0.0,0.0,0.0,0.0,0.0,1.0,0.0,1.0,1.0,4.0,0.0,1.0,0.0,0.0,1.0,0.0,0.0,1.0,0.0,0.0,1.0,1.0,1.0,0.0,0.0,0.0,0.0,1.0,3.0,0.0,0.0,0.0,1.0,0.0,0.0,1.0,2.0,0.0,0.0,2.0,0.0,2.0,0.0,1.0,1.0,1.0,0.0,3.0,0.0,2.0,0.0,1.0,0.0,0.0,1.0,0.0,0.0,1.0,0.0,1.0,2.0,1.0,1.0,1.0,2.0,5.0,0.0,1.0,1.0,5.0,3.0,4.0,0.0,3.0,1.0,1.0,1.0,2.0,1.0,1.0,1.0,0.0,0.0,0.0,2.0,0.0,1.0,0.0,0.0,1.0,1.0,1.0,1.0,0.0,1.0,1.0,1.0,1.0,1.0,0.0,1.0,0.0,1.0,0.0,1.0,1.0,2.0,0.0,0.0,0.0,0.0,1.0,0.0,1.0,0.0,0.0,0.0
65,239262644.0,1.0,1.0,0.0,1.0,1.0,2.0,1.0,0.0,1.0,0.0,0.0,0.0,0.0,1.0,1.0,0.0,2.0,1.0,0.0,1.0,0.0,1.0,1.0,1.0,1.0,1.0,0.0,0.0,0.0,0.0,0.0,0.0,0.0,0.0,0.0,0.0,1.0,1.0,1.0,0.0,1.0,0.0,0.0,1.0,1.0,0.0,1.0,0.0,0.0,1.0,1.0,1.0,0.0,0.0,0.0,0.0,1.0,1.0,0.0,0.0,0.0,1.0,0.0,1.0,0.0,1.0,0.0,0.0,1.0,0.0,1.0,0.0,1.0,1.0,1.0,0.0,2.0,0.0,0.0,0.0,1.0,0.0,0.0,1.0,0.0,0.0,1.0,1.0,1.0,0.0,1.0,1.0,1.0,2.0,2.0,0.0,1.0,1.0,1.0,1.0,0.0,0.0,3.0,0.0,1.0,1.0,0.0,1.0,1.0,1.0,0.0,0.0,0.0,1.0,0.0,1.0,0.0,0.0,1.0,1.0,1.0,2.0,1.0,1.0,1.0,1.0,1.0,1.0,0.0,1.0,0.0,1.0,0.0,1.0,1.0,1.0,0.0,0.0,0.0,0.0,1.0,0.0,1.0,0.0,0.0,0.0
66,23991729.0,3.0,11.0,15.0,3.0,89.0,20.0,5.0,1.0,69.0,5.0,0.0,52.0,0.0,24.0,15.0,10.0,67.0,94.0,11.0,2.0,10.0,59.0,18.0,26.0,18.0,141.0,10.0,44.0,49.0,21.0,27.0,2.0,65.0,1.0,4.0,100.0,142.0,6.0,38.0,27.0,15.0,28.0,8.0,9.0,14.0,20.0,74.0,17.0,54.0,14.0,4.0,83.0,63.0,11.0,1.0,0.0,129.0,16.0,0.0,0.0,1.0,79.0,4.0,2.0,1.0,0.0,62.0,14.0,3.0,6.0,67.0,7.0,1.0,4.0,4.0,11.0,235.0,8.0,18.0,3.0,36.0,27.0,23.0,50.0,37.0,65.0,23.0,20.0,46.0,3.0,41.0,76.0,107.0,118.0,8.0,7.0,23.0,4.0,81.0,196.0,25.0,22.0,88.0,55.0,18.0,19.0,71.0,87.0,119.0,49.0,7.0,46.0,38.0,98.0,101.0,9.0,6.0,68.0,6.0,30.0,26.0,27.0,29.0,115.0,79.0,48.0,129.0,130.0,22.0,16.0,1.0,15.0,10.0,115.0,6.0,21.0,1.0,11.0,0.0,40.0,22.0,46.0,100.0,27.0,43.0,0.0
67,2426665586.0,0.0,7.0,0.0,0.0,39.0,1.0,0.0,0.0,35.0,0.0,0.0,40.0,0.0,21.0,5.0,10.0,30.0,62.0,6.0,0.0,0.0,23.0,8.0,10.0,5.0,60.0,2.0,6.0,31.0,8.0,28.0,1.0,17.0,0.0,1.0,57.0,136.0,3.0,2.0,16.0,11.0,16.0,1.0,3.0,2.0,9.0,29.0,18.0,12.0,1.0,0.0,7.0,33.0,1.0,0.0,0.0,73.0,7.0,0.0,0.0,0.0,14.0,0.0,0.0,0.0,62.0,0.0,2.0,0.0,12.0,6.0,3.0,0.0,0.0,1.0,10.0,135.0,12.0,5.0,1.0,22.0,0.0,15.0,1.0,10.0,49.0,11.0,2.0,23.0,0.0,15.0,34.0,16.0,42.0,1.0,0.0,3.0,0.0,15.0,100.0,3.0,7.0,19.0,14.0,0.0,3.0,38.0,46.0,89.0,20.0,0.0,20.0,31.0,55.0,29.0,5.0,0.0,28.0,2.0,16.0,11.0,0.0,16.0,54.0,53.0,29.0,71.0,49.0,13.0,10.0,0.0,0.0,11.0,58.0,1.0,0.0,0.0,4.0,0.0,33.0,22.0,25.0,51.0,22.0,24.0,0.0
68,244051691.0,0.0,0.0,0.0,1.0,1.0,0.0,5.0,0.0,1.0,0.0,0.0,1.0,0.0,3.0,6.0,0.0,0.0,0.0,0.0,1.0,3.0,2.0,6.0,2.0,0.0,1.0,8.0,2.0,6.0,0.0,0.0,0.0,2.0,0.0,0.0,7.0,2.0,0.0,3.0,2.0,0.0,0.0,3.0,0.0,2.0,1.0,0.0,0.0,2.0,1.0,0.0,8.0,0.0,1.0,0.0,0.0,9.0,2.0,0.0,0.0,0.0,6.0,0.0,0.0,0.0,14.0,2.0,0.0,0.0,0.0,8.0,0.0,0.0,0.0,0.0,0.0,10.0,0.0,3.0,1.0,1.0,5.0,0.0,11.0,3.0,0.0,1.0,6.0,0.0,2.0,0.0,0.0,10.0,6.0,0.0,2.0,1.0,1.0,14.0,17.0,4.0,11.0,17.0,5.0,1.0,4.0,5.0,7.0,2.0,5.0,1.0,1.0,5.0,4.0,0.0,0.0,0.0,3.0,2.0,0.0,0.0,7.0,0.0,3.0,1.0,2.0,5.0,10.0,5.0,2.0,0.0,1.0,0.0,0.0,1.0,6.0,1.0,1.0,0.0,1.0,2.0,0.0,3.0,0.0,1.0,0.0
69,24728451.0,2.0,2.0,0.0,1.0,1.0,2.0,1.0,0.0,1.0,0.0,0.0,0.0,0.0,2.0,2.0,0.0,1.0,1.0,1.0,1.0,0.0,1.0,1.0,3.0,2.0,3.0,0.0,1.0,0.0,0.0,0.0,0.0,0.0,0.0,1.0,0.0,1.0,2.0,2.0,0.0,3.0,0.0,0.0,4.0,0.0,0.0,1.0,0.0,0.0,1.0,1.0,3.0,0.0,0.0,0.0,0.0,1.0,1.0,0.0,0.0,0.0,2.0,0.0,2.0,1.0,3.0,0.0,0.0,0.0,0.0,2.0,0.0,1.0,2.0,1.0,0.0,1.0,0.0,2.0,0.0,1.0,0.0,0.0,1.0,0.0,0.0,1.0,0.0,2.0,1.0,2.0,1.0,1.0,3.0,2.0,0.0,2.0,1.0,3.0,1.0,0.0,1.0,0.0,0.0,1.0,1.0,0.0,2.0,1.0,1.0,0.0,0.0,0.0,2.0,1.0,2.0,0.0,0.0,1.0,1.0,1.0,1.0,0.0,1.0,1.0,1.0,2.0,1.0,0.0,1.0,0.0,1.0,0.0,1.0,1.0,1.0,0.0,0.0,0.0,0.0,2.0,0.0,2.0,0.0,0.0,0.0
70,2473190790.0,0.0,2.0,0.0,0.0,8.0,0.0,0.0,0.0,9.0,0.0,0.0,7.0,0.0,9.0,0.0,0.0,1.0,11.0,1.0,0.0,0.0,7.0,1.0,0.0,1.0,9.0,0.0,0.0,6.0,3.0,9.0,1.0,1.0,0.0,0.0,9.0,11.0,0.0,0.0,6.0,0.0,3.0,0.0,2.0,0.0,1.0,8.0,4.0,1.0,0.0,0.0,0.0,4.0,0.0,0.0,0.0,9.0,2.0,0.0,0.0,0.0,1.0,0.0,0.0,0.0,6.0,12.0,0.0,0.0,0.0,0.0,0.0,0.0,0.0,0.0,1.0,9.0,4.0,0.0,0.0,6.0,0.0,2.0,0.0,1.0,6.0,4.0,0.0,6.0,0.0,1.0,5.0,0.0,7.0,0.0,0.0,0.0,0.0,0.0,12.0,0.0,0.0,0.0,3.0,0.0,2.0,3.0,8.0,11.0,2.0,0.0,4.0,2.0,10.0,4.0,3.0,0.0,5.0,2.0,1.0,3.0,0.0,2.0,7.0,8.0,6.0,10.0,7.0,7.0,3.0,0.0,0.0,7.0,8.0,0.0,0.0,0.0,1.0,0.0,7.0,3.0,5.0,4.0,5.0,7.0,0.0
71,251726691.0,1.0,2.0,36.0,2.0,3.0,12.0,21.0,0.0,33.0,2.0,3.0,3.0,1.0,7.0,5.0,4.0,10.0,2.0,3.0,1.0,11.0,19.0,4.0,5.0,4.0,63.0,14.0,42.0,9.0,0.0,4.0,0.0,4.0,11.0,1.0,15.0,10.0,3.0,70.0,2.0,3.0,1.0,10.0,2.0,17.0,1.0,1.0,0.0,5.0,34.0,3.0,113.0,11.0,11.0,2.0,0.0,9.0,7.0,0.0,0.0,2.0,50.0,0.0,2.0,1.0,67.0,6.0,8.0,2.0,0.0,0.0,1.0,1.0,2.0,5.0,1.0,37.0,1.0,8.0,0.0,4.0,14.0,2.0,43.0,1.0,0.0,3.0,23.0,8.0,0.0,3.0,6.0,163.0,51.0,9.0,2.0,9.0,3.0,82.0,13.0,20.0,15.0,126.0,5.0,7.0,13.0,25.0,21.0,5.0,3.0,4.0,1.0,11.0,19.0,11.0,3.0,4.0,1.0,2.0,6.0,6.0,47.0,0.0,7.0,9.0,3.0,32.0,29.0,2.0,3.0,0.0,9.0,1.0,1.0,6.0,13.0,0.0,2.0,0.0,3.0,11.0,8.0,4.0,0.0,0.0,0.0
72,252870274.0,0.0,1.0,0.0,0.0,7.0,0.0,0.0,0.0,2.0,0.0,0.0,1.0,0.0,1.0,0.0,0.0,0.0,10.0,0.0,0.0,0.0,2.0,0.0,1.0,0.0,1.0,0.0,0.0,0.0,0.0,0.0,0.0,2.0,0.0,0.0,8.0,11.0,0.0,1.0,5.0,0.0,2.0,1.0,0.0,0.0,0.0,1.0,0.0,7.0,1.0,0.0,1.0,0.0,0.0,0.0,0.0,1.0,2.0,0.0,0.0,0.0,1.0,0.0,0.0,0.0,7.0,3.0,0.0,0.0,0.0,1.0,0.0,0.0,0.0,0.0,1.0,8.0,0.0,0.0,0.0,1.0,0.0,0.0,1.0,1.0,4.0,3.0,1.0,1.0,0.0,1.0,3.0,1.0,1.0,0.0,0.0,0.0,0.0,1.0,5.0,0.0,0.0,1.0,3.0,1.0,1.0,0.0,2.0,3.0,1.0,0.0,1.0,1.0,2.0,1.0,0.0,0.0,1.0,0.0,0.0,0.0,0.0,6.0,9.0,2.0,0.0,4.0,3.0,0.0,1.0,0.0,1.0,1.0,1.0,0.0,0.0,0.0,0.0,0.0,0.0,2.0,2.0,5.0,1.0,1.0,0.0
73,256882565.0,1.0,1.0,1.0,1.0,1.0,1.0,1.0,0.0,1.0,0.0,0.0,0.0,0.0,1.0,0.0,0.0,1.0,1.0,0.0,1.0,0.0,1.0,0.0,1.0,1.0,1.0,0.0,1.0,0.0,0.0,0.0,0.0,0.0,0.0,0.0,0.0,1.0,1.0,2.0,0.0,1.0,0.0,0.0,1.0,0.0,0.0,1.0,0.0,0.0,1.0,1.0,1.0,0.0,1.0,0.0,0.0,1.0,1.0,0.0,0.0,0.0,1.0,0.0,1.0,1.0,1.0,0.0,0.0,1.0,0.0,1.0,0.0,0.0,1.0,1.0,0.0,1.0,0.0,0.0,0.0,1.0,0.0,0.0,2.0,0.0,0.0,1.0,0.0,1.0,0.0,1.0,1.0,2.0,1.0,1.0,0.0,1.0,1.0,2.0,1.0,0.0,0.0,2.0,0.0,1.0,1.0,0.0,1.0,1.0,1.0,0.0,0.0,0.0,1.0,0.0,1.0,0.0,0.0,1.0,1.0,1.0,2.0,0.0,1.0,1.0,1.0,1.0,1.0,0.0,1.0,0.0,1.0,0.0,1.0,1.0,1.0,0.0,0.0,0.0,0.0,1.0,0.0,1.0,0.0,0.0,0.0
74,257509172.0,1.0,1.0,1.0,10.0,1.0,2.0,2.0,15.0,1.0,0.0,0.0,1.0,16.0,1.0,8.0,0.0,1.0,1.0,0.0,1.0,0.0,1.0,0.0,1.0,1.0,1.0,2.0,1.0,0.0,0.0,0.0,0.0,0.0,0.0,5.0,1.0,1.0,1.0,1.0,0.0,1.0,0.0,0.0,1.0,1.0,0.0,1.0,0.0,0.0,2.0,2.0,2.0,0.0,0.0,0.0,0.0,2.0,1.0,38.0,0.0,2.0,3.0,0.0,1.0,1.0,4.0,0.0,0.0,2.0,0.0,2.0,0.0,1.0,0.0,1.0,0.0,3.0,0.0,5.0,0.0,1.0,1.0,0.0,2.0,0.0,0.0,1.0,0.0,1.0,2.0,1.0,1.0,2.0,2.0,7.0,0.0,1.0,1.0,2.0,2.0,1.0,2.0,1.0,0.0,24.0,2.0,0.0,2.0,1.0,1.0,0.0,0.0,1.0,1.0,1.0,1.0,1.0,0.0,1.0,1.0,1.0,2.0,0.0,1.0,1.0,2.0,3.0,2.0,0.0,1.0,0.0,15.0,0.0,1.0,6.0,13.0,0.0,0.0,0.0,0.0,1.0,0.0,1.0,0.0,0.0,0.0
75,2597367997.0,1.0,1.0,1.0,1.0,1.0,1.0,1.0,0.0,2.0,0.0,0.0,0.0,0.0,1.0,0.0,0.0,3.0,1.0,0.0,1.0,0.0,2.0,0.0,1.0,1.0,2.0,0.0,1.0,1.0,0.0,1.0,0.0,1.0,0.0,0.0,3.0,2.0,1.0,3.0,0.0,1.0,0.0,0.0,1.0,0.0,0.0,1.0,0.0,1.0,1.0,1.0,5.0,2.0,0.0,0.0,0.0,1.0,2.0,0.0,0.0,0.0,2.0,0.0,1.0,1.0,4.0,1.0,0.0,1.0,0.0,5.0,0.0,1.0,1.0,0.0,0.0,1.0,0.0,0.0,0.0,2.0,0.0,0.0,1.0,0.0,2.0,1.0,1.0,3.0,0.0,1.0,1.0,2.0,3.0,1.0,0.0,1.0,1.0,2.0,3.0,1.0,0.0,1.0,0.0,2.0,1.0,2.0,2.0,3.0,1.0,0.0,0.0,0.0,4.0,1.0,1.0,0.0,0.0,1.0,1.0,1.0,1.0,0.0,1.0,3.0,1.0,3.0,2.0,0.0,1.0,0.0,1.0,0.0,1.0,1.0,1.0,0.0,0.0,0.0,0.0,1.0,0.0,3.0,0.0,1.0,0.0
76,267381680.0,0.0,2.0,0.0,0.0,40.0,0.0,0.0,0.0,11.0,0.0,0.0,9.0,0.0,2.0,0.0,2.0,6.0,30.0,6.0,0.0,0.0,9.0,2.0,8.0,0.0,14.0,0.0,0.0,7.0,6.0,3.0,0.0,4.0,0.0,0.0,21.0,33.0,0.0,1.0,8.0,2.0,6.0,1.0,2.0,0.0,2.0,8.0,4.0,15.0,1.0,0.0,1.0,6.0,0.0,0.0,0.0,16.0,7.0,0.0,0.0,0.0,3.0,0.0,0.0,0.0,11.0,10.0,0.0,0.0,1.0,1.0,1.0,0.0,0.0,0.0,0.0,30.0,3.0,0.0,1.0,6.0,0.0,1.0,1.0,9.0,15.0,8.0,1.0,6.0,0.0,17.0,18.0,1.0,10.0,0.0,0.0,6.0,0.0,1.0,31.0,0.0,0.0,1.0,10.0,1.0,2.0,7.0,9.0,19.0,15.0,0.0,5.0,4.0,15.0,9.0,0.0,0.0,13.0,2.0,6.0,5.0,0.0,8.0,23.0,14.0,2.0,24.0,12.0,6.0,3.0,0.0,1.0,3.0,17.0,0.0,0.0,0.0,2.0,0.0,8.0,10.0,11.0,18.0,3.0,16.0,0.0
77,278527917.0,1.0,19.0,12.0,3.0,204.0,15.0,2.0,2.0,93.0,3.0,0.0,95.0,4.0,34.0,13.0,19.0,147.0,230.0,14.0,3.0,7.0,74.0,51.0,107.0,25.0,191.0,12.0,30.0,72.0,31.0,36.0,1.0,140.0,2.0,2.0,177.0,493.0,11.0,23.0,41.0,39.0,35.0,4.0,9.0,14.0,36.0,82.0,20.0,93.0,8.0,4.0,35.0,110.0,5.0,0.0,0.0,317.0,32.0,1.0,0.0,0.0,63.0,4.0,3.0,2.0,235.0,135.0,10.0,1.0,9.0,37.0,8.0,1.0,3.0,1.0,30.0,0.0,15.0,11.0,8.0,52.0,21.0,36.0,22.0,57.0,163.0,29.0,21.0,59.0,2.0,109.0,107.0,93.0,161.0,7.0,2.0,25.0,2.0,62.0,366.0,21.0,15.0,70.0,125.0,17.0,17.0,110.0,150.0,267.0,78.0,1.0,69.0,96.0,139.0,130.0,15.0,5.0,108.0,12.0,103.0,53.0,19.0,88.0,262.0,105.0,56.0,187.0,185.0,46.0,17.0,7.0,12.0,16.0,285.0,9.0,23.0,4.0,21.0,0.0,57.0,52.0,64.0,238.0,35.0,51.0,0.0
78,282916645.0,0.0,3.0,0.0,0.0,6.0,1.0,0.0,0.0,7.0,0.0,0.0,9.0,0.0,4.0,0.0,3.0,7.0,9.0,4.0,0.0,0.0,7.0,1.0,1.0,2.0,10.0,0.0,1.0,7.0,4.0,8.0,1.0,3.0,0.0,0.0,9.0,15.0,0.0,0.0,5.0,2.0,3.0,0.0,2.0,0.0,5.0,7.0,5.0,6.0,0.0,0.0,1.0,6.0,0.0,0.0,0.0,11.0,3.0,0.0,0.0,0.0,4.0,0.0,0.0,0.0,8.0,12.0,0.0,0.0,4.0,1.0,0.0,0.0,0.0,0.0,3.0,15.0,0.0,1.0,1.0,6.0,0.0,2.0,0.0,1.0,11.0,4.0,0.0,5.0,0.0,4.0,6.0,1.0,9.0,1.0,0.0,0.0,0.0,2.0,13.0,0.0,0.0,1.0,5.0,0.0,2.0,5.0,8.0,11.0,5.0,0.0,4.0,7.0,8.0,5.0,4.0,2.0,6.0,1.0,2.0,3.0,0.0,6.0,7.0,9.0,7.0,12.0,5.0,5.0,5.0,0.0,0.0,3.0,10.0,0.0,0.0,0.0,1.0,0.0,8.0,5.0,8.0,5.0,6.0,5.0,0.0
79,2856528830.0,6.0,0.0,2.0,0.0,1.0,5.0,1.0,0.0,3.0,6.0,0.0,2.0,0.0,0.0,30.0,3.0,1.0,0.0,0.0,0.0,2.0,3.0,0.0,1.0,0.0,5.0,1.0,4.0,4.0,0.0,3.0,0.0,1.0,0.0,12.0,4.0,7.0,0.0,2.0,0.0,0.0,0.0,0.0,0.0,4.0,0.0,0.0,0.0,0.0,2.0,1.0,6.0,2.0,1.0,0.0,0.0,6.0,1.0,0.0,0.0,0.0,7.0,0.0,2.0,0.0,18.0,5.0,3.0,2.0,0.0,8.0,0.0,0.0,5.0,0.0,0.0,11.0,1.0,0.0,0.0,0.0,2.0,2.0,2.0,0.0,1.0,0.0,0.0,1.0,7.0,0.0,1.0,11.0,7.0,16.0,0.0,1.0,0.0,15.0,8.0,7.0,6.0,14.0,0.0,3.0,2.0,8.0,5.0,0.0,0.0,0.0,0.0,11.0,1.0,2.0,0.0,3.0,3.0,0.0,3.0,1.0,2.0,0.0,2.0,4.0,2.0,5.0,5.0,0.0,2.0,0.0,2.0,0.0,0.0,0.0,2.0,0.0,0.0,0.0,0.0,2.0,0.0,2.0,0.0,0.0,0.0
80,2903653111.0,0.0,0.0,0.0,0.0,2.0,0.0,0.0,0.0,1.0,2.0,0.0,0.0,0.0,1.0,0.0,1.0,1.0,4.0,1.0,2.0,2.0,2.0,1.0,0.0,0.0,1.0,2.0,0.0,0.0,1.0,0.0,0.0,3.0,0.0,0.0,1.0,5.0,0.0,1.0,2.0,0.0,0.0,0.0,0.0,0.0,3.0,1.0,0.0,0.0,0.0,0.0,0.0,0.0,0.0,0.0,0.0,5.0,1.0,0.0,0.0,0.0,1.0,1.0,0.0,0.0,3.0,1.0,1.0,0.0,0.0,0.0,0.0,0.0,0.0,0.0,1.0,8.0,1.0,0.0,0.0,4.0,2.0,1.0,1.0,1.0,1.0,1.0,2.0,0.0,1.0,1.0,1.0,0.0,1.0,0.0,0.0,0.0,0.0,0.0,6.0,1.0,0.0,2.0,4.0,0.0,0.0,0.0,4.0,2.0,3.0,0.0,1.0,2.0,4.0,1.0,0.0,0.0,2.0,0.0,0.0,1.0,1.0,2.0,6.0,1.0,4.0,1.0,1.0,2.0,1.0,0.0,0.0,1.0,1.0,0.0,0.0,0.0,0.0,0.0,0.0,0.0,1.0,8.0,0.0,1.0,0.0
81,294634289.0,1.0,6.0,1.0,1.0,28.0,1.0,2.0,0.0,29.0,4.0,0.0,24.0,4.0,18.0,0.0,2.0,14.0,35.0,6.0,1.0,5.0,18.0,4.0,6.0,5.0,29.0,2.0,0.0,14.0,13.0,10.0,2.0,15.0,0.0,1.0,32.0,45.0,2.0,3.0,13.0,8.0,6.0,2.0,6.0,0.0,5.0,31.0,9.0,12.0,3.0,1.0,2.0,12.0,0.0,0.0,3.0,34.0,17.0,0.0,0.0,0.0,14.0,1.0,1.0,1.0,36.0,22.0,1.0,1.0,6.0,4.0,1.0,1.0,1.0,2.0,6.0,52.0,6.0,0.0,4.0,0.0,2.0,11.0,8.0,13.0,22.0,15.0,4.0,13.0,0.0,7.0,21.0,11.0,30.0,1.0,0.0,3.0,1.0,3.0,58.0,4.0,0.0,3.0,13.0,2.0,5.0,15.0,28.0,43.0,25.0,0.0,9.0,11.0,36.0,29.0,6.0,0.0,17.0,2.0,6.0,8.0,5.0,11.0,29.0,32.0,21.0,40.0,33.0,12.0,7.0,0.0,4.0,7.0,31.0,1.0,4.0,0.0,4.0,0.0,18.0,6.0,14.0,33.0,19.0,17.0,0.0
82,301586617.0,0.0,0.0,5.0,0.0,2.0,11.0,4.0,0.0,1.0,2.0,0.0,2.0,6.0,3.0,4.0,0.0,2.0,0.0,0.0,1.0,5.0,7.0,3.0,1.0,0.0,1.0,11.0,10.0,2.0,0.0,0.0,0.0,3.0,2.0,0.0,4.0,3.0,0.0,7.0,0.0,0.0,2.0,2.0,1.0,7.0,2.0,0.0,0.0,0.0,6.0,1.0,16.0,0.0,4.0,0.0,0.0,14.0,9.0,0.0,0.0,0.0,24.0,0.0,0.0,0.0,27.0,0.0,5.0,0.0,0.0,14.0,0.0,0.0,1.0,0.0,0.0,21.0,0.0,2.0,2.0,2.0,0.0,0.0,31.0,10.0,0.0,1.0,22.0,0.0,2.0,0.0,2.0,35.0,6.0,1.0,4.0,11.0,1.0,12.0,12.0,29.0,13.0,30.0,20.0,2.0,3.0,5.0,6.0,1.0,0.0,1.0,0.0,5.0,7.0,2.0,0.0,1.0,0.0,0.0,2.0,2.0,30.0,0.0,3.0,2.0,2.0,4.0,7.0,11.0,2.0,2.0,3.0,0.0,1.0,0.0,10.0,0.0,1.0,0.0,1.0,2.0,1.0,1.0,0.0,0.0,0.0
83,302282119.0,0.0,0.0,0.0,0.0,14.0,0.0,0.0,1.0,11.0,0.0,0.0,10.0,0.0,8.0,2.0,3.0,8.0,25.0,2.0,0.0,0.0,7.0,4.0,2.0,2.0,17.0,0.0,1.0,8.0,4.0,7.0,0.0,9.0,0.0,1.0,24.0,33.0,1.0,0.0,4.0,9.0,5.0,0.0,2.0,0.0,7.0,12.0,7.0,2.0,0.0,1.0,1.0,7.0,0.0,0.0,0.0,23.0,4.0,0.0,0.0,0.0,7.0,1.0,0.0,0.0,23.0,15.0,0.0,0.0,2.0,2.0,0.0,0.0,0.0,0.0,1.0,36.0,2.0,2.0,1.0,11.0,0.0,0.0,1.0,5.0,20.0,1.0,0.0,8.0,0.0,5.0,21.0,3.0,10.0,1.0,0.0,0.0,0.0,2.0,26.0,0.0,2.0,2.0,2.0,1.0,2.0,14.0,13.0,24.0,8.0,0.0,9.0,20.0,17.0,12.0,3.0,0.0,8.0,3.0,7.0,5.0,1.0,11.0,13.0,17.0,15.0,20.0,14.0,3.0,3.0,0.0,1.0,4.0,13.0,0.0,0.0,0.0,2.0,0.0,11.0,6.0,9.0,28.0,10.0,10.0,0.0
84,3129259739.0,2.0,1.0,11.0,3.0,3.0,7.0,10.0,0.0,1.0,1.0,1.0,2.0,7.0,8.0,1.0,0.0,3.0,2.0,1.0,2.0,11.0,3.0,3.0,4.0,1.0,2.0,36.0,9.0,3.0,0.0,1.0,0.0,3.0,4.0,0.0,6.0,7.0,1.0,10.0,1.0,2.0,1.0,3.0,2.0,12.0,1.0,1.0,0.0,2.0,22.0,2.0,23.0,0.0,4.0,1.0,0.0,30.0,36.0,0.0,0.0,0.0,42.0,0.0,1.0,1.0,50.0,1.0,11.0,1.0,0.0,43.0,1.0,2.0,2.0,1.0,1.0,22.0,0.0,2.0,1.0,8.0,31.0,1.0,0.0,34.0,0.0,6.0,72.0,2.0,4.0,1.0,3.0,90.0,11.0,2.0,1.0,3.0,1.0,23.0,19.0,16.0,12.0,111.0,14.0,4.0,5.0,4.0,12.0,3.0,2.0,5.0,1.0,7.0,18.0,6.0,1.0,2.0,0.0,1.0,3.0,3.0,119.0,1.0,6.0,5.0,7.0,6.0,23.0,13.0,4.0,1.0,6.0,0.0,2.0,7.0,15.0,0.0,1.0,0.0,3.0,4.0,0.0,6.0,0.0,0.0,0.0
85,317686278.0,1.0,2.0,0.0,1.0,36.0,0.0,1.0,0.0,6.0,0.0,0.0,7.0,7.0,4.0,0.0,3.0,17.0,34.0,5.0,2.0,1.0,11.0,13.0,9.0,4.0,17.0,6.0,0.0,6.0,5.0,4.0,0.0,13.0,0.0,0.0,27.0,34.0,1.0,0.0,6.0,6.0,10.0,0.0,3.0,1.0,6.0,20.0,3.0,16.0,2.0,0.0,0.0,11.0,0.0,0.0,0.0,43.0,27.0,0.0,0.0,0.0,9.0,0.0,0.0,0.0,37.0,10.0,3.0,0.0,1.0,1.0,1.0,0.0,0.0,0.0,9.0,57.0,1.0,0.0,1.0,13.0,10.0,5.0,34.0,0.0,19.0,5.0,11.0,6.0,2.0,24.0,26.0,17.0,6.0,0.0,0.0,5.0,0.0,1.0,46.0,11.0,0.0,13.0,19.0,0.0,2.0,8.0,11.0,27.0,13.0,0.0,16.0,7.0,22.0,25.0,1.0,0.0,23.0,2.0,9.0,6.0,9.0,14.0,29.0,17.0,6.0,20.0,17.0,14.0,8.0,1.0,2.0,1.0,23.0,0.0,3.0,0.0,7.0,0.0,12.0,8.0,13.0,33.0,5.0,12.0,0.0
86,321312701.0,0.0,12.0,0.0,0.0,79.0,0.0,0.0,0.0,44.0,0.0,0.0,27.0,0.0,13.0,0.0,13.0,56.0,92.0,8.0,0.0,0.0,22.0,17.0,32.0,13.0,85.0,0.0,0.0,25.0,12.0,19.0,1.0,36.0,0.0,0.0,72.0,140.0,3.0,0.0,24.0,18.0,12.0,0.0,4.0,0.0,16.0,26.0,15.0,32.0,0.0,0.0,0.0,43.0,0.0,0.0,0.0,90.0,10.0,2.0,0.0,0.0,5.0,2.0,0.0,0.0,65.0,49.0,0.0,0.0,6.0,0.0,4.0,0.0,0.0,2.0,15.0,163.0,11.0,1.0,1.0,22.0,0.0,20.0,0.0,19.0,0.0,11.0,0.0,30.0,1.0,39.0,51.0,1.0,39.0,1.0,0.0,12.0,0.0,1.0,118.0,0.0,0.0,1.0,29.0,0.0,8.0,48.0,49.0,107.0,34.0,0.0,44.0,40.0,56.0,36.0,5.0,0.0,40.0,6.0,33.0,21.0,0.0,39.0,92.0,48.0,24.0,92.0,69.0,19.0,6.0,1.0,0.0,7.0,79.0,0.0,0.0,2.0,5.0,0.0,32.0,25.0,39.0,110.0,13.0,25.0,0.0
87,3401741893.0,1.0,2.0,2.0,3.0,30.0,1.0,1.0,0.0,15.0,5.0,0.0,7.0,0.0,11.0,0.0,1.0,9.0,27.0,2.0,1.0,3.0,10.0,2.0,8.0,2.0,11.0,1.0,1.0,6.0,3.0,5.0,1.0,15.0,0.0,1.0,20.0,30.0,2.0,3.0,10.0,3.0,5.0,1.0,3.0,0.0,2.0,8.0,3.0,14.0,2.0,1.0,2.0,5.0,0.0,0.0,2.0,20.0,4.0,0.0,0.0,0.0,2.0,0.0,1.0,1.0,23.0,11.0,1.0,1.0,4.0,3.0,3.0,1.0,1.0,1.0,8.0,29.0,4.0,0.0,1.0,15.0,1.0,1.0,6.0,5.0,11.0,0.0,1.0,12.0,0.0,7.0,12.0,3.0,14.0,1.0,0.0,4.0,1.0,4.0,32.0,0.0,0.0,4.0,9.0,2.0,4.0,7.0,15.0,24.0,13.0,0.0,6.0,4.0,28.0,14.0,2.0,0.0,12.0,3.0,7.0,7.0,2.0,7.0,25.0,11.0,5.0,21.0,13.0,9.0,3.0,0.0,3.0,4.0,15.0,1.0,3.0,0.0,5.0,0.0,13.0,11.0,12.0,38.0,5.0,10.0,0.0
88,342169792.0,0.0,0.0,2.0,0.0,2.0,4.0,1.0,0.0,4.0,0.0,0.0,1.0,3.0,5.0,2.0,0.0,3.0,1.0,0.0,2.0,6.0,5.0,3.0,0.0,2.0,4.0,31.0,4.0,1.0,0.0,1.0,0.0,4.0,5.0,0.0,2.0,3.0,0.0,10.0,0.0,0.0,1.0,1.0,1.0,3.0,5.0,0.0,0.0,1.0,14.0,0.0,8.0,0.0,0.0,0.0,0.0,79.0,9.0,0.0,0.0,0.0,8.0,0.0,0.0,1.0,20.0,2.0,6.0,0.0,0.0,23.0,1.0,0.0,0.0,1.0,1.0,21.0,0.0,0.0,2.0,4.0,22.0,0.0,72.0,11.0,0.0,1.0,0.0,2.0,3.0,0.0,2.0,28.0,7.0,0.0,1.0,4.0,0.0,13.0,43.0,10.0,7.0,46.0,7.0,3.0,2.0,1.0,36.0,2.0,2.0,1.0,0.0,5.0,19.0,2.0,1.0,0.0,0.0,0.0,1.0,0.0,44.0,1.0,19.0,1.0,8.0,6.0,10.0,12.0,2.0,1.0,4.0,0.0,1.0,1.0,4.0,0.0,0.0,0.0,0.0,2.0,1.0,16.0,0.0,0.0,0.0
89,35116562.0,2.0,9.0,1.0,3.0,29.0,2.0,1.0,2.0,37.0,1.0,0.0,8.0,1.0,11.0,2.0,5.0,29.0,40.0,4.0,1.0,0.0,16.0,14.0,15.0,16.0,75.0,0.0,4.0,21.0,6.0,14.0,1.0,30.0,0.0,0.0,38.0,30.0,5.0,9.0,10.0,2.0,7.0,1.0,5.0,0.0,5.0,14.0,6.0,9.0,2.0,3.0,5.0,29.0,0.0,0.0,0.0,32.0,4.0,0.0,0.0,0.0,9.0,1.0,1.0,1.0,46.0,23.0,0.0,2.0,6.0,8.0,1.0,1.0,1.0,3.0,6.0,59.0,5.0,1.0,0.0,13.0,0.0,8.0,2.0,6.0,30.0,12.0,2.0,0.0,0.0,19.0,17.0,7.0,42.0,4.0,1.0,12.0,2.0,11.0,55.0,3.0,5.0,4.0,9.0,6.0,9.0,25.0,27.0,46.0,20.0,1.0,21.0,8.0,38.0,29.0,10.0,1.0,16.0,3.0,20.0,11.0,3.0,7.0,34.0,26.0,25.0,42.0,51.0,12.0,5.0,0.0,6.0,11.0,31.0,1.0,5.0,1.0,3.0,1.0,16.0,19.0,32.0,40.0,10.0,18.0,0.0
90,361704573.0,5.0,0.0,0.0,0.0,0.0,0.0,0.0,0.0,0.0,0.0,0.0,0.0,1.0,0.0,18.0,0.0,0.0,0.0,0.0,1.0,0.0,0.0,1.0,0.0,0.0,0.0,2.0,0.0,0.0,0.0,0.0,0.0,1.0,0.0,6.0,0.0,0.0,0.0,0.0,0.0,0.0,0.0,0.0,0.0,0.0,0.0,0.0,0.0,0.0,0.0,0.0,0.0,0.0,0.0,0.0,0.0,2.0,1.0,0.0,0.0,1.0,0.0,0.0,2.0,0.0,3.0,0.0,2.0,1.0,0.0,0.0,0.0,0.0,2.0,0.0,0.0,2.0,0.0,7.0,1.0,0.0,2.0,0.0,4.0,2.0,1.0,0.0,3.0,0.0,0.0,0.0,0.0,1.0,0.0,14.0,0.0,0.0,0.0,1.0,2.0,5.0,0.0,3.0,2.0,1.0,0.0,0.0,1.0,0.0,0.0,0.0,0.0,1.0,1.0,0.0,0.0,0.0,0.0,0.0,0.0,0.0,1.0,0.0,1.0,0.0,1.0,0.0,0.0,1.0,0.0,0.0,0.0,0.0,0.0,0.0,0.0,0.0,0.0,0.0,0.0,0.0,0.0,0.0,0.0,0.0,0.0
91,36453220.0,1.0,7.0,0.0,2.0,61.0,3.0,1.0,1.0,17.0,0.0,0.0,13.0,0.0,4.0,1.0,5.0,39.0,60.0,10.0,1.0,0.0,27.0,15.0,43.0,10.0,38.0,0.0,2.0,12.0,11.0,4.0,0.0,36.0,0.0,0.0,30.0,57.0,5.0,4.0,12.0,6.0,9.0,0.0,3.0,0.0,3.0,17.0,7.0,22.0,2.0,1.0,2.0,19.0,0.0,0.0,0.0,72.0,9.0,0.0,0.0,0.0,8.0,0.0,1.0,1.0,41.0,15.0,0.0,2.0,1.0,3.0,1.0,1.0,1.0,1.0,17.0,109.0,4.0,0.0,1.0,7.0,0.0,5.0,1.0,24.0,39.0,7.0,0.0,19.0,0.0,0.0,31.0,2.0,29.0,2.0,1.0,13.0,1.0,5.0,76.0,0.0,1.0,0.0,25.0,2.0,3.0,17.0,23.0,56.0,29.0,1.0,24.0,6.0,22.0,28.0,3.0,0.0,25.0,3.0,35.0,21.0,3.0,18.0,52.0,20.0,12.0,40.0,30.0,8.0,6.0,3.0,1.0,1.0,62.0,1.0,4.0,2.0,4.0,0.0,8.0,17.0,19.0,59.0,4.0,16.0,0.0
92,369849906.0,1.0,6.0,0.0,2.0,81.0,2.0,1.0,0.0,27.0,0.0,0.0,20.0,0.0,16.0,2.0,9.0,28.0,77.0,9.0,1.0,0.0,22.0,10.0,16.0,4.0,36.0,0.0,2.0,17.0,12.0,15.0,1.0,22.0,0.0,2.0,65.0,85.0,2.0,4.0,20.0,12.0,19.0,1.0,3.0,1.0,11.0,47.0,17.0,41.0,3.0,1.0,5.0,18.0,2.0,0.0,0.0,54.0,16.0,0.0,0.0,0.0,11.0,0.0,1.0,1.0,76.0,34.0,0.0,1.0,5.0,6.0,3.0,1.0,1.0,1.0,18.0,107.0,6.0,1.0,1.0,21.0,2.0,21.0,3.0,26.0,51.0,12.0,2.0,17.0,0.0,31.0,0.0,6.0,22.0,2.0,0.0,5.0,1.0,7.0,72.0,2.0,4.0,7.0,38.0,2.0,5.0,29.0,30.0,72.0,28.0,1.0,28.0,21.0,48.0,41.0,4.0,0.0,46.0,3.0,19.0,16.0,1.0,36.0,63.0,45.0,21.0,56.0,32.0,12.0,13.0,0.0,3.0,5.0,52.0,2.0,2.0,0.0,4.0,0.0,24.0,17.0,26.0,70.0,15.0,29.0,0.0
93,371088454.0,1.0,1.0,74.0,1.0,6.0,15.0,21.0,0.0,36.0,3.0,4.0,3.0,8.0,4.0,9.0,3.0,16.0,2.0,2.0,1.0,34.0,21.0,3.0,6.0,3.0,54.0,29.0,146.0,17.0,0.0,5.0,0.0,5.0,5.0,2.0,33.0,23.0,1.0,69.0,1.0,3.0,0.0,15.0,1.0,146.0,3.0,1.0,0.0,6.0,30.0,6.0,104.0,9.0,18.0,1.0,0.0,24.0,21.0,0.0,0.0,3.0,162.0,0.0,1.0,1.0,107.0,16.0,10.0,1.0,0.0,163.0,1.0,2.0,2.0,2.0,1.0,93.0,1.0,11.0,0.0,11.0,35.0,3.0,90.0,17.0,1.0,3.0,28.0,7.0,1.0,2.0,6.0,0.0,48.0,6.0,23.0,16.0,3.0,148.0,23.0,31.0,17.0,236.0,15.0,14.0,11.0,28.0,22.0,4.0,4.0,20.0,1.0,18.0,18.0,8.0,2.0,7.0,3.0,1.0,5.0,12.0,103.0,0.0,8.0,9.0,4.0,30.0,35.0,3.0,8.0,0.0,11.0,0.0,1.0,13.0,26.0,0.0,1.0,5.0,5.0,9.0,8.0,3.0,0.0,0.0,0.0
94,39024549.0,1.0,13.0,10.0,3.0,49.0,9.0,2.0,2.0,73.0,3.0,0.0,48.0,1.0,18.0,4.0,10.0,48.0,55.0,11.0,1.0,3.0,44.0,13.0,15.0,16.0,131.0,1.0,29.0,40.0,14.0,20.0,2.0,41.0,0.0,1.0,52.0,77.0,10.0,30.0,13.0,4.0,8.0,3.0,10.0,10.0,7.0,26.0,9.0,18.0,7.0,4.0,60.0,62.0,6.0,0.0,1.0,65.0,14.0,0.0,0.0,2.0,40.0,0.0,2.0,2.0,118.0,42.0,6.0,3.0,7.0,51.0,1.0,1.0,2.0,3.0,10.0,161.0,9.0,7.0,1.0,30.0,6.0,10.0,11.0,6.0,39.0,14.0,7.0,42.0,0.0,29.0,22.0,48.0,0.0,5.0,3.0,13.0,2.0,48.0,150.0,12.0,10.0,26.0,24.0,9.0,9.0,40.0,69.0,94.0,47.0,1.0,29.0,15.0,62.0,47.0,13.0,3.0,28.0,7.0,30.0,16.0,11.0,16.0,67.0,52.0,28.0,87.0,151.0,13.0,6.0,1.0,9.0,11.0,114.0,3.0,16.0,1.0,3.0,0.0,22.0,21.0,33.0,68.0,17.0,31.0,0.0
95,39182840.0,8.0,1.0,0.0,2.0,1.0,1.0,1.0,1.0,2.0,6.0,0.0,1.0,2.0,1.0,25.0,1.0,2.0,1.0,0.0,1.0,0.0,3.0,1.0,1.0,1.0,6.0,0.0,1.0,2.0,0.0,2.0,0.0,2.0,0.0,16.0,4.0,4.0,1.0,4.0,0.0,1.0,0.0,0.0,1.0,1.0,0.0,1.0,0.0,0.0,1.0,1.0,5.0,2.0,1.0,0.0,0.0,6.0,2.0,2.0,0.0,0.0,4.0,0.0,5.0,2.0,8.0,1.0,0.0,2.0,0.0,9.0,0.0,1.0,7.0,1.0,0.0,7.0,1.0,16.0,0.0,1.0,1.0,1.0,2.0,0.0,1.0,1.0,0.0,4.0,14.0,2.0,2.0,6.0,5.0,0.0,0.0,2.0,1.0,7.0,3.0,4.0,1.0,5.0,0.0,2.0,2.0,3.0,4.0,1.0,1.0,0.0,1.0,2.0,4.0,0.0,1.0,1.0,4.0,1.0,2.0,1.0,3.0,0.0,3.0,2.0,3.0,5.0,5.0,0.0,2.0,0.0,2.0,0.0,1.0,1.0,3.0,0.0,0.0,0.0,0.0,3.0,0.0,2.0,0.0,0.0,0.0
96,39807785.0,0.0,0.0,1.0,0.0,1.0,2.0,0.0,0.0,0.0,0.0,0.0,0.0,0.0,0.0,0.0,0.0,1.0,0.0,0.0,0.0,1.0,2.0,1.0,0.0,0.0,2.0,3.0,3.0,0.0,0.0,0.0,0.0,0.0,1.0,0.0,1.0,0.0,0.0,9.0,0.0,0.0,0.0,1.0,0.0,1.0,0.0,0.0,0.0,1.0,1.0,1.0,1.0,0.0,0.0,0.0,0.0,1.0,0.0,0.0,0.0,0.0,3.0,0.0,0.0,0.0,7.0,0.0,2.0,0.0,0.0,2.0,0.0,0.0,0.0,0.0,0.0,2.0,0.0,0.0,0.0,0.0,4.0,0.0,1.0,0.0,0.0,0.0,1.0,1.0,0.0,1.0,0.0,23.0,3.0,0.0,0.0,3.0,1.0,6.0,2.0,1.0,1.0,7.0,1.0,0.0,0.0,3.0,1.0,1.0,0.0,0.0,0.0,0.0,0.0,0.0,0.0,1.0,0.0,0.0,2.0,1.0,1.0,0.0,0.0,1.0,2.0,1.0,3.0,0.0,0.0,0.0,1.0,0.0,0.0,1.0,2.0,0.0,1.0,0.0,0.0,1.0,2.0,1.0,0.0,0.0,0.0
97,424447494.0,2.0,2.0,3.0,1.0,17.0,4.0,2.0,0.0,20.0,1.0,0.0,2.0,0.0,3.0,2.0,0.0,11.0,12.0,2.0,1.0,0.0,5.0,4.0,5.0,6.0,25.0,3.0,6.0,5.0,0.0,2.0,0.0,9.0,1.0,0.0,14.0,10.0,2.0,8.0,2.0,2.0,4.0,1.0,2.0,0.0,0.0,5.0,1.0,10.0,4.0,1.0,7.0,5.0,0.0,1.0,0.0,10.0,3.0,0.0,0.0,0.0,12.0,3.0,1.0,1.0,23.0,3.0,1.0,2.0,0.0,9.0,0.0,1.0,1.0,1.0,6.0,25.0,0.0,1.0,0.0,3.0,11.0,0.0,3.0,5.0,12.0,4.0,4.0,12.0,0.0,13.0,5.0,16.0,13.0,2.0,3.0,0.0,3.0,9.0,20.0,8.0,1.0,11.0,13.0,2.0,2.0,13.0,6.0,16.0,5.0,0.0,5.0,0.0,19.0,6.0,5.0,0.0,6.0,1.0,10.0,5.0,8.0,2.0,14.0,9.0,2.0,20.0,13.0,4.0,2.0,0.0,3.0,2.0,8.0,2.0,2.0,0.0,2.0,0.0,3.0,9.0,14.0,18.0,1.0,6.0,0.0
98,424869429.0,1.0,1.0,1.0,1.0,1.0,1.0,1.0,0.0,1.0,0.0,0.0,0.0,1.0,1.0,0.0,0.0,2.0,1.0,0.0,1.0,0.0,1.0,2.0,1.0,1.0,1.0,0.0,2.0,0.0,0.0,0.0,0.0,1.0,0.0,0.0,1.0,2.0,1.0,2.0,0.0,1.0,0.0,2.0,1.0,0.0,0.0,1.0,0.0,1.0,1.0,1.0,2.0,0.0,0.0,1.0,0.0,2.0,1.0,0.0,0.0,0.0,2.0,0.0,1.0,1.0,4.0,0.0,1.0,1.0,0.0,3.0,0.0,1.0,1.0,1.0,0.0,2.0,0.0,0.0,0.0,1.0,1.0,0.0,1.0,0.0,0.0,1.0,0.0,2.0,0.0,1.0,1.0,3.0,2.0,1.0,1.0,3.0,0.0,2.0,1.0,1.0,2.0,2.0,0.0,2.0,1.0,0.0,2.0,2.0,1.0,0.0,0.0,0.0,1.0,0.0,1.0,1.0,0.0,1.0,2.0,1.0,1.0,0.0,2.0,2.0,1.0,1.0,2.0,0.0,1.0,0.0,2.0,0.0,2.0,1.0,1.0,0.0,1.0,0.0,0.0,2.0,1.0,1.0,0.0,0.0,0.0
99,43681750.0,1.0,2.0,29.0,5.0,5.0,17.0,6.0,1.0,27.0,4.0,1.0,3.0,2.0,7.0,8.0,2.0,15.0,2.0,2.0,1.0,14.0,22.0,6.0,5.0,4.0,48.0,5.0,56.0,21.0,0.0,5.0,0.0,3.0,1.0,1.0,19.0,18.0,2.0,59.0,1.0,1.0,1.0,4.0,2.0,19.0,3.0,1.0,0.0,4.0,14.0,2.0,61.0,8.0,9.0,1.0,0.0,20.0,5.0,0.0,0.0,1.0,41.0,1.0,5.0,1.0,81.0,15.0,14.0,3.0,0.0,82.0,1.0,2.0,2.0,2.0,1.0,62.0,2.0,15.0,0.0,3.0,12.0,2.0,23.0,1.0,1.0,4.0,13.0,11.0,1.0,5.0,7.0,148.0,48.0,7.0,6.0,9.0,2.0,0.0,26.0,22.0,21.0,102.0,9.0,9.0,11.0,31.0,23.0,5.0,7.0,9.0,1.0,18.0,14.0,11.0,4.0,7.0,4.0,1.0,7.0,7.0,28.0,0.0,7.0,9.0,7.0,24.0,39.0,2.0,4.0,1.0,10.0,1.0,1.0,7.0,23.0,0.0,0.0,0.0,3.0,10.0,12.0,5.0,0.0,0.0,0.0
100,438485176.0,2.0,17.0,6.0,3.0,156.0,3.0,4.0,1.0,92.0,5.0,0.0,95.0,1.0,34.0,7.0,21.0,88.0,170.0,13.0,4.0,4.0,60.0,26.0,47.0,14.0,162.0,9.0,10.0,81.0,28.0,41.0,1.0,69.0,1.0,2.0,144.0,276.0,8.0,6.0,38.0,19.0,36.0,2.0,14.0,7.0,32.0,82.0,23.0,60.0,6.0,3.0,13.0,110.0,6.0,0.0,0.0,254.0,23.0,0.0,0.0,0.0,34.0,2.0,3.0,1.0,196.0,100.0,17.0,1.0,12.0,13.0,5.0,1.0,2.0,3.0,31.0,366.0,13.0,8.0,6.0,58.0,12.0,26.0,19.0,46.0,118.0,32.0,43.0,55.0,2.0,76.0,72.0,23.0,150.0,3.0,2.0,20.0,1.0,26.0,0.0,10.0,10.0,24.0,84.0,11.0,13.0,93.0,162.0,264.0,87.0,0.0,58.0,39.0,127.0,104.0,12.0,3.0,82.0,8.0,46.0,35.0,12.0,64.0,182.0,112.0,68.0,199.0,205.0,40.0,14.0,0.0,7.0,19.0,275.0,2.0,10.0,0.0,11.0,0.0,54.0,38.0,53.0,181.0,40.0,54.0,0.0
101,45339187.0,4.0,0.0,11.0,0.0,1.0,12.0,3.0,0.0,5.0,1.0,0.0,1.0,6.0,3.0,6.0,0.0,4.0,0.0,0.0,1.0,2.0,10.0,2.0,2.0,1.0,8.0,7.0,14.0,4.0,0.0,0.0,0.0,5.0,2.0,3.0,5.0,7.0,0.0,20.0,0.0,1.0,2.0,0.0,1.0,4.0,0.0,0.0,0.0,1.0,5.0,1.0,19.0,2.0,3.0,0.0,0.0,11.0,11.0,0.0,0.0,0.0,20.0,0.0,4.0,0.0,25.0,3.0,4.0,0.0,0.0,20.0,0.0,0.0,1.0,1.0,0.0,21.0,0.0,7.0,1.0,4.0,29.0,0.0,16.0,11.0,0.0,0.0,10.0,3.0,5.0,0.0,2.0,31.0,12.0,4.0,1.0,8.0,1.0,22.0,10.0,0.0,8.0,23.0,9.0,5.0,5.0,14.0,6.0,0.0,1.0,0.0,0.0,5.0,9.0,2.0,0.0,3.0,2.0,0.0,3.0,1.0,14.0,0.0,2.0,1.0,3.0,7.0,11.0,6.0,3.0,2.0,3.0,0.0,1.0,0.0,5.0,0.0,0.0,0.0,0.0,1.0,5.0,0.0,0.0,0.0,0.0
102,4677857995.0,0.0,1.0,4.0,0.0,1.0,4.0,6.0,0.0,4.0,1.0,1.0,2.0,0.0,3.0,8.0,2.0,1.0,0.0,1.0,0.0,3.0,7.0,2.0,3.0,1.0,4.0,6.0,8.0,4.0,0.0,4.0,0.0,2.0,1.0,1.0,8.0,8.0,1.0,8.0,1.0,0.0,1.0,2.0,1.0,11.0,1.0,0.0,0.0,2.0,5.0,2.0,16.0,1.0,4.0,1.0,0.0,10.0,1.0,0.0,0.0,0.0,12.0,0.0,0.0,0.0,22.0,7.0,11.0,1.0,0.0,15.0,0.0,0.0,2.0,0.0,0.0,15.0,0.0,6.0,0.0,0.0,13.0,2.0,12.0,0.0,0.0,0.0,7.0,5.0,0.0,1.0,4.0,17.0,10.0,1.0,1.0,1.0,2.0,21.0,10.0,8.0,0.0,21.0,4.0,1.0,7.0,11.0,13.0,2.0,0.0,2.0,0.0,8.0,4.0,4.0,1.0,1.0,1.0,2.0,3.0,0.0,7.0,0.0,5.0,4.0,2.0,12.0,11.0,4.0,4.0,0.0,2.0,0.0,0.0,1.0,2.0,0.0,1.0,2.0,1.0,3.0,0.0,2.0,0.0,1.0,0.0
103,4702623439.0,1.0,0.0,46.0,3.0,5.0,17.0,24.0,0.0,18.0,1.0,3.0,3.0,2.0,9.0,14.0,3.0,9.0,1.0,2.0,2.0,20.0,12.0,7.0,4.0,2.0,27.0,42.0,54.0,14.0,0.0,6.0,0.0,6.0,10.0,6.0,22.0,20.0,1.0,67.0,2.0,3.0,1.0,11.0,1.0,38.0,2.0,0.0,0.0,6.0,37.0,1.0,71.0,6.0,12.0,2.0,0.0,37.0,9.0,1.0,0.0,0.0,89.0,2.0,3.0,3.0,88.0,19.0,17.0,0.0,0.0,126.0,1.0,2.0,1.0,1.0,1.0,70.0,1.0,14.0,2.0,3.0,30.0,2.0,111.0,13.0,1.0,4.0,46.0,4.0,3.0,0.0,7.0,236.0,26.0,5.0,7.0,11.0,2.0,102.0,24.0,23.0,21.0,0.0,15.0,9.0,9.0,19.0,23.0,2.0,3.0,6.0,1.0,23.0,21.0,8.0,1.0,4.0,2.0,2.0,7.0,4.0,115.0,2.0,10.0,7.0,5.0,22.0,17.0,10.0,6.0,1.0,7.0,0.0,4.0,6.0,14.0,0.0,2.0,0.0,7.0,5.0,6.0,4.0,0.0,1.0,0.0
104,519278044.0,0.0,5.0,2.0,0.0,52.0,1.0,1.0,0.0,12.0,1.0,0.0,10.0,3.0,9.0,5.0,6.0,29.0,53.0,4.0,2.0,3.0,18.0,7.0,33.0,2.0,22.0,5.0,10.0,10.0,9.0,5.0,1.0,25.0,1.0,0.0,51.0,43.0,0.0,3.0,18.0,4.0,6.0,1.0,4.0,2.0,17.0,19.0,3.0,35.0,2.0,0.0,9.0,7.0,1.0,0.0,0.0,68.0,13.0,0.0,0.0,0.0,10.0,1.0,1.0,0.0,55.0,14.0,5.0,0.0,3.0,5.0,3.0,0.0,0.0,0.0,10.0,125.0,5.0,0.0,4.0,13.0,20.0,2.0,14.0,19.0,29.0,9.0,7.0,9.0,2.0,25.0,38.0,15.0,24.0,0.0,1.0,13.0,0.0,9.0,84.0,9.0,4.0,15.0,0.0,1.0,4.0,17.0,20.0,31.0,18.0,0.0,15.0,10.0,30.0,32.0,2.0,0.0,44.0,2.0,14.0,12.0,9.0,36.0,67.0,13.0,12.0,47.0,25.0,18.0,5.0,1.0,1.0,6.0,36.0,0.0,1.0,0.0,5.0,0.0,11.0,5.0,7.0,40.0,10.0,10.0,0.0
105,56760214.0,2.0,1.0,2.0,9.0,3.0,5.0,2.0,2.0,4.0,2.0,0.0,2.0,6.0,2.0,3.0,0.0,5.0,2.0,0.0,1.0,1.0,6.0,2.0,3.0,1.0,5.0,0.0,9.0,4.0,0.0,0.0,0.0,2.0,0.0,1.0,5.0,4.0,1.0,7.0,0.0,2.0,0.0,1.0,2.0,4.0,0.0,1.0,0.0,3.0,3.0,3.0,10.0,2.0,1.0,0.0,0.0,7.0,2.0,7.0,0.0,1.0,9.0,0.0,1.0,1.0,18.0,0.0,1.0,1.0,0.0,7.0,1.0,1.0,24.0,2.0,1.0,17.0,0.0,3.0,0.0,2.0,2.0,1.0,4.0,0.0,0.0,2.0,3.0,6.0,1.0,2.0,2.0,14.0,9.0,2.0,0.0,2.0,2.0,9.0,11.0,5.0,1.0,9.0,1.0,0.0,4.0,4.0,5.0,2.0,2.0,0.0,0.0,3.0,4.0,3.0,1.0,3.0,2.0,1.0,2.0,2.0,2.0,0.0,3.0,2.0,3.0,5.0,10.0,0.0,1.0,0.0,15.0,0.0,1.0,7.0,15.0,0.0,0.0,0.0,0.0,3.0,2.0,2.0,0.0,0.0,0.0
106,578770422.0,1.0,5.0,3.0,1.0,6.0,3.0,4.0,0.0,9.0,1.0,0.0,4.0,1.0,4.0,2.0,2.0,10.0,11.0,0.0,1.0,1.0,10.0,7.0,10.0,8.0,15.0,1.0,6.0,3.0,3.0,3.0,1.0,5.0,1.0,0.0,9.0,6.0,3.0,13.0,3.0,2.0,2.0,1.0,1.0,5.0,1.0,3.0,1.0,5.0,4.0,2.0,14.0,6.0,1.0,0.0,0.0,11.0,3.0,0.0,0.0,0.0,6.0,0.0,1.0,1.0,19.0,3.0,4.0,1.0,2.0,13.0,1.0,1.0,2.0,1.0,2.0,17.0,2.0,2.0,0.0,5.0,3.0,2.0,5.0,2.0,8.0,4.0,2.0,9.0,0.0,3.0,5.0,11.0,9.0,2.0,0.0,2.0,1.0,11.0,13.0,5.0,7.0,9.0,4.0,4.0,0.0,11.0,15.0,9.0,5.0,0.0,6.0,5.0,9.0,8.0,5.0,1.0,4.0,3.0,6.0,5.0,5.0,3.0,9.0,6.0,4.0,18.0,12.0,4.0,4.0,0.0,3.0,2.0,4.0,1.0,3.0,2.0,1.0,0.0,3.0,4.0,7.0,12.0,3.0,3.0,0.0
107,60822560.0,1.0,6.0,7.0,0.0,44.0,5.0,1.0,0.0,46.0,2.0,0.0,14.0,0.0,7.0,5.0,10.0,34.0,57.0,3.0,0.0,5.0,19.0,14.0,21.0,8.0,65.0,1.0,16.0,22.0,5.0,17.0,0.0,25.0,1.0,1.0,52.0,68.0,2.0,19.0,11.0,10.0,9.0,2.0,2.0,6.0,8.0,13.0,9.0,11.0,2.0,0.0,22.0,26.0,2.0,0.0,0.0,69.0,7.0,0.0,0.0,0.0,14.0,0.0,2.0,0.0,71.0,38.0,5.0,0.0,3.0,25.0,0.0,0.0,0.0,2.0,7.0,110.0,5.0,8.0,0.0,15.0,5.0,14.0,4.0,8.0,48.0,7.0,1.0,25.0,0.0,17.0,29.0,28.0,40.0,3.0,3.0,13.0,0.0,31.0,93.0,14.0,11.0,19.0,17.0,4.0,11.0,0.0,37.0,75.0,18.0,0.0,29.0,27.0,44.0,25.0,4.0,1.0,17.0,3.0,22.0,11.0,1.0,21.0,46.0,27.0,14.0,61.0,59.0,4.0,7.0,0.0,1.0,4.0,44.0,1.0,3.0,0.0,2.0,0.0,17.0,17.0,37.0,54.0,8.0,9.0,0.0
108,61211437.0,1.0,15.0,4.0,4.0,45.0,9.0,4.0,1.0,65.0,0.0,0.0,67.0,0.0,22.0,7.0,10.0,41.0,65.0,10.0,3.0,1.0,35.0,20.0,17.0,14.0,84.0,5.0,9.0,31.0,14.0,21.0,1.0,35.0,0.0,1.0,42.0,103.0,7.0,12.0,16.0,9.0,11.0,2.0,6.0,7.0,18.0,32.0,13.0,12.0,5.0,2.0,17.0,39.0,1.0,0.0,0.0,117.0,15.0,0.0,0.0,0.0,22.0,0.0,1.0,1.0,87.0,46.0,7.0,2.0,8.0,21.0,2.0,1.0,2.0,2.0,9.0,150.0,8.0,5.0,4.0,28.0,6.0,13.0,12.0,11.0,49.0,15.0,36.0,27.0,1.0,23.0,30.0,22.0,69.0,4.0,1.0,6.0,2.0,23.0,162.0,6.0,13.0,23.0,20.0,5.0,15.0,37.0,0.0,110.0,33.0,0.0,32.0,24.0,56.0,40.0,15.0,1.0,26.0,4.0,23.0,22.0,8.0,12.0,92.0,54.0,39.0,102.0,101.0,19.0,10.0,1.0,7.0,10.0,94.0,2.0,8.0,2.0,3.0,0.0,25.0,17.0,30.0,84.0,25.0,14.0,0.0
109,614694299.0,1.0,16.0,0.0,2.0,120.0,2.0,1.0,0.0,69.0,0.0,0.0,76.0,0.0,27.0,1.0,10.0,89.0,127.0,12.0,1.0,0.0,42.0,21.0,35.0,14.0,129.0,0.0,1.0,54.0,24.0,31.0,1.0,69.0,0.0,0.0,114.0,208.0,6.0,6.0,33.0,23.0,34.0,2.0,11.0,1.0,18.0,63.0,21.0,44.0,3.0,1.0,4.0,78.0,0.0,0.0,0.0,138.0,17.0,0.0,0.0,0.0,13.0,17.0,1.0,1.0,119.0,89.0,2.0,1.0,11.0,5.0,3.0,1.0,1.0,3.0,19.0,267.0,11.0,0.0,2.0,43.0,1.0,24.0,3.0,27.0,107.0,24.0,2.0,46.0,0.0,56.0,72.0,4.0,94.0,1.0,1.0,16.0,2.0,5.0,264.0,0.0,2.0,2.0,31.0,2.0,9.0,75.0,110.0,0.0,50.0,0.0,45.0,46.0,104.0,67.0,12.0,0.0,57.0,8.0,52.0,36.0,1.0,42.0,128.0,82.0,46.0,138.0,124.0,37.0,11.0,1.0,4.0,17.0,184.0,2.0,4.0,0.0,9.0,0.0,47.0,34.0,45.0,138.0,37.0,42.0,0.0
110,61673414.0,1.0,5.0,1.0,1.0,50.0,1.0,1.0,0.0,30.0,4.0,0.0,21.0,0.0,6.0,1.0,5.0,42.0,46.0,9.0,1.0,2.0,19.0,10.0,16.0,6.0,44.0,0.0,1.0,24.0,16.0,5.0,1.0,31.0,0.0,1.0,37.0,65.0,4.0,3.0,12.0,9.0,11.0,2.0,4.0,0.0,9.0,32.0,11.0,15.0,2.0,1.0,5.0,32.0,1.0,0.0,2.0,49.0,10.0,0.0,0.0,0.0,11.0,1.0,1.0,1.0,49.0,20.0,5.0,1.0,2.0,3.0,1.0,1.0,1.0,1.0,15.0,78.0,5.0,0.0,3.0,25.0,0.0,8.0,2.0,13.0,34.0,13.0,2.0,20.0,0.0,29.0,28.0,4.0,47.0,1.0,0.0,5.0,1.0,7.0,87.0,1.0,0.0,3.0,18.0,2.0,5.0,18.0,33.0,50.0,0.0,0.0,20.0,13.0,34.0,41.0,4.0,0.0,25.0,3.0,15.0,17.0,2.0,15.0,44.0,31.0,23.0,53.0,55.0,10.0,6.0,0.0,3.0,3.0,61.0,1.0,2.0,0.0,2.0,0.0,16.0,13.0,22.0,56.0,12.0,17.0,0.0
111,623305651.0,0.0,0.0,5.0,0.0,0.0,0.0,1.0,0.0,1.0,0.0,1.0,0.0,0.0,0.0,0.0,0.0,0.0,0.0,0.0,0.0,5.0,1.0,0.0,0.0,0.0,0.0,0.0,6.0,2.0,0.0,0.0,0.0,0.0,1.0,0.0,2.0,0.0,0.0,3.0,0.0,0.0,0.0,2.0,0.0,5.0,0.0,0.0,0.0,0.0,2.0,0.0,2.0,1.0,4.0,0.0,0.0,1.0,0.0,0.0,0.0,0.0,1.0,0.0,0.0,0.0,7.0,0.0,1.0,0.0,0.0,4.0,0.0,0.0,0.0,0.0,0.0,1.0,0.0,0.0,0.0,0.0,1.0,0.0,5.0,0.0,0.0,0.0,1.0,1.0,0.0,1.0,1.0,20.0,1.0,0.0,0.0,0.0,0.0,9.0,0.0,0.0,2.0,6.0,0.0,0.0,0.0,0.0,0.0,0.0,0.0,0.0,1.0,0.0,0.0,1.0,0.0,0.0,0.0,0.0,0.0,0.0,6.0,0.0,1.0,0.0,0.0,1.0,0.0,0.0,0.0,0.0,0.0,0.0,0.0,0.0,5.0,0.0,0.0,0.0,1.0,0.0,0.0,0.0,0.0,1.0,0.0
112,62558115.0,0.0,10.0,0.0,0.0,37.0,0.0,0.0,0.0,25.0,1.0,0.0,9.0,0.0,10.0,1.0,8.0,30.0,57.0,4.0,0.0,1.0,14.0,14.0,18.0,15.0,69.0,0.0,0.0,12.0,3.0,11.0,0.0,27.0,0.0,0.0,31.0,33.0,3.0,1.0,8.0,4.0,9.0,0.0,3.0,0.0,5.0,19.0,7.0,11.0,0.0,0.0,0.0,25.0,0.0,0.0,0.0,41.0,5.0,0.0,0.0,0.0,3.0,1.0,0.0,0.0,46.0,20.0,1.0,0.0,4.0,1.0,1.0,0.0,0.0,0.0,5.0,69.0,4.0,0.0,1.0,9.0,0.0,9.0,1.0,16.0,44.0,6.0,0.0,21.0,0.0,24.0,28.0,1.0,29.0,1.0,0.0,5.0,0.0,1.0,58.0,0.0,0.0,1.0,15.0,0.0,6.0,29.0,32.0,45.0,20.0,1.0,0.0,7.0,30.0,24.0,6.0,0.0,19.0,3.0,22.0,12.0,1.0,13.0,45.0,15.0,13.0,39.0,38.0,18.0,2.0,0.0,1.0,4.0,35.0,0.0,1.0,2.0,7.0,0.0,12.0,12.0,24.0,62.0,8.0,12.0,0.0
113,62972086.0,0.0,1.0,1.0,0.0,22.0,1.0,1.0,0.0,14.0,0.0,0.0,14.0,0.0,12.0,5.0,5.0,18.0,40.0,3.0,1.0,2.0,12.0,8.0,5.0,1.0,20.0,4.0,5.0,13.0,5.0,17.0,1.0,9.0,0.0,1.0,37.0,96.0,1.0,4.0,5.0,19.0,6.0,2.0,0.0,5.0,13.0,10.0,9.0,7.0,3.0,1.0,8.0,18.0,1.0,1.0,0.0,70.0,6.0,0.0,0.0,0.0,12.0,1.0,0.0,0.0,38.0,31.0,5.0,0.0,2.0,11.0,1.0,0.0,1.0,0.0,4.0,96.0,7.0,11.0,2.0,11.0,5.0,20.0,7.0,7.0,40.0,4.0,5.0,8.0,1.0,6.0,21.0,18.0,15.0,2.0,0.0,0.0,0.0,18.0,39.0,5.0,8.0,23.0,10.0,3.0,5.0,27.0,24.0,46.0,13.0,0.0,7.0,0.0,35.0,21.0,5.0,2.0,13.0,7.0,6.0,15.0,4.0,29.0,22.0,26.0,16.0,32.0,19.0,10.0,7.0,0.0,3.0,2.0,24.0,1.0,2.0,0.0,1.0,0.0,20.0,15.0,12.0,44.0,7.0,7.0,0.0
114,63069724.0,2.0,7.0,7.0,3.0,75.0,3.0,3.0,1.0,53.0,4.0,0.0,32.0,0.0,30.0,0.0,6.0,37.0,98.0,7.0,4.0,1.0,31.0,15.0,18.0,10.0,74.0,9.0,6.0,28.0,12.0,30.0,1.0,37.0,1.0,1.0,79.0,102.0,7.0,11.0,23.0,21.0,23.0,2.0,7.0,1.0,17.0,39.0,16.0,37.0,8.0,1.0,13.0,39.0,0.0,0.0,0.0,82.0,13.0,0.0,0.0,1.0,21.0,1.0,2.0,1.0,98.0,55.0,4.0,2.0,10.0,19.0,2.0,1.0,1.0,4.0,15.0,139.0,8.0,1.0,4.0,36.0,7.0,17.0,18.0,22.0,56.0,28.0,19.0,38.0,1.0,22.0,48.0,18.0,62.0,4.0,0.0,19.0,1.0,14.0,127.0,9.0,4.0,21.0,30.0,4.0,9.0,44.0,56.0,104.0,34.0,0.0,30.0,35.0,0.0,50.0,13.0,0.0,44.0,7.0,19.0,17.0,8.0,24.0,64.0,55.0,34.0,88.0,62.0,40.0,7.0,0.0,4.0,11.0,55.0,3.0,3.0,1.0,6.0,0.0,43.0,29.0,36.0,82.0,26.0,35.0,0.0
115,63789515.0,0.0,11.0,2.0,0.0,69.0,4.0,1.0,0.0,33.0,1.0,0.0,28.0,0.0,8.0,0.0,7.0,43.0,67.0,12.0,0.0,1.0,32.0,14.0,18.0,11.0,54.0,0.0,3.0,27.0,21.0,13.0,1.0,43.0,0.0,0.0,55.0,70.0,7.0,5.0,23.0,12.0,18.0,1.0,8.0,2.0,15.0,73.0,12.0,31.0,5.0,1.0,7.0,37.0,1.0,1.0,0.0,76.0,14.0,0.0,0.0,0.0,26.0,3.0,0.0,0.0,101.0,29.0,0.0,1.0,4.0,11.0,1.0,0.0,1.0,1.0,9.0,130.0,5.0,2.0,1.0,29.0,2.0,12.0,6.0,25.0,36.0,14.0,2.0,29.0,0.0,28.0,41.0,8.0,47.0,0.0,0.0,6.0,0.0,11.0,104.0,2.0,4.0,8.0,32.0,3.0,8.0,25.0,40.0,67.0,41.0,1.0,24.0,21.0,50.0,0.0,7.0,1.0,51.0,4.0,20.0,27.0,4.0,19.0,63.0,43.0,30.0,68.0,52.0,14.0,7.0,0.0,3.0,7.0,67.0,3.0,2.0,1.0,11.0,0.0,19.0,16.0,28.0,62.0,16.0,36.0,0.0
116,64558929.0,1.0,5.0,0.0,1.0,5.0,2.0,1.0,0.0,13.0,0.0,0.0,5.0,0.0,5.0,0.0,1.0,7.0,9.0,2.0,1.0,0.0,8.0,6.0,3.0,6.0,17.0,0.0,1.0,6.0,4.0,6.0,1.0,2.0,0.0,0.0,8.0,11.0,4.0,3.0,3.0,3.0,2.0,0.0,2.0,0.0,1.0,7.0,3.0,1.0,1.0,1.0,2.0,4.0,0.0,0.0,0.0,10.0,5.0,0.0,0.0,0.0,4.0,0.0,1.0,1.0,9.0,5.0,0.0,2.0,3.0,3.0,0.0,1.0,1.0,1.0,0.0,15.0,4.0,0.0,0.0,6.0,0.0,3.0,1.0,1.0,5.0,2.0,1.0,10.0,0.0,3.0,4.0,2.0,13.0,1.0,0.0,5.0,1.0,4.0,12.0,0.0,1.0,1.0,2.0,1.0,5.0,4.0,15.0,12.0,4.0,0.0,6.0,5.0,13.0,7.0,0.0,0.0,5.0,1.0,2.0,4.0,1.0,2.0,5.0,7.0,5.0,15.0,9.0,3.0,3.0,0.0,2.0,2.0,8.0,1.0,1.0,1.0,1.0,0.0,3.0,4.0,4.0,12.0,5.0,3.0,0.0
117,64655031.0,0.0,0.0,1.0,0.0,0.0,8.0,1.0,0.0,1.0,1.0,0.0,1.0,1.0,0.0,0.0,0.0,1.0,0.0,0.0,0.0,1.0,3.0,1.0,0.0,0.0,1.0,0.0,6.0,1.0,0.0,1.0,0.0,1.0,0.0,0.0,3.0,3.0,0.0,1.0,0.0,0.0,0.0,0.0,0.0,4.0,0.0,0.0,0.0,0.0,1.0,1.0,3.0,1.0,1.0,0.0,0.0,2.0,1.0,0.0,0.0,0.0,3.0,0.0,0.0,0.0,6.0,0.0,0.0,0.0,0.0,4.0,0.0,0.0,1.0,0.0,0.0,5.0,2.0,3.0,0.0,0.0,1.0,0.0,2.0,0.0,0.0,0.0,0.0,1.0,0.0,0.0,0.0,7.0,3.0,1.0,1.0,0.0,1.0,7.0,3.0,3.0,1.0,4.0,0.0,3.0,1.0,1.0,1.0,0.0,0.0,0.0,0.0,2.0,0.0,1.0,0.0,0.0,0.0,0.0,2.0,0.0,2.0,0.0,0.0,0.0,1.0,2.0,1.0,0.0,0.0,0.0,1.0,0.0,0.0,0.0,1.0,0.0,0.0,0.0,0.0,0.0,1.0,0.0,0.0,0.0,0.0
118,64694303.0,1.0,6.0,0.0,0.0,68.0,0.0,0.0,0.0,24.0,2.0,0.0,18.0,0.0,11.0,1.0,7.0,30.0,59.0,7.0,0.0,0.0,24.0,15.0,21.0,4.0,39.0,0.0,0.0,22.0,16.0,8.0,1.0,21.0,0.0,2.0,62.0,63.0,3.0,1.0,22.0,9.0,14.0,0.0,15.0,0.0,9.0,43.0,9.0,53.0,0.0,0.0,2.0,24.0,1.0,0.0,0.0,65.0,12.0,0.0,0.0,0.0,12.0,0.0,0.0,0.0,68.0,28.0,3.0,0.0,5.0,1.0,1.0,0.0,0.0,0.0,13.0,108.0,6.0,3.0,2.0,17.0,0.0,8.0,0.0,23.0,40.0,12.0,0.0,16.0,0.0,25.0,46.0,3.0,28.0,4.0,0.0,6.0,0.0,4.0,82.0,2.0,1.0,2.0,44.0,2.0,4.0,17.0,26.0,57.0,25.0,0.0,19.0,13.0,44.0,51.0,5.0,0.0,0.0,3.0,15.0,18.0,1.0,33.0,67.0,31.0,24.0,53.0,34.0,15.0,8.0,0.0,1.0,9.0,47.0,0.0,0.0,0.0,8.0,0.0,16.0,13.0,19.0,54.0,11.0,23.0,0.0
119,66632083.0,1.0,1.0,1.0,1.0,5.0,1.0,2.0,0.0,3.0,0.0,0.0,1.0,0.0,6.0,1.0,1.0,5.0,10.0,1.0,1.0,0.0,4.0,2.0,1.0,1.0,4.0,1.0,1.0,2.0,0.0,0.0,0.0,4.0,0.0,0.0,8.0,10.0,1.0,2.0,3.0,4.0,1.0,0.0,3.0,1.0,3.0,3.0,0.0,1.0,1.0,1.0,7.0,1.0,0.0,1.0,0.0,11.0,1.0,0.0,0.0,0.0,3.0,0.0,1.0,1.0,6.0,2.0,2.0,1.0,2.0,2.0,0.0,1.0,1.0,1.0,2.0,12.0,1.0,0.0,0.0,2.0,0.0,3.0,1.0,2.0,6.0,3.0,0.0,3.0,0.0,3.0,3.0,1.0,7.0,1.0,0.0,1.0,1.0,1.0,8.0,0.0,2.0,2.0,2.0,1.0,3.0,3.0,4.0,8.0,3.0,0.0,3.0,7.0,7.0,4.0,1.0,0.0,3.0,0.0,2.0,7.0,3.0,6.0,4.0,2.0,2.0,6.0,7.0,2.0,3.0,0.0,1.0,2.0,5.0,1.0,1.0,0.0,0.0,0.0,4.0,3.0,3.0,9.0,1.0,4.0,0.0
120,67003253.0,1.0,4.0,1.0,1.0,34.0,2.0,1.0,0.0,16.0,0.0,0.0,6.0,4.0,2.0,2.0,8.0,48.0,38.0,6.0,1.0,2.0,14.0,11.0,28.0,8.0,46.0,0.0,3.0,11.0,5.0,8.0,0.0,52.0,0.0,1.0,19.0,44.0,4.0,2.0,5.0,5.0,9.0,1.0,4.0,2.0,2.0,10.0,4.0,12.0,2.0,1.0,3.0,23.0,2.0,0.0,0.0,61.0,6.0,0.0,0.0,0.0,7.0,1.0,1.0,1.0,30.0,16.0,0.0,1.0,1.0,6.0,0.0,1.0,1.0,1.0,6.0,103.0,2.0,3.0,0.0,6.0,2.0,7.0,3.0,9.0,33.0,7.0,1.0,20.0,0.0,35.0,19.0,5.0,30.0,2.0,2.0,10.0,2.0,7.0,46.0,3.0,3.0,7.0,14.0,2.0,6.0,22.0,23.0,52.0,15.0,0.0,22.0,6.0,19.0,20.0,2.0,2.0,15.0,2.0,0.0,12.0,3.0,11.0,42.0,16.0,11.0,30.0,38.0,7.0,6.0,4.0,2.0,2.0,44.0,1.0,3.0,0.0,1.0,0.0,8.0,13.0,21.0,47.0,2.0,11.0,0.0
121,69801190.0,1.0,6.0,0.0,1.0,22.0,1.0,1.0,0.0,14.0,0.0,0.0,11.0,0.0,7.0,0.0,4.0,28.0,30.0,4.0,1.0,0.0,14.0,7.0,14.0,10.0,27.0,0.0,3.0,11.0,7.0,4.0,1.0,23.0,0.0,0.0,21.0,31.0,3.0,2.0,12.0,7.0,4.0,0.0,4.0,1.0,7.0,17.0,5.0,8.0,3.0,1.0,6.0,17.0,0.0,1.0,0.0,50.0,9.0,0.0,0.0,1.0,9.0,0.0,1.0,1.0,26.0,11.0,0.0,1.0,3.0,6.0,0.0,1.0,1.0,1.0,5.0,53.0,3.0,1.0,1.0,8.0,2.0,5.0,3.0,6.0,21.0,7.0,0.0,11.0,0.0,21.0,16.0,12.0,16.0,1.0,1.0,5.0,1.0,7.0,35.0,1.0,0.0,4.0,12.0,2.0,5.0,11.0,22.0,36.0,17.0,0.0,12.0,15.0,17.0,27.0,4.0,0.0,18.0,7.0,12.0,0.0,3.0,14.0,26.0,13.0,11.0,28.0,22.0,8.0,7.0,1.0,1.0,3.0,29.0,2.0,1.0,1.0,2.0,0.0,6.0,11.0,13.0,30.0,4.0,11.0,0.0
122,69839181.0,2.0,1.0,24.0,3.0,2.0,8.0,17.0,1.0,1.0,3.0,1.0,1.0,4.0,5.0,5.0,0.0,4.0,1.0,2.0,2.0,16.0,4.0,3.0,2.0,1.0,4.0,24.0,13.0,2.0,0.0,0.0,0.0,4.0,9.0,0.0,7.0,4.0,1.0,15.0,2.0,1.0,1.0,3.0,2.0,16.0,1.0,1.0,0.0,0.0,21.0,3.0,23.0,1.0,9.0,2.0,0.0,12.0,10.0,0.0,0.0,0.0,42.0,0.0,1.0,2.0,27.0,0.0,7.0,1.0,0.0,47.0,0.0,2.0,2.0,1.0,0.0,19.0,0.0,2.0,1.0,5.0,30.0,1.0,119.0,9.0,0.0,2.0,44.0,3.0,1.0,3.0,1.0,103.0,11.0,3.0,1.0,8.0,1.0,28.0,12.0,14.0,7.0,115.0,9.0,2.0,5.0,1.0,8.0,1.0,2.0,6.0,1.0,4.0,8.0,4.0,1.0,2.0,1.0,3.0,3.0,3.0,0.0,2.0,3.0,4.0,6.0,6.0,12.0,8.0,4.0,1.0,7.0,0.0,2.0,9.0,16.0,0.0,1.0,1.0,1.0,2.0,0.0,3.0,0.0,1.0,0.0
123,71574221.0,1.0,2.0,0.0,0.0,47.0,0.0,0.0,0.0,9.0,0.0,0.0,7.0,0.0,8.0,1.0,9.0,21.0,51.0,4.0,1.0,0.0,17.0,11.0,17.0,1.0,21.0,0.0,0.0,6.0,6.0,11.0,1.0,13.0,0.0,0.0,36.0,69.0,0.0,0.0,12.0,15.0,8.0,0.0,3.0,2.0,15.0,10.0,6.0,24.0,0.0,0.0,0.0,10.0,0.0,0.0,0.0,72.0,8.0,0.0,0.0,0.0,1.0,1.0,0.0,1.0,29.0,16.0,0.0,0.0,2.0,0.0,6.0,0.0,0.0,0.0,8.0,88.0,6.0,0.0,2.0,11.0,0.0,11.0,1.0,14.0,39.0,7.0,1.0,7.0,0.0,18.0,36.0,0.0,16.0,0.0,0.0,2.0,0.0,0.0,64.0,0.0,0.0,2.0,36.0,0.0,3.0,21.0,12.0,42.0,15.0,0.0,13.0,29.0,24.0,19.0,2.0,0.0,33.0,6.0,11.0,14.0,2.0,0.0,48.0,13.0,8.0,34.0,14.0,9.0,4.0,0.0,0.0,3.0,33.0,0.0,0.0,0.0,2.0,0.0,19.0,10.0,14.0,51.0,6.0,12.0,0.0
124,71834922.0,1.0,15.0,0.0,1.0,118.0,2.0,1.0,1.0,48.0,0.0,0.0,49.0,0.0,20.0,5.0,12.0,61.0,151.0,6.0,9.0,0.0,36.0,22.0,65.0,12.0,99.0,5.0,3.0,46.0,13.0,18.0,2.0,66.0,0.0,1.0,93.0,141.0,4.0,5.0,33.0,11.0,19.0,2.0,10.0,1.0,31.0,38.0,14.0,54.0,3.0,1.0,8.0,49.0,1.0,0.0,0.0,147.0,18.0,0.0,0.0,0.0,12.0,3.0,1.0,1.0,115.0,54.0,3.0,1.0,7.0,7.0,9.0,1.0,1.0,1.0,23.0,262.0,7.0,2.0,6.0,29.0,3.0,13.0,6.0,29.0,92.0,25.0,19.0,34.0,1.0,52.0,63.0,8.0,67.0,3.0,0.0,14.0,2.0,7.0,182.0,2.0,5.0,10.0,67.0,3.0,9.0,46.0,92.0,128.0,44.0,1.0,45.0,22.0,64.0,63.0,5.0,0.0,67.0,4.0,42.0,26.0,3.0,48.0,0.0,47.0,42.0,120.0,86.0,25.0,10.0,1.0,3.0,13.0,131.0,1.0,5.0,2.0,9.0,0.0,36.0,27.0,37.0,141.0,19.0,28.0,0.0
125,72161620.0,1.0,6.0,2.0,3.0,58.0,3.0,1.0,0.0,31.0,0.0,0.0,41.0,1.0,21.0,2.0,5.0,28.0,56.0,12.0,1.0,2.0,28.0,7.0,7.0,6.0,68.0,0.0,4.0,32.0,15.0,21.0,1.0,20.0,0.0,1.0,52.0,109.0,5.0,4.0,14.0,14.0,17.0,2.0,5.0,2.0,9.0,51.0,17.0,24.0,4.0,1.0,11.0,38.0,1.0,0.0,0.0,51.0,10.0,0.0,0.0,0.0,19.0,1.0,1.0,1.0,79.0,53.0,1.0,1.0,8.0,9.0,2.0,1.0,1.0,3.0,14.0,105.0,9.0,4.0,1.0,32.0,2.0,17.0,5.0,17.0,48.0,11.0,1.0,26.0,0.0,20.0,45.0,9.0,52.0,2.0,1.0,9.0,2.0,9.0,112.0,1.0,4.0,7.0,13.0,2.0,6.0,27.0,54.0,82.0,31.0,0.0,15.0,26.0,55.0,43.0,7.0,0.0,31.0,2.0,16.0,13.0,4.0,13.0,47.0,0.0,34.0,63.0,61.0,18.0,10.0,0.0,5.0,9.0,75.0,3.0,4.0,0.0,9.0,0.0,31.0,33.0,28.0,49.0,23.0,31.0,0.0
126,72302410.0,1.0,5.0,1.0,2.0,30.0,2.0,2.0,1.0,24.0,0.0,0.0,24.0,0.0,13.0,1.0,4.0,22.0,30.0,6.0,3.0,0.0,17.0,7.0,5.0,4.0,40.0,2.0,1.0,21.0,9.0,13.0,1.0,19.0,1.0,1.0,35.0,44.0,3.0,2.0,13.0,7.0,12.0,0.0,6.0,1.0,10.0,31.0,12.0,9.0,3.0,2.0,7.0,24.0,0.0,0.0,0.0,45.0,6.0,0.0,0.0,0.0,14.0,0.0,1.0,1.0,48.0,29.0,2.0,1.0,6.0,3.0,0.0,1.0,2.0,1.0,2.0,56.0,7.0,2.0,4.0,21.0,2.0,15.0,7.0,6.0,24.0,5.0,8.0,25.0,1.0,12.0,21.0,4.0,28.0,3.0,2.0,2.0,1.0,7.0,68.0,3.0,2.0,5.0,12.0,3.0,4.0,14.0,39.0,46.0,23.0,0.0,13.0,16.0,34.0,30.0,5.0,1.0,24.0,2.0,11.0,11.0,6.0,8.0,42.0,34.0,0.0,41.0,40.0,13.0,8.0,0.0,4.0,10.0,39.0,1.0,3.0,0.0,2.0,0.0,17.0,8.0,18.0,34.0,14.0,17.0,0.0
127,72315090.0,2.0,12.0,4.0,3.0,91.0,10.0,5.0,1.0,74.0,1.0,0.0,67.0,0.0,25.0,8.0,16.0,62.0,108.0,10.0,1.0,0.0,47.0,14.0,31.0,13.0,122.0,1.0,16.0,42.0,22.0,29.0,1.0,44.0,0.0,1.0,100.0,144.0,7.0,17.0,27.0,21.0,20.0,2.0,8.0,5.0,20.0,55.0,18.0,35.0,6.0,2.0,23.0,68.0,2.0,0.0,0.0,111.0,16.0,0.0,0.0,2.0,20.0,2.0,1.0,1.0,129.0,71.0,5.0,2.0,10.0,32.0,4.0,1.0,3.0,3.0,24.0,187.0,12.0,5.0,1.0,40.0,4.0,20.0,6.0,20.0,92.0,21.0,6.0,42.0,0.0,40.0,56.0,30.0,87.0,5.0,1.0,20.0,1.0,24.0,199.0,7.0,12.0,22.0,47.0,5.0,18.0,61.0,102.0,138.0,53.0,1.0,39.0,32.0,88.0,68.0,15.0,2.0,53.0,6.0,30.0,28.0,6.0,34.0,120.0,63.0,41.0,0.0,103.0,23.0,12.0,0.0,7.0,13.0,108.0,3.0,4.0,3.0,8.0,0.0,32.0,27.0,42.0,101.0,20.0,38.0,0.0
128,72772802.0,1.0,14.0,9.0,4.0,55.0,6.0,3.0,1.0,64.0,2.0,0.0,60.0,1.0,18.0,4.0,8.0,58.0,69.0,8.0,1.0,4.0,38.0,17.0,30.0,11.0,160.0,2.0,19.0,43.0,14.0,17.0,1.0,59.0,2.0,1.0,54.0,114.0,3.0,20.0,18.0,10.0,18.0,4.0,9.0,6.0,14.0,39.0,13.0,14.0,8.0,2.0,30.0,86.0,2.0,0.0,0.0,95.0,21.0,0.0,0.0,1.0,29.0,1.0,1.0,1.0,130.0,49.0,10.0,1.0,7.0,29.0,3.0,1.0,2.0,2.0,12.0,185.0,5.0,5.0,1.0,33.0,7.0,14.0,23.0,17.0,69.0,13.0,10.0,51.0,0.0,30.0,32.0,35.0,151.0,5.0,3.0,13.0,2.0,39.0,205.0,11.0,11.0,17.0,25.0,10.0,12.0,59.0,101.0,124.0,55.0,0.0,38.0,19.0,62.0,52.0,9.0,1.0,34.0,7.0,38.0,22.0,12.0,14.0,86.0,61.0,40.0,103.0,0.0,14.0,9.0,2.0,5.0,9.0,140.0,2.0,12.0,1.0,1.0,0.0,25.0,29.0,44.0,88.0,22.0,22.0,0.0
129,7.361332612487291e+17,0.0,6.0,1.0,0.0,30.0,0.0,1.0,0.0,15.0,0.0,0.0,11.0,3.0,11.0,0.0,3.0,13.0,60.0,2.0,1.0,1.0,11.0,5.0,8.0,5.0,27.0,6.0,1.0,7.0,4.0,17.0,1.0,11.0,0.0,0.0,17.0,35.0,0.0,0.0,12.0,3.0,7.0,0.0,3.0,0.0,6.0,13.0,5.0,7.0,2.0,0.0,0.0,15.0,0.0,0.0,0.0,31.0,8.0,0.0,0.0,0.0,6.0,49.0,0.0,0.0,22.0,13.0,5.0,0.0,7.0,2.0,0.0,0.0,0.0,0.0,6.0,46.0,5.0,0.0,2.0,12.0,11.0,3.0,13.0,14.0,19.0,9.0,12.0,12.0,1.0,8.0,12.0,3.0,13.0,0.0,0.0,4.0,0.0,2.0,40.0,6.0,4.0,10.0,18.0,0.0,4.0,4.0,19.0,37.0,10.0,0.0,18.0,10.0,40.0,14.0,3.0,0.0,15.0,2.0,7.0,8.0,8.0,9.0,25.0,18.0,13.0,23.0,14.0,0.0,4.0,1.0,2.0,8.0,20.0,0.0,2.0,2.0,7.0,0.0,15.0,17.0,9.0,54.0,9.0,20.0,0.0
130,73857971.0,1.0,3.0,0.0,1.0,13.0,1.0,1.0,0.0,7.0,0.0,0.0,6.0,2.0,4.0,4.0,2.0,5.0,10.0,3.0,2.0,0.0,7.0,3.0,2.0,2.0,10.0,1.0,2.0,6.0,6.0,4.0,1.0,8.0,0.0,1.0,8.0,16.0,1.0,1.0,7.0,1.0,5.0,0.0,3.0,3.0,2.0,10.0,4.0,3.0,1.0,1.0,5.0,4.0,1.0,0.0,0.0,16.0,9.0,0.0,0.0,0.0,8.0,1.0,1.0,1.0,16.0,10.0,2.0,1.0,3.0,3.0,1.0,1.0,1.0,1.0,3.0,17.0,5.0,2.0,1.0,7.0,2.0,3.0,4.0,8.0,6.0,3.0,2.0,5.0,0.0,6.0,13.0,8.0,6.0,2.0,0.0,2.0,1.0,4.0,14.0,3.0,4.0,6.0,5.0,1.0,4.0,7.0,10.0,11.0,6.0,0.0,2.0,7.0,7.0,7.0,3.0,0.0,8.0,3.0,6.0,7.0,4.0,4.0,10.0,10.0,8.0,12.0,9.0,4.0,0.0,0.0,1.0,3.0,8.0,1.0,2.0,0.0,1.0,0.0,6.0,4.0,6.0,14.0,5.0,9.0,0.0
131,75247808.0,0.0,0.0,0.0,0.0,3.0,0.0,0.0,0.0,0.0,0.0,0.0,0.0,1.0,2.0,0.0,0.0,0.0,1.0,0.0,0.0,1.0,0.0,0.0,1.0,1.0,2.0,0.0,0.0,0.0,0.0,0.0,0.0,4.0,0.0,0.0,0.0,2.0,0.0,0.0,0.0,0.0,1.0,0.0,1.0,0.0,0.0,0.0,0.0,0.0,0.0,0.0,0.0,0.0,0.0,0.0,0.0,1.0,1.0,0.0,0.0,0.0,0.0,0.0,0.0,0.0,1.0,0.0,0.0,0.0,0.0,0.0,0.0,0.0,0.0,0.0,0.0,7.0,0.0,0.0,0.0,0.0,2.0,0.0,1.0,1.0,1.0,0.0,1.0,0.0,0.0,3.0,0.0,0.0,1.0,0.0,0.0,0.0,0.0,1.0,0.0,2.0,0.0,1.0,1.0,0.0,0.0,0.0,1.0,1.0,0.0,0.0,0.0,0.0,0.0,0.0,0.0,0.0,0.0,0.0,4.0,1.0,1.0,0.0,1.0,0.0,0.0,0.0,2.0,1.0,0.0,0.0,1.0,0.0,5.0,0.0,1.0,0.0,0.0,0.0,0.0,0.0,0.0,1.0,0.0,0.0,0.0
132,76026916.0,2.0,1.0,2.0,12.0,6.0,4.0,2.0,3.0,4.0,1.0,0.0,2.0,5.0,3.0,0.0,0.0,1.0,2.0,0.0,1.0,1.0,7.0,0.0,1.0,2.0,8.0,2.0,3.0,2.0,0.0,0.0,0.0,2.0,0.0,0.0,4.0,4.0,1.0,5.0,0.0,1.0,1.0,1.0,3.0,2.0,0.0,1.0,0.0,2.0,4.0,4.0,23.0,0.0,1.0,1.0,0.0,4.0,4.0,2.0,0.0,3.0,13.0,0.0,1.0,1.0,15.0,0.0,1.0,1.0,0.0,9.0,1.0,1.0,15.0,1.0,1.0,12.0,0.0,2.0,0.0,4.0,3.0,1.0,6.0,2.0,0.0,3.0,4.0,6.0,0.0,1.0,3.0,11.0,9.0,2.0,1.0,3.0,2.0,10.0,7.0,3.0,2.0,7.0,1.0,15.0,3.0,1.0,7.0,4.0,3.0,0.0,1.0,3.0,4.0,3.0,2.0,1.0,1.0,1.0,2.0,1.0,7.0,0.0,3.0,5.0,4.0,7.0,5.0,2.0,1.0,1.0,0.0,1.0,2.0,7.0,15.0,0.0,0.0,0.0,0.0,2.0,0.0,2.0,0.0,0.0,0.0
133,772051465.0,0.0,3.0,0.0,1.0,10.0,0.0,0.0,0.0,13.0,0.0,0.0,8.0,0.0,7.0,0.0,0.0,3.0,13.0,0.0,0.0,0.0,8.0,3.0,0.0,2.0,13.0,0.0,1.0,8.0,3.0,9.0,1.0,4.0,0.0,0.0,14.0,12.0,0.0,1.0,6.0,1.0,2.0,0.0,2.0,0.0,2.0,8.0,3.0,3.0,0.0,0.0,0.0,6.0,0.0,0.0,0.0,13.0,2.0,0.0,0.0,0.0,2.0,0.0,0.0,0.0,10.0,11.0,0.0,0.0,7.0,1.0,1.0,0.0,0.0,0.0,3.0,16.0,3.0,0.0,1.0,7.0,0.0,4.0,0.0,1.0,7.0,4.0,0.0,11.0,0.0,1.0,5.0,0.0,11.0,0.0,0.0,2.0,0.0,1.0,19.0,0.0,0.0,0.0,6.0,0.0,2.0,4.0,10.0,17.0,3.0,0.0,4.0,2.0,11.0,7.0,2.0,0.0,9.0,2.0,2.0,3.0,0.0,3.0,13.0,9.0,10.0,13.0,9.0,8.0,3.0,0.0,1.0,0.0,10.0,0.0,1.0,0.0,1.0,0.0,10.0,4.0,8.0,9.0,7.0,10.0,0.0
134,77374206.0,1.0,11.0,0.0,1.0,83.0,1.0,1.0,0.0,47.0,0.0,0.0,79.0,1.0,22.0,0.0,6.0,66.0,100.0,13.0,1.0,1.0,30.0,12.0,40.0,10.0,105.0,0.0,1.0,44.0,20.0,22.0,1.0,107.0,0.0,0.0,73.0,186.0,5.0,1.0,26.0,10.0,24.0,2.0,11.0,0.0,16.0,54.0,23.0,27.0,1.0,1.0,3.0,83.0,0.0,0.0,0.0,135.0,18.0,0.0,0.0,0.0,13.0,1.0,1.0,1.0,115.0,58.0,0.0,1.0,8.0,1.0,1.0,1.0,1.0,1.0,17.0,285.0,10.0,0.0,1.0,31.0,1.0,13.0,2.0,23.0,79.0,15.0,1.0,31.0,0.0,62.0,52.0,1.0,114.0,1.0,0.0,8.0,2.0,1.0,275.0,1.0,0.0,4.0,36.0,1.0,4.0,44.0,94.0,184.0,61.0,0.0,35.0,24.0,55.0,67.0,8.0,0.0,47.0,5.0,44.0,29.0,2.0,33.0,131.0,75.0,39.0,108.0,140.0,20.0,8.0,5.0,2.0,10.0,0.0,1.0,2.0,0.0,7.0,0.0,30.0,30.0,32.0,123.0,25.0,28.0,0.0
135,77736938.0,1.0,1.0,1.0,18.0,1.0,3.0,1.0,0.0,1.0,0.0,0.0,0.0,1.0,1.0,0.0,0.0,2.0,1.0,1.0,1.0,0.0,3.0,0.0,2.0,1.0,1.0,0.0,0.0,0.0,0.0,1.0,0.0,0.0,0.0,0.0,5.0,1.0,1.0,2.0,1.0,1.0,0.0,0.0,1.0,0.0,0.0,1.0,0.0,0.0,5.0,1.0,5.0,0.0,0.0,1.0,0.0,1.0,1.0,0.0,0.0,1.0,18.0,0.0,1.0,1.0,6.0,1.0,1.0,1.0,0.0,6.0,0.0,1.0,6.0,1.0,0.0,9.0,0.0,0.0,0.0,1.0,0.0,0.0,7.0,0.0,0.0,1.0,1.0,1.0,0.0,1.0,2.0,13.0,3.0,1.0,1.0,2.0,1.0,7.0,2.0,0.0,1.0,6.0,0.0,7.0,1.0,1.0,2.0,2.0,1.0,0.0,0.0,1.0,3.0,3.0,1.0,0.0,0.0,1.0,1.0,2.0,9.0,0.0,1.0,3.0,1.0,3.0,2.0,0.0,1.0,0.0,7.0,0.0,1.0,0.0,6.0,0.0,0.0,0.0,1.0,1.0,0.0,1.0,0.0,0.0,0.0
136,78028120.0,1.0,1.0,8.0,7.0,3.0,6.0,2.0,1.0,7.0,1.0,0.0,1.0,8.0,2.0,4.0,0.0,4.0,2.0,0.0,1.0,7.0,11.0,1.0,2.0,2.0,12.0,1.0,8.0,8.0,1.0,1.0,1.0,2.0,0.0,2.0,6.0,5.0,1.0,12.0,0.0,1.0,1.0,0.0,2.0,4.0,0.0,1.0,0.0,1.0,5.0,3.0,12.0,4.0,3.0,0.0,1.0,9.0,5.0,3.0,0.0,0.0,21.0,0.0,2.0,1.0,21.0,0.0,6.0,1.0,0.0,13.0,0.0,1.0,13.0,1.0,0.0,23.0,0.0,2.0,0.0,4.0,10.0,0.0,15.0,3.0,0.0,3.0,4.0,5.0,0.0,4.0,2.0,26.0,16.0,3.0,2.0,2.0,1.0,23.0,10.0,5.0,2.0,14.0,1.0,15.0,3.0,3.0,8.0,4.0,2.0,5.0,1.0,2.0,3.0,2.0,1.0,1.0,0.0,1.0,3.0,1.0,16.0,0.0,5.0,4.0,3.0,4.0,12.0,2.0,2.0,1.0,15.0,1.0,2.0,6.0,0.0,0.0,0.0,0.0,0.0,4.0,4.0,1.0,0.0,0.0,0.0
137,79709053.0,0.0,2.0,0.0,0.0,0.0,1.0,0.0,0.0,1.0,0.0,0.0,0.0,0.0,0.0,0.0,1.0,1.0,2.0,0.0,0.0,0.0,0.0,2.0,2.0,2.0,2.0,0.0,2.0,0.0,0.0,1.0,0.0,0.0,0.0,0.0,0.0,0.0,0.0,0.0,0.0,0.0,0.0,0.0,0.0,0.0,0.0,0.0,0.0,0.0,0.0,0.0,0.0,0.0,0.0,0.0,0.0,0.0,0.0,0.0,0.0,0.0,0.0,0.0,0.0,0.0,1.0,0.0,1.0,0.0,0.0,0.0,0.0,0.0,0.0,0.0,0.0,4.0,0.0,0.0,0.0,0.0,0.0,0.0,0.0,0.0,2.0,0.0,0.0,1.0,0.0,2.0,0.0,0.0,1.0,0.0,0.0,0.0,0.0,0.0,0.0,0.0,0.0,0.0,0.0,0.0,2.0,0.0,2.0,0.0,0.0,0.0,2.0,0.0,1.0,1.0,1.0,0.0,0.0,0.0,0.0,1.0,0.0,0.0,2.0,0.0,0.0,3.0,1.0,2.0,0.0,0.0,0.0,0.0,0.0,0.0,0.0,0.0,0.0,0.0,0.0,2.0,1.0,2.0,0.0,0.0,0.0
138,80874374.0,0.0,0.0,1.0,0.0,15.0,0.0,0.0,0.0,3.0,0.0,0.0,4.0,0.0,1.0,0.0,0.0,6.0,11.0,0.0,0.0,0.0,4.0,1.0,4.0,2.0,6.0,0.0,1.0,0.0,2.0,1.0,0.0,1.0,0.0,0.0,8.0,11.0,0.0,0.0,6.0,2.0,1.0,1.0,0.0,0.0,1.0,7.0,0.0,8.0,0.0,0.0,0.0,2.0,0.0,0.0,0.0,8.0,2.0,0.0,0.0,0.0,3.0,0.0,0.0,0.0,11.0,4.0,1.0,0.0,1.0,2.0,0.0,0.0,0.0,0.0,2.0,21.0,1.0,0.0,0.0,4.0,1.0,2.0,1.0,7.0,5.0,5.0,0.0,3.0,0.0,4.0,4.0,1.0,3.0,0.0,1.0,2.0,1.0,0.0,11.0,0.0,1.0,2.0,5.0,0.0,1.0,2.0,3.0,9.0,2.0,0.0,7.0,1.0,6.0,11.0,1.0,0.0,8.0,0.0,1.0,2.0,1.0,2.0,9.0,9.0,2.0,8.0,1.0,7.0,1.0,0.0,0.0,1.0,7.0,0.0,0.0,0.0,0.0,0.0,3.0,6.0,1.0,6.0,2.0,6.0,0.0
139,81850109.0,0.0,0.0,1.0,0.0,0.0,0.0,0.0,0.0,0.0,0.0,0.0,0.0,0.0,0.0,0.0,0.0,0.0,0.0,0.0,0.0,1.0,0.0,0.0,0.0,0.0,0.0,0.0,2.0,1.0,0.0,0.0,0.0,0.0,0.0,0.0,0.0,0.0,0.0,1.0,0.0,0.0,0.0,0.0,0.0,1.0,0.0,0.0,0.0,0.0,0.0,0.0,0.0,0.0,0.0,0.0,0.0,0.0,0.0,0.0,0.0,0.0,0.0,0.0,0.0,0.0,0.0,0.0,0.0,0.0,0.0,0.0,0.0,0.0,0.0,0.0,0.0,0.0,0.0,0.0,0.0,0.0,0.0,0.0,0.0,0.0,0.0,0.0,0.0,1.0,0.0,0.0,0.0,5.0,0.0,0.0,0.0,0.0,0.0,0.0,0.0,0.0,2.0,0.0,0.0,0.0,0.0,0.0,0.0,0.0,0.0,0.0,0.0,0.0,0.0,0.0,0.0,0.0,0.0,0.0,0.0,0.0,1.0,0.0,0.0,0.0,0.0,0.0,0.0,0.0,0.0,0.0,0.0,0.0,0.0,0.0,0.0,0.0,0.0,0.0,0.0,0.0,0.0,0.0,0.0,0.0,0.0
140,82032959.0,0.0,3.0,4.0,2.0,31.0,0.0,0.0,0.0,22.0,0.0,0.0,16.0,0.0,19.0,0.0,3.0,23.0,41.0,7.0,1.0,0.0,14.0,9.0,4.0,3.0,31.0,0.0,1.0,19.0,8.0,17.0,1.0,16.0,0.0,0.0,36.0,56.0,1.0,1.0,11.0,16.0,10.0,0.0,3.0,1.0,14.0,17.0,11.0,12.0,0.0,0.0,2.0,18.0,1.0,0.0,0.0,47.0,5.0,0.0,0.0,0.0,9.0,12.0,0.0,0.0,40.0,33.0,1.0,0.0,7.0,3.0,0.0,0.0,0.0,0.0,8.0,57.0,8.0,0.0,0.0,18.0,1.0,11.0,3.0,12.0,32.0,13.0,0.0,16.0,0.0,8.0,24.0,5.0,22.0,0.0,0.0,3.0,0.0,3.0,54.0,0.0,1.0,7.0,11.0,0.0,3.0,17.0,25.0,47.0,16.0,1.0,12.0,20.0,43.0,19.0,3.0,0.0,16.0,4.0,8.0,6.0,1.0,19.0,36.0,31.0,17.0,32.0,25.0,15.0,6.0,0.0,0.0,10.0,30.0,1.0,0.0,0.0,3.0,0.0,0.0,12.0,21.0,42.0,19.0,18.0,0.0
141,84209996.0,1.0,2.0,1.0,2.0,31.0,2.0,1.0,1.0,17.0,0.0,0.0,12.0,0.0,9.0,1.0,2.0,16.0,36.0,5.0,1.0,0.0,11.0,6.0,11.0,6.0,48.0,0.0,3.0,8.0,4.0,4.0,0.0,19.0,0.0,0.0,25.0,44.0,3.0,3.0,11.0,8.0,5.0,2.0,5.0,1.0,4.0,14.0,8.0,14.0,3.0,1.0,4.0,19.0,0.0,0.0,0.0,28.0,4.0,0.0,0.0,0.0,6.0,1.0,1.0,1.0,22.0,22.0,2.0,2.0,3.0,11.0,2.0,1.0,1.0,1.0,10.0,52.0,5.0,2.0,0.0,6.0,2.0,6.0,4.0,8.0,25.0,11.0,2.0,19.0,0.0,17.0,17.0,9.0,21.0,3.0,1.0,9.0,2.0,10.0,38.0,1.0,3.0,5.0,5.0,3.0,4.0,17.0,17.0,34.0,13.0,0.0,12.0,15.0,29.0,16.0,4.0,0.0,13.0,3.0,13.0,11.0,2.0,10.0,27.0,33.0,8.0,27.0,29.0,17.0,4.0,0.0,2.0,4.0,30.0,1.0,4.0,2.0,6.0,0.0,12.0,0.0,19.0,33.0,5.0,20.0,0.0
142,85580306.0,0.0,7.0,5.0,0.0,37.0,1.0,0.0,0.0,39.0,0.0,0.0,12.0,1.0,9.0,0.0,8.0,29.0,47.0,8.0,0.0,0.0,16.0,15.0,14.0,10.0,74.0,0.0,6.0,15.0,8.0,15.0,0.0,25.0,0.0,0.0,36.0,40.0,2.0,12.0,10.0,5.0,8.0,0.0,5.0,1.0,6.0,21.0,8.0,16.0,0.0,0.0,5.0,21.0,0.0,0.0,0.0,44.0,6.0,0.0,0.0,0.0,4.0,0.0,0.0,0.0,46.0,25.0,0.0,0.0,5.0,8.0,2.0,0.0,0.0,0.0,11.0,64.0,8.0,0.0,1.0,14.0,1.0,9.0,0.0,13.0,39.0,12.0,1.0,32.0,0.0,19.0,26.0,8.0,33.0,0.0,2.0,14.0,1.0,12.0,53.0,5.0,0.0,6.0,7.0,2.0,7.0,37.0,30.0,45.0,22.0,0.0,24.0,12.0,36.0,28.0,4.0,1.0,19.0,3.0,21.0,13.0,0.0,14.0,37.0,28.0,18.0,42.0,44.0,9.0,6.0,0.0,0.0,8.0,32.0,0.0,4.0,1.0,1.0,0.0,21.0,19.0,0.0,53.0,12.0,19.0,0.0
143,86642928.0,1.0,12.0,0.0,1.0,122.0,2.0,1.0,1.0,59.0,12.0,0.0,35.0,1.0,15.0,1.0,8.0,74.0,171.0,10.0,4.0,6.0,37.0,30.0,42.0,21.0,114.0,5.0,1.0,30.0,15.0,20.0,2.0,88.0,0.0,0.0,90.0,170.0,5.0,4.0,22.0,19.0,18.0,0.0,8.0,0.0,27.0,44.0,14.0,38.0,1.0,2.0,2.0,49.0,0.0,0.0,6.0,165.0,13.0,0.0,0.0,0.0,16.0,50.0,1.0,1.0,100.0,51.0,3.0,2.0,4.0,4.0,5.0,1.0,1.0,3.0,18.0,238.0,5.0,2.0,8.0,33.0,1.0,28.0,6.0,33.0,110.0,38.0,16.0,40.0,0.0,59.0,70.0,3.0,68.0,2.0,1.0,18.0,1.0,5.0,181.0,0.0,2.0,4.0,40.0,2.0,12.0,54.0,84.0,138.0,56.0,0.0,62.0,44.0,82.0,62.0,12.0,0.0,54.0,9.0,47.0,30.0,3.0,51.0,141.0,49.0,34.0,101.0,88.0,54.0,14.0,1.0,2.0,9.0,123.0,1.0,1.0,2.0,6.0,0.0,42.0,33.0,53.0,0.0,22.0,30.0,0.0
144,86819813.0,0.0,5.0,0.0,0.0,18.0,0.0,0.0,0.0,21.0,0.0,0.0,20.0,0.0,13.0,0.0,2.0,10.0,25.0,3.0,0.0,0.0,10.0,4.0,1.0,3.0,24.0,0.0,0.0,17.0,9.0,7.0,1.0,10.0,0.0,0.0,23.0,27.0,2.0,0.0,12.0,4.0,6.0,0.0,2.0,0.0,6.0,24.0,11.0,9.0,0.0,0.0,0.0,10.0,0.0,0.0,0.0,20.0,6.0,0.0,0.0,0.0,4.0,0.0,0.0,0.0,27.0,22.0,0.0,0.0,5.0,0.0,1.0,0.0,0.0,0.0,3.0,35.0,6.0,0.0,0.0,19.0,0.0,10.0,0.0,5.0,13.0,5.0,0.0,10.0,0.0,4.0,15.0,0.0,17.0,0.0,0.0,1.0,0.0,0.0,40.0,0.0,0.0,0.0,10.0,0.0,3.0,8.0,25.0,37.0,12.0,0.0,8.0,7.0,26.0,16.0,5.0,0.0,11.0,1.0,2.0,4.0,0.0,6.0,19.0,23.0,14.0,20.0,22.0,9.0,5.0,0.0,0.0,7.0,25.0,0.0,0.0,0.0,2.0,0.0,19.0,5.0,12.0,22.0,0.0,14.0,0.0
145,89228602.0,0.0,4.0,0.0,0.0,48.0,0.0,0.0,0.0,26.0,0.0,0.0,12.0,0.0,10.0,1.0,2.0,16.0,47.0,7.0,0.0,0.0,14.0,5.0,3.0,3.0,27.0,1.0,1.0,16.0,12.0,13.0,1.0,19.0,0.0,0.0,40.0,46.0,0.0,0.0,16.0,5.0,11.0,0.0,4.0,1.0,4.0,31.0,7.0,16.0,0.0,0.0,1.0,23.0,0.0,0.0,0.0,30.0,5.0,0.0,0.0,0.0,9.0,0.0,0.0,0.0,43.0,24.0,1.0,0.0,7.0,0.0,1.0,0.0,0.0,1.0,16.0,51.0,5.0,0.0,1.0,17.0,0.0,10.0,0.0,12.0,25.0,10.0,0.0,18.0,0.0,16.0,29.0,0.0,31.0,0.0,0.0,6.0,0.0,0.0,54.0,0.0,1.0,1.0,10.0,0.0,3.0,9.0,14.0,42.0,17.0,1.0,12.0,7.0,35.0,36.0,3.0,0.0,23.0,4.0,11.0,11.0,1.0,12.0,28.0,31.0,17.0,38.0,22.0,20.0,9.0,0.0,0.0,10.0,28.0,0.0,0.0,0.0,6.0,0.0,18.0,20.0,19.0,30.0,14.0,0.0,0.0
146,92790454.0,0.0,0.0,0.0,0.0,0.0,0.0,0.0,0.0,0.0,0.0,0.0,0.0,0.0,0.0,0.0,0.0,0.0,0.0,0.0,0.0,0.0,0.0,0.0,0.0,0.0,0.0,0.0,0.0,0.0,0.0,0.0,0.0,0.0,0.0,0.0,0.0,0.0,0.0,0.0,0.0,0.0,0.0,0.0,0.0,0.0,0.0,0.0,0.0,0.0,0.0,0.0,0.0,0.0,0.0,0.0,0.0,0.0,0.0,0.0,0.0,0.0,0.0,0.0,0.0,0.0,0.0,0.0,0.0,0.0,0.0,0.0,0.0,0.0,0.0,0.0,0.0,0.0,0.0,0.0,0.0,0.0,0.0,0.0,0.0,0.0,0.0,0.0,0.0,0.0,0.0,0.0,0.0,0.0,0.0,0.0,0.0,0.0,0.0,0.0,0.0,0.0,0.0,0.0,0.0,0.0,0.0,0.0,0.0,0.0,0.0,0.0,0.0,0.0,0.0,0.0,0.0,0.0,0.0,0.0,0.0,0.0,0.0,0.0,0.0,0.0,0.0,0.0,0.0,0.0,0.0,0.0,0.0,0.0,0.0,0.0,0.0,0.0,0.0,0.0,0.0,0.0,0.0,0.0,0.0,0.0,0.0
