,0,1,2,3,4,5,6,7,8,9,10,11,12,13,14,15,16,17,18,19,20,21,22,23,24,25,26,27,28,29,30,31,32,33,34,35,36,37,38,39,40,41,42,43,44,45,46,47,48,49,50,51,52,53,54,55,56,57,58,59,60,61,62,63,64,65,66,67,68,69,70,71,72,73,74,75,76,77,78,79,80,81,82,83,84,85,86,87,88,89,90,91,92,93,94,95,96,97,98,99,100
0,-1.0,104185680.0,1079009256.0,1088099690.0,108907087.0,110608952.0,114190462.0,115018686.0,122441120.0,1241091404.0,1244460102.0,125470201.0,125614977.0,130205800.0,132986131.0,1346375827.0,1357115047.0,137517189.0,137771694.0,1435132286.0,15025739.0,150956270.0,156289877.0,159572604.0,1605783534.0,1633251433.0,164958548.0,1700951646.0,170204825.0,186414842.0,190708903.0,2171765941.0,2198563838.0,225322510.0,2303096750.0,2382971226.0,24329260.0,24345796.0,2450993148.0,248182192.0,255489507.0,261764660.0,2645225736.0,270499786.0,2724256221.0,2751503382.0,277853303.0,285503465.0,286069515.0,286625089.0,2870116652.0,287034757.0,287063399.0,2925115800.0,3002882886.0,3062430962.0,3075930266.0,3163784732.0,327403263.0,3304363992.0,340370057.0,360509494.0,361581716.0,361921060.0,378774444.0,389917334.0,391468084.0,3918457997.0,39208560.0,40701166.0,408211111.0,4110572473.0,433480776.0,439912281.0,450746478.0,458287314.0,4594710625.0,475112636.0,4803870258.0,495062063.0,50235755.0,536285913.0,53679150.0,53823346.0,54312769.0,570844916.0,572767112.0,623497584.0,712651945.0,7.158586927514952e+17,73910595.0,7.450265899103928e+17,763474394.0,77123870.0,78079432.0,7.865356039616307e+17,80988216.0,8.391552581692539e+17,8.474743314499338e+17,8.52137600135594e+17,86367032.0
1,104185680.0,0.0,4.0,1.0,0.0,13.0,1.0,0.0,4.0,0.0,11.0,1.0,8.0,6.0,0.0,0.0,0.0,2.0,2.0,0.0,1.0,1.0,0.0,10.0,0.0,0.0,6.0,1.0,1.0,7.0,10.0,1.0,0.0,0.0,0.0,15.0,6.0,8.0,1.0,4.0,1.0,0.0,2.0,7.0,0.0,0.0,0.0,18.0,0.0,0.0,1.0,1.0,0.0,1.0,1.0,1.0,0.0,1.0,4.0,5.0,1.0,1.0,2.0,0.0,0.0,7.0,0.0,0.0,14.0,3.0,1.0,0.0,0.0,0.0,0.0,4.0,1.0,1.0,4.0,10.0,2.0,3.0,1.0,1.0,3.0,0.0,0.0,1.0,0.0,1.0,0.0,0.0,8.0,3.0,5.0,0.0,1.0,0.0,0.0,2.0,5.0
2,1079009256.0,4.0,0.0,4.0,5.0,30.0,1.0,1.0,0.0,0.0,98.0,2.0,27.0,116.0,0.0,0.0,78.0,3.0,12.0,3.0,4.0,1.0,0.0,145.0,5.0,20.0,55.0,104.0,2.0,2.0,19.0,33.0,7.0,0.0,0.0,14.0,6.0,7.0,7.0,99.0,9.0,28.0,2.0,5.0,30.0,47.0,0.0,1.0,0.0,0.0,9.0,2.0,0.0,2.0,2.0,4.0,0.0,29.0,42.0,19.0,39.0,2.0,5.0,1.0,1.0,21.0,0.0,1.0,121.0,6.0,1.0,12.0,1.0,0.0,1.0,89.0,9.0,6.0,31.0,133.0,14.0,5.0,5.0,16.0,14.0,1.0,31.0,31.0,4.0,2.0,25.0,1.0,65.0,12.0,69.0,0.0,9.0,0.0,0.0,47.0,1.0
3,1088099690.0,1.0,4.0,0.0,0.0,7.0,1.0,2.0,0.0,1.0,6.0,1.0,3.0,2.0,0.0,1.0,0.0,0.0,6.0,2.0,0.0,1.0,0.0,5.0,0.0,0.0,10.0,1.0,2.0,1.0,4.0,0.0,0.0,0.0,0.0,13.0,2.0,2.0,1.0,1.0,1.0,1.0,0.0,2.0,1.0,0.0,0.0,0.0,0.0,0.0,1.0,3.0,0.0,1.0,1.0,2.0,0.0,1.0,9.0,4.0,2.0,0.0,2.0,0.0,1.0,3.0,0.0,0.0,9.0,2.0,1.0,2.0,0.0,0.0,0.0,2.0,1.0,2.0,2.0,4.0,0.0,2.0,3.0,1.0,0.0,0.0,1.0,2.0,0.0,1.0,2.0,0.0,5.0,4.0,2.0,0.0,3.0,0.0,0.0,4.0,1.0
4,108907087.0,0.0,5.0,0.0,0.0,0.0,0.0,0.0,0.0,0.0,5.0,0.0,0.0,8.0,0.0,0.0,6.0,0.0,0.0,0.0,3.0,0.0,0.0,9.0,3.0,3.0,2.0,8.0,0.0,0.0,0.0,6.0,1.0,0.0,0.0,0.0,0.0,0.0,0.0,7.0,0.0,4.0,0.0,0.0,5.0,2.0,0.0,0.0,0.0,0.0,2.0,0.0,0.0,0.0,0.0,0.0,0.0,5.0,1.0,0.0,2.0,2.0,0.0,0.0,0.0,0.0,0.0,0.0,5.0,0.0,0.0,1.0,0.0,0.0,0.0,7.0,0.0,0.0,6.0,11.0,0.0,0.0,0.0,3.0,1.0,0.0,6.0,9.0,0.0,0.0,3.0,0.0,1.0,0.0,5.0,0.0,0.0,0.0,0.0,3.0,0.0
5,110608952.0,13.0,30.0,7.0,0.0,0.0,2.0,1.0,1.0,3.0,54.0,4.0,21.0,23.0,0.0,0.0,0.0,6.0,3.0,4.0,2.0,0.0,0.0,38.0,1.0,0.0,27.0,9.0,1.0,10.0,25.0,8.0,4.0,0.0,0.0,54.0,12.0,30.0,4.0,24.0,1.0,3.0,3.0,13.0,4.0,0.0,0.0,3.0,0.0,0.0,4.0,0.0,0.0,0.0,1.0,0.0,0.0,3.0,24.0,16.0,2.0,1.0,4.0,1.0,0.0,9.0,0.0,0.0,108.0,13.0,0.0,3.0,2.0,1.0,2.0,20.0,10.0,7.0,15.0,25.0,3.0,5.0,4.0,12.0,5.0,1.0,1.0,3.0,2.0,0.0,8.0,0.0,16.0,11.0,26.0,0.0,2.0,0.0,0.0,7.0,3.0
6,114190462.0,1.0,1.0,1.0,0.0,2.0,0.0,0.0,0.0,0.0,0.0,1.0,1.0,0.0,0.0,0.0,0.0,0.0,1.0,0.0,0.0,1.0,0.0,1.0,0.0,0.0,0.0,0.0,3.0,0.0,1.0,0.0,2.0,0.0,0.0,1.0,1.0,1.0,1.0,0.0,1.0,0.0,0.0,0.0,0.0,0.0,0.0,0.0,0.0,0.0,0.0,1.0,0.0,1.0,1.0,1.0,0.0,0.0,1.0,0.0,1.0,0.0,1.0,0.0,0.0,1.0,0.0,0.0,1.0,1.0,1.0,0.0,0.0,0.0,0.0,0.0,0.0,0.0,0.0,1.0,0.0,1.0,1.0,0.0,0.0,0.0,0.0,1.0,0.0,0.0,0.0,0.0,2.0,3.0,2.0,0.0,0.0,0.0,0.0,1.0,0.0
7,115018686.0,0.0,1.0,2.0,0.0,1.0,0.0,0.0,0.0,0.0,0.0,0.0,0.0,0.0,0.0,0.0,0.0,0.0,2.0,0.0,0.0,1.0,0.0,0.0,0.0,0.0,0.0,0.0,0.0,0.0,0.0,0.0,0.0,0.0,0.0,5.0,0.0,0.0,0.0,0.0,0.0,0.0,0.0,1.0,0.0,0.0,0.0,0.0,0.0,0.0,0.0,3.0,0.0,0.0,0.0,0.0,0.0,0.0,0.0,1.0,0.0,0.0,0.0,0.0,0.0,0.0,0.0,0.0,0.0,0.0,0.0,0.0,0.0,1.0,0.0,0.0,0.0,0.0,0.0,0.0,0.0,0.0,0.0,0.0,0.0,0.0,0.0,0.0,0.0,0.0,0.0,0.0,1.0,0.0,0.0,0.0,0.0,0.0,0.0,0.0,0.0
8,122441120.0,4.0,0.0,0.0,0.0,1.0,0.0,0.0,0.0,0.0,1.0,0.0,0.0,1.0,0.0,0.0,0.0,0.0,0.0,0.0,0.0,0.0,0.0,1.0,0.0,0.0,0.0,0.0,0.0,0.0,5.0,0.0,0.0,0.0,0.0,1.0,6.0,1.0,0.0,0.0,0.0,0.0,0.0,0.0,0.0,0.0,0.0,6.0,0.0,0.0,0.0,0.0,0.0,0.0,0.0,0.0,0.0,0.0,0.0,0.0,0.0,0.0,0.0,1.0,0.0,0.0,0.0,0.0,1.0,0.0,0.0,0.0,0.0,0.0,0.0,1.0,0.0,0.0,0.0,1.0,0.0,0.0,0.0,0.0,0.0,0.0,0.0,0.0,0.0,0.0,0.0,0.0,1.0,1.0,1.0,0.0,0.0,0.0,0.0,0.0,3.0
9,1241091404.0,0.0,0.0,1.0,0.0,3.0,0.0,0.0,0.0,0.0,26.0,0.0,1.0,0.0,0.0,0.0,0.0,0.0,0.0,0.0,0.0,0.0,0.0,5.0,0.0,0.0,0.0,0.0,0.0,1.0,1.0,1.0,0.0,0.0,0.0,0.0,0.0,0.0,0.0,0.0,0.0,0.0,0.0,0.0,0.0,0.0,0.0,0.0,0.0,0.0,0.0,0.0,0.0,0.0,0.0,0.0,0.0,0.0,1.0,0.0,0.0,0.0,0.0,0.0,0.0,2.0,0.0,0.0,23.0,0.0,0.0,0.0,0.0,0.0,0.0,0.0,0.0,3.0,1.0,0.0,0.0,1.0,14.0,0.0,0.0,0.0,0.0,6.0,0.0,0.0,0.0,0.0,0.0,0.0,1.0,0.0,0.0,0.0,0.0,0.0,0.0
10,1244460102.0,11.0,98.0,6.0,5.0,54.0,0.0,0.0,1.0,26.0,0.0,1.0,41.0,96.0,0.0,0.0,71.0,3.0,4.0,4.0,3.0,0.0,0.0,114.0,7.0,28.0,41.0,95.0,0.0,7.0,19.0,39.0,6.0,0.0,0.0,36.0,7.0,15.0,8.0,91.0,3.0,38.0,3.0,11.0,38.0,37.0,0.0,2.0,8.0,2.0,9.0,0.0,0.0,1.0,1.0,3.0,0.0,23.0,44.0,16.0,24.0,3.0,12.0,1.0,0.0,10.0,2.0,0.0,168.0,15.0,0.0,8.0,2.0,0.0,4.0,94.0,12.0,10.0,50.0,97.0,5.0,10.0,20.0,26.0,20.0,5.0,41.0,47.0,5.0,8.0,28.0,0.0,20.0,8.0,76.0,0.0,0.0,0.0,0.0,44.0,2.0
11,125470201.0,1.0,2.0,1.0,0.0,4.0,1.0,0.0,0.0,0.0,1.0,0.0,1.0,4.0,0.0,0.0,0.0,0.0,5.0,2.0,2.0,2.0,0.0,3.0,0.0,0.0,6.0,0.0,1.0,1.0,2.0,1.0,0.0,0.0,0.0,1.0,1.0,1.0,3.0,1.0,1.0,1.0,0.0,4.0,0.0,1.0,0.0,0.0,0.0,0.0,0.0,1.0,0.0,1.0,1.0,5.0,1.0,0.0,7.0,0.0,3.0,0.0,1.0,0.0,7.0,5.0,0.0,1.0,11.0,1.0,1.0,0.0,0.0,0.0,0.0,1.0,0.0,0.0,0.0,4.0,1.0,1.0,1.0,1.0,1.0,0.0,0.0,1.0,0.0,0.0,1.0,0.0,8.0,6.0,3.0,0.0,0.0,0.0,0.0,1.0,0.0
12,125614977.0,8.0,27.0,3.0,0.0,21.0,1.0,0.0,0.0,1.0,41.0,1.0,0.0,32.0,0.0,0.0,15.0,1.0,3.0,2.0,2.0,1.0,0.0,40.0,2.0,8.0,15.0,24.0,1.0,6.0,11.0,12.0,3.0,0.0,0.0,12.0,5.0,5.0,1.0,21.0,2.0,12.0,1.0,6.0,10.0,9.0,0.0,2.0,0.0,0.0,3.0,1.0,0.0,1.0,2.0,1.0,0.0,9.0,24.0,8.0,11.0,1.0,8.0,0.0,0.0,5.0,0.0,0.0,50.0,5.0,1.0,5.0,0.0,0.0,0.0,19.0,5.0,6.0,15.0,26.0,2.0,13.0,2.0,6.0,9.0,0.0,9.0,14.0,0.0,1.0,11.0,0.0,9.0,4.0,24.0,0.0,1.0,0.0,0.0,18.0,0.0
13,130205800.0,6.0,116.0,2.0,8.0,23.0,0.0,0.0,1.0,0.0,96.0,4.0,32.0,0.0,0.0,0.0,73.0,0.0,9.0,3.0,7.0,4.0,0.0,136.0,9.0,24.0,35.0,101.0,1.0,3.0,10.0,37.0,8.0,0.0,0.0,18.0,6.0,9.0,2.0,83.0,1.0,33.0,1.0,8.0,39.0,37.0,0.0,3.0,0.0,0.0,7.0,0.0,0.0,0.0,1.0,3.0,0.0,27.0,24.0,14.0,40.0,4.0,4.0,1.0,1.0,7.0,0.0,0.0,105.0,10.0,0.0,10.0,1.0,0.0,1.0,89.0,6.0,5.0,42.0,118.0,8.0,5.0,1.0,15.0,18.0,0.0,40.0,36.0,3.0,2.0,26.0,1.0,31.0,8.0,69.0,0.0,3.0,0.0,0.0,45.0,0.0
14,132986131.0,0.0,0.0,0.0,0.0,0.0,0.0,0.0,0.0,0.0,0.0,0.0,0.0,0.0,0.0,0.0,0.0,0.0,0.0,0.0,0.0,0.0,0.0,0.0,0.0,0.0,0.0,0.0,0.0,0.0,0.0,0.0,0.0,0.0,0.0,0.0,0.0,0.0,0.0,0.0,0.0,0.0,0.0,0.0,0.0,0.0,0.0,0.0,0.0,0.0,0.0,0.0,0.0,0.0,0.0,0.0,0.0,0.0,0.0,0.0,0.0,0.0,0.0,0.0,0.0,0.0,0.0,0.0,0.0,0.0,0.0,0.0,0.0,0.0,0.0,0.0,0.0,0.0,0.0,0.0,0.0,0.0,0.0,0.0,0.0,0.0,0.0,0.0,0.0,0.0,0.0,0.0,0.0,0.0,0.0,0.0,0.0,0.0,0.0,0.0,0.0
15,1346375827.0,0.0,0.0,1.0,0.0,0.0,0.0,0.0,0.0,0.0,0.0,0.0,0.0,0.0,0.0,0.0,0.0,0.0,1.0,0.0,0.0,0.0,0.0,0.0,0.0,0.0,0.0,0.0,0.0,0.0,1.0,0.0,0.0,0.0,0.0,1.0,0.0,0.0,0.0,0.0,0.0,0.0,1.0,1.0,2.0,0.0,0.0,0.0,0.0,0.0,0.0,0.0,0.0,0.0,0.0,0.0,0.0,0.0,0.0,0.0,0.0,0.0,0.0,0.0,0.0,2.0,0.0,0.0,0.0,0.0,0.0,0.0,0.0,0.0,0.0,0.0,0.0,0.0,0.0,0.0,0.0,0.0,0.0,0.0,0.0,0.0,0.0,0.0,0.0,0.0,0.0,0.0,0.0,1.0,0.0,0.0,0.0,0.0,0.0,0.0,0.0
16,1357115047.0,0.0,78.0,0.0,6.0,0.0,0.0,0.0,0.0,0.0,71.0,0.0,15.0,73.0,0.0,0.0,0.0,0.0,0.0,0.0,2.0,0.0,0.0,85.0,6.0,18.0,13.0,96.0,0.0,0.0,0.0,43.0,5.0,0.0,0.0,0.0,0.0,0.0,0.0,80.0,0.0,30.0,0.0,3.0,41.0,46.0,2.0,1.0,0.0,0.0,7.0,0.0,0.0,0.0,0.0,3.0,0.0,21.0,25.0,0.0,19.0,2.0,0.0,0.0,0.0,3.0,0.0,0.0,96.0,1.0,0.0,4.0,0.0,0.0,0.0,91.0,1.0,1.0,29.0,88.0,1.0,3.0,0.0,14.0,9.0,0.0,55.0,37.0,0.0,0.0,26.0,0.0,6.0,0.0,44.0,0.0,0.0,0.0,0.0,44.0,0.0
17,137517189.0,2.0,3.0,0.0,0.0,6.0,0.0,0.0,0.0,0.0,3.0,0.0,1.0,0.0,0.0,0.0,0.0,0.0,0.0,0.0,0.0,0.0,0.0,3.0,0.0,0.0,2.0,0.0,0.0,1.0,2.0,0.0,0.0,0.0,0.0,6.0,1.0,3.0,0.0,2.0,0.0,0.0,1.0,0.0,0.0,0.0,0.0,0.0,0.0,0.0,0.0,0.0,0.0,0.0,0.0,0.0,0.0,0.0,1.0,2.0,0.0,0.0,0.0,0.0,0.0,0.0,0.0,0.0,6.0,0.0,0.0,0.0,0.0,0.0,0.0,1.0,1.0,0.0,1.0,3.0,0.0,0.0,0.0,0.0,0.0,0.0,0.0,0.0,0.0,0.0,0.0,0.0,1.0,0.0,1.0,0.0,0.0,0.0,0.0,0.0,1.0
18,137771694.0,2.0,12.0,6.0,0.0,3.0,1.0,2.0,0.0,0.0,4.0,5.0,3.0,9.0,0.0,1.0,0.0,0.0,0.0,3.0,2.0,5.0,0.0,11.0,1.0,0.0,9.0,2.0,2.0,1.0,9.0,1.0,0.0,0.0,1.0,25.0,2.0,3.0,2.0,2.0,1.0,1.0,1.0,8.0,1.0,8.0,1.0,4.0,2.0,0.0,2.0,15.0,0.0,1.0,1.0,2.0,0.0,3.0,2.0,9.0,3.0,2.0,2.0,0.0,1.0,35.0,0.0,2.0,52.0,6.0,2.0,4.0,1.0,0.0,0.0,7.0,1.0,3.0,2.0,19.0,6.0,2.0,1.0,0.0,4.0,0.0,2.0,2.0,3.0,5.0,5.0,2.0,39.0,9.0,8.0,1.0,11.0,0.0,0.0,7.0,0.0
19,1435132286.0,0.0,3.0,2.0,0.0,4.0,0.0,0.0,0.0,0.0,4.0,2.0,2.0,3.0,0.0,0.0,0.0,0.0,3.0,0.0,0.0,0.0,0.0,5.0,0.0,0.0,5.0,2.0,0.0,0.0,2.0,2.0,1.0,0.0,0.0,4.0,1.0,1.0,0.0,2.0,4.0,1.0,0.0,3.0,3.0,1.0,0.0,0.0,0.0,0.0,1.0,0.0,0.0,0.0,0.0,0.0,0.0,1.0,3.0,6.0,1.0,0.0,1.0,0.0,0.0,4.0,0.0,0.0,8.0,2.0,1.0,1.0,0.0,0.0,1.0,4.0,0.0,1.0,1.0,5.0,0.0,1.0,0.0,0.0,0.0,0.0,1.0,0.0,0.0,0.0,3.0,0.0,6.0,2.0,3.0,0.0,1.0,0.0,0.0,1.0,0.0
20,15025739.0,1.0,4.0,0.0,3.0,2.0,0.0,0.0,0.0,0.0,3.0,2.0,2.0,7.0,0.0,0.0,2.0,0.0,2.0,0.0,0.0,0.0,0.0,10.0,1.0,1.0,3.0,5.0,0.0,2.0,1.0,5.0,0.0,0.0,1.0,1.0,0.0,0.0,0.0,4.0,0.0,0.0,0.0,3.0,2.0,1.0,0.0,1.0,0.0,0.0,0.0,0.0,0.0,0.0,0.0,0.0,0.0,3.0,1.0,1.0,1.0,2.0,0.0,0.0,0.0,1.0,0.0,0.0,11.0,1.0,0.0,1.0,0.0,0.0,0.0,4.0,0.0,0.0,3.0,5.0,2.0,0.0,0.0,1.0,3.0,0.0,0.0,4.0,0.0,1.0,2.0,0.0,2.0,0.0,5.0,0.0,1.0,0.0,0.0,2.0,0.0
21,150956270.0,1.0,1.0,1.0,0.0,0.0,1.0,1.0,0.0,0.0,0.0,2.0,1.0,4.0,0.0,0.0,0.0,0.0,5.0,0.0,0.0,0.0,0.0,1.0,0.0,0.0,0.0,0.0,1.0,0.0,1.0,1.0,0.0,0.0,0.0,4.0,2.0,1.0,1.0,3.0,1.0,0.0,0.0,0.0,0.0,0.0,0.0,0.0,0.0,0.0,0.0,2.0,0.0,1.0,1.0,1.0,0.0,0.0,1.0,0.0,5.0,0.0,2.0,0.0,0.0,1.0,0.0,0.0,4.0,2.0,1.0,0.0,1.0,0.0,0.0,1.0,0.0,0.0,0.0,6.0,0.0,1.0,1.0,0.0,0.0,0.0,0.0,1.0,0.0,0.0,0.0,0.0,10.0,1.0,2.0,0.0,0.0,0.0,0.0,3.0,0.0
22,156289877.0,0.0,0.0,0.0,0.0,0.0,0.0,0.0,0.0,0.0,0.0,0.0,0.0,0.0,0.0,0.0,0.0,0.0,0.0,0.0,0.0,0.0,0.0,0.0,0.0,0.0,0.0,0.0,0.0,0.0,0.0,0.0,0.0,0.0,0.0,0.0,0.0,0.0,0.0,0.0,0.0,0.0,0.0,0.0,0.0,0.0,0.0,0.0,0.0,0.0,0.0,0.0,0.0,0.0,0.0,0.0,0.0,0.0,0.0,0.0,0.0,0.0,0.0,0.0,1.0,0.0,0.0,0.0,0.0,0.0,0.0,0.0,0.0,0.0,0.0,0.0,0.0,0.0,0.0,0.0,0.0,0.0,0.0,0.0,0.0,0.0,0.0,0.0,0.0,0.0,0.0,0.0,0.0,0.0,0.0,0.0,0.0,0.0,0.0,0.0,0.0
23,159572604.0,10.0,145.0,5.0,9.0,38.0,1.0,0.0,1.0,5.0,114.0,3.0,40.0,136.0,0.0,0.0,85.0,3.0,11.0,5.0,10.0,1.0,0.0,0.0,8.0,30.0,58.0,100.0,2.0,5.0,20.0,48.0,8.0,0.0,0.0,32.0,9.0,17.0,2.0,84.0,2.0,28.0,4.0,14.0,41.0,52.0,0.0,2.0,0.0,0.0,12.0,1.0,0.0,1.0,2.0,10.0,0.0,27.0,34.0,15.0,33.0,5.0,3.0,1.0,1.0,26.0,0.0,0.0,158.0,9.0,2.0,9.0,1.0,0.0,1.0,106.0,12.0,11.0,67.0,135.0,9.0,9.0,4.0,21.0,17.0,0.0,53.0,54.0,3.0,3.0,25.0,1.0,46.0,11.0,93.0,0.0,7.0,0.0,0.0,40.0,2.0
24,1605783534.0,0.0,5.0,0.0,3.0,1.0,0.0,0.0,0.0,0.0,7.0,0.0,2.0,9.0,0.0,0.0,6.0,0.0,1.0,0.0,1.0,0.0,0.0,8.0,0.0,5.0,3.0,7.0,0.0,0.0,1.0,7.0,1.0,0.0,0.0,0.0,0.0,0.0,1.0,6.0,0.0,5.0,0.0,0.0,6.0,5.0,0.0,0.0,0.0,0.0,3.0,0.0,0.0,0.0,0.0,0.0,0.0,6.0,4.0,1.0,5.0,1.0,0.0,0.0,0.0,0.0,0.0,0.0,3.0,1.0,0.0,4.0,1.0,0.0,0.0,9.0,0.0,1.0,9.0,8.0,0.0,0.0,0.0,0.0,6.0,0.0,7.0,4.0,1.0,0.0,5.0,0.0,2.0,1.0,7.0,0.0,0.0,0.0,0.0,6.0,0.0
25,1633251433.0,0.0,20.0,0.0,3.0,0.0,0.0,0.0,0.0,0.0,28.0,0.0,8.0,24.0,0.0,0.0,18.0,0.0,0.0,0.0,1.0,0.0,0.0,30.0,5.0,0.0,12.0,18.0,0.0,0.0,0.0,10.0,2.0,0.0,0.0,0.0,1.0,0.0,0.0,12.0,0.0,10.0,0.0,0.0,8.0,6.0,0.0,0.0,0.0,0.0,4.0,0.0,0.0,0.0,0.0,0.0,0.0,21.0,9.0,0.0,15.0,0.0,0.0,0.0,0.0,0.0,0.0,0.0,39.0,0.0,0.0,1.0,0.0,0.0,0.0,19.0,0.0,1.0,18.0,24.0,3.0,0.0,1.0,5.0,9.0,0.0,21.0,23.0,0.0,0.0,8.0,0.0,3.0,0.0,22.0,0.0,0.0,0.0,0.0,19.0,0.0
26,164958548.0,6.0,55.0,10.0,2.0,27.0,0.0,0.0,0.0,0.0,41.0,6.0,15.0,35.0,0.0,0.0,13.0,2.0,9.0,5.0,3.0,0.0,0.0,58.0,3.0,12.0,0.0,16.0,3.0,3.0,14.0,20.0,2.0,0.0,0.0,16.0,3.0,8.0,2.0,15.0,5.0,8.0,2.0,17.0,7.0,6.0,2.0,9.0,0.0,0.0,4.0,0.0,0.0,1.0,0.0,10.0,1.0,16.0,25.0,15.0,13.0,2.0,2.0,0.0,1.0,24.0,0.0,18.0,74.0,5.0,1.0,8.0,1.0,0.0,0.0,24.0,3.0,5.0,26.0,47.0,8.0,7.0,2.0,1.0,19.0,1.0,14.0,15.0,2.0,2.0,16.0,0.0,31.0,10.0,30.0,0.0,7.0,0.0,0.0,18.0,2.0
27,1700951646.0,1.0,104.0,1.0,8.0,9.0,0.0,0.0,0.0,0.0,95.0,0.0,24.0,101.0,0.0,0.0,96.0,0.0,2.0,2.0,5.0,0.0,0.0,100.0,7.0,18.0,16.0,0.0,0.0,0.0,3.0,42.0,6.0,0.0,0.0,11.0,2.0,3.0,1.0,94.0,1.0,33.0,0.0,3.0,46.0,49.0,0.0,3.0,0.0,0.0,9.0,0.0,1.0,0.0,1.0,0.0,0.0,29.0,29.0,9.0,25.0,2.0,1.0,0.0,1.0,0.0,0.0,0.0,94.0,9.0,0.0,7.0,1.0,0.0,1.0,85.0,3.0,2.0,31.0,92.0,2.0,6.0,1.0,17.0,12.0,0.0,32.0,33.0,2.0,0.0,20.0,0.0,13.0,3.0,49.0,0.0,0.0,0.0,0.0,50.0,0.0
28,170204825.0,1.0,2.0,2.0,0.0,1.0,3.0,0.0,0.0,0.0,0.0,1.0,1.0,1.0,0.0,0.0,0.0,0.0,2.0,0.0,0.0,1.0,0.0,2.0,0.0,0.0,3.0,0.0,0.0,4.0,3.0,0.0,2.0,0.0,0.0,0.0,1.0,1.0,1.0,0.0,1.0,0.0,0.0,1.0,0.0,0.0,0.0,0.0,0.0,0.0,0.0,1.0,0.0,1.0,1.0,2.0,0.0,1.0,2.0,1.0,1.0,0.0,5.0,0.0,1.0,3.0,0.0,0.0,4.0,2.0,1.0,1.0,0.0,0.0,0.0,2.0,1.0,1.0,0.0,3.0,0.0,1.0,1.0,0.0,0.0,0.0,0.0,2.0,0.0,2.0,0.0,0.0,3.0,3.0,2.0,0.0,1.0,0.0,0.0,2.0,0.0
29,186414842.0,7.0,2.0,1.0,0.0,10.0,0.0,0.0,0.0,1.0,7.0,1.0,6.0,3.0,0.0,0.0,0.0,1.0,1.0,0.0,2.0,0.0,0.0,5.0,0.0,0.0,3.0,0.0,4.0,0.0,4.0,0.0,0.0,0.0,0.0,8.0,3.0,1.0,0.0,2.0,0.0,0.0,0.0,9.0,0.0,1.0,0.0,2.0,0.0,0.0,1.0,0.0,0.0,0.0,0.0,0.0,0.0,1.0,1.0,3.0,1.0,1.0,10.0,0.0,0.0,7.0,0.0,4.0,24.0,2.0,0.0,0.0,0.0,0.0,0.0,1.0,0.0,2.0,2.0,6.0,2.0,0.0,3.0,2.0,3.0,0.0,0.0,1.0,0.0,1.0,0.0,0.0,4.0,2.0,8.0,0.0,2.0,0.0,0.0,1.0,0.0
30,190708903.0,10.0,19.0,4.0,0.0,25.0,1.0,0.0,5.0,1.0,19.0,2.0,11.0,10.0,0.0,1.0,0.0,2.0,9.0,2.0,1.0,1.0,0.0,20.0,1.0,0.0,14.0,3.0,3.0,4.0,0.0,3.0,2.0,0.0,0.0,21.0,13.0,4.0,2.0,9.0,3.0,1.0,1.0,12.0,1.0,2.0,0.0,19.0,0.0,0.0,0.0,1.0,0.0,1.0,2.0,2.0,0.0,6.0,17.0,9.0,1.0,1.0,2.0,2.0,1.0,14.0,0.0,1.0,44.0,7.0,1.0,3.0,1.0,0.0,0.0,10.0,10.0,1.0,7.0,23.0,1.0,5.0,1.0,0.0,4.0,0.0,0.0,2.0,1.0,3.0,0.0,0.0,22.0,5.0,7.0,0.0,2.0,0.0,0.0,5.0,5.0
31,2171765941.0,1.0,33.0,0.0,6.0,8.0,0.0,0.0,0.0,1.0,39.0,1.0,12.0,37.0,0.0,0.0,43.0,0.0,1.0,2.0,5.0,1.0,0.0,48.0,7.0,10.0,20.0,42.0,0.0,0.0,3.0,0.0,2.0,0.0,0.0,5.0,1.0,2.0,2.0,26.0,0.0,20.0,0.0,4.0,18.0,14.0,0.0,1.0,0.0,0.0,8.0,0.0,0.0,0.0,0.0,6.0,0.0,14.0,20.0,6.0,17.0,5.0,0.0,0.0,0.0,0.0,0.0,0.0,74.0,5.0,0.0,4.0,2.0,0.0,2.0,54.0,3.0,1.0,34.0,50.0,5.0,1.0,0.0,6.0,7.0,0.0,46.0,37.0,2.0,0.0,31.0,0.0,9.0,1.0,36.0,0.0,0.0,0.0,0.0,21.0,0.0
32,2198563838.0,0.0,7.0,0.0,1.0,4.0,2.0,0.0,0.0,0.0,6.0,0.0,3.0,8.0,0.0,0.0,5.0,0.0,0.0,1.0,0.0,0.0,0.0,8.0,1.0,2.0,2.0,6.0,2.0,0.0,2.0,2.0,0.0,0.0,0.0,4.0,1.0,1.0,0.0,6.0,1.0,2.0,0.0,2.0,3.0,2.0,0.0,0.0,0.0,0.0,0.0,0.0,0.0,0.0,1.0,0.0,0.0,5.0,4.0,2.0,2.0,0.0,0.0,0.0,0.0,0.0,0.0,0.0,7.0,0.0,0.0,1.0,0.0,0.0,0.0,6.0,2.0,0.0,4.0,7.0,0.0,0.0,0.0,2.0,1.0,0.0,4.0,4.0,0.0,0.0,1.0,0.0,2.0,3.0,5.0,0.0,0.0,0.0,0.0,3.0,0.0
33,225322510.0,0.0,0.0,0.0,0.0,0.0,0.0,0.0,0.0,0.0,0.0,0.0,0.0,0.0,0.0,0.0,0.0,0.0,0.0,0.0,0.0,0.0,0.0,0.0,0.0,0.0,0.0,0.0,0.0,0.0,0.0,0.0,0.0,0.0,0.0,0.0,0.0,0.0,0.0,0.0,0.0,0.0,0.0,0.0,0.0,0.0,0.0,0.0,1.0,0.0,0.0,0.0,0.0,0.0,0.0,0.0,0.0,0.0,0.0,0.0,0.0,0.0,0.0,0.0,0.0,2.0,1.0,0.0,1.0,0.0,0.0,0.0,0.0,0.0,0.0,0.0,0.0,0.0,0.0,0.0,0.0,0.0,0.0,0.0,0.0,1.0,0.0,0.0,0.0,0.0,0.0,0.0,0.0,1.0,0.0,0.0,0.0,0.0,0.0,0.0,0.0
34,2303096750.0,0.0,0.0,0.0,0.0,0.0,0.0,0.0,0.0,0.0,0.0,0.0,0.0,0.0,0.0,0.0,0.0,0.0,1.0,0.0,1.0,0.0,0.0,0.0,0.0,0.0,0.0,0.0,0.0,0.0,0.0,0.0,0.0,0.0,0.0,0.0,0.0,0.0,0.0,0.0,0.0,0.0,0.0,1.0,0.0,0.0,0.0,0.0,0.0,0.0,0.0,0.0,0.0,0.0,0.0,0.0,0.0,1.0,0.0,0.0,0.0,0.0,0.0,0.0,0.0,0.0,0.0,0.0,3.0,0.0,0.0,0.0,0.0,0.0,0.0,0.0,0.0,0.0,0.0,0.0,0.0,0.0,0.0,0.0,0.0,0.0,2.0,2.0,0.0,0.0,0.0,0.0,2.0,0.0,1.0,0.0,0.0,0.0,0.0,1.0,0.0
35,2382971226.0,15.0,14.0,13.0,0.0,54.0,1.0,5.0,1.0,0.0,36.0,1.0,12.0,18.0,0.0,1.0,0.0,6.0,25.0,4.0,1.0,4.0,0.0,32.0,0.0,0.0,16.0,11.0,0.0,8.0,21.0,5.0,4.0,0.0,0.0,0.0,7.0,28.0,0.0,14.0,1.0,3.0,3.0,17.0,6.0,2.0,0.0,4.0,0.0,0.0,4.0,18.0,0.0,0.0,1.0,0.0,3.0,6.0,15.0,14.0,1.0,1.0,4.0,1.0,0.0,18.0,0.0,0.0,84.0,9.0,0.0,2.0,0.0,0.0,2.0,18.0,9.0,3.0,19.0,25.0,2.0,4.0,0.0,3.0,3.0,0.0,1.0,0.0,1.0,1.0,3.0,0.0,12.0,9.0,17.0,1.0,1.0,0.0,0.0,2.0,1.0
36,24329260.0,6.0,6.0,2.0,0.0,12.0,1.0,0.0,6.0,0.0,7.0,1.0,5.0,6.0,0.0,0.0,0.0,1.0,2.0,1.0,0.0,2.0,0.0,9.0,0.0,1.0,3.0,2.0,1.0,3.0,13.0,1.0,1.0,0.0,0.0,7.0,0.0,6.0,1.0,5.0,1.0,1.0,1.0,3.0,1.0,0.0,0.0,6.0,0.0,0.0,1.0,1.0,0.0,1.0,1.0,1.0,0.0,0.0,4.0,3.0,2.0,0.0,3.0,1.0,0.0,2.0,0.0,2.0,14.0,4.0,1.0,1.0,0.0,0.0,0.0,4.0,3.0,4.0,3.0,5.0,0.0,1.0,2.0,1.0,1.0,0.0,1.0,2.0,0.0,0.0,1.0,0.0,7.0,3.0,6.0,0.0,1.0,0.0,0.0,1.0,3.0
37,24345796.0,8.0,7.0,2.0,0.0,30.0,1.0,0.0,1.0,0.0,15.0,1.0,5.0,9.0,0.0,0.0,0.0,3.0,3.0,1.0,0.0,1.0,0.0,17.0,0.0,0.0,8.0,3.0,1.0,1.0,4.0,2.0,1.0,0.0,0.0,28.0,6.0,0.0,1.0,8.0,1.0,1.0,3.0,2.0,1.0,1.0,0.0,0.0,0.0,0.0,1.0,1.0,0.0,1.0,1.0,1.0,2.0,0.0,6.0,7.0,3.0,0.0,3.0,1.0,0.0,2.0,0.0,0.0,29.0,6.0,1.0,1.0,0.0,0.0,1.0,9.0,4.0,2.0,8.0,13.0,0.0,3.0,2.0,1.0,0.0,0.0,1.0,2.0,0.0,0.0,1.0,0.0,9.0,5.0,8.0,0.0,1.0,0.0,0.0,1.0,2.0
38,2450993148.0,1.0,7.0,1.0,0.0,4.0,1.0,0.0,0.0,0.0,8.0,3.0,1.0,2.0,0.0,0.0,0.0,0.0,2.0,0.0,0.0,1.0,0.0,2.0,1.0,0.0,2.0,1.0,1.0,0.0,2.0,2.0,0.0,0.0,0.0,0.0,1.0,1.0,0.0,0.0,1.0,1.0,0.0,0.0,0.0,1.0,0.0,0.0,2.0,1.0,0.0,1.0,0.0,1.0,1.0,1.0,0.0,0.0,5.0,1.0,1.0,0.0,2.0,0.0,0.0,1.0,1.0,0.0,1.0,3.0,1.0,1.0,3.0,0.0,0.0,3.0,0.0,0.0,0.0,2.0,2.0,1.0,1.0,0.0,1.0,2.0,0.0,1.0,4.0,7.0,1.0,0.0,2.0,2.0,2.0,0.0,0.0,0.0,0.0,2.0,0.0
39,248182192.0,4.0,99.0,1.0,7.0,24.0,0.0,0.0,0.0,0.0,91.0,1.0,21.0,83.0,0.0,0.0,80.0,2.0,2.0,2.0,4.0,3.0,0.0,84.0,6.0,12.0,15.0,94.0,0.0,2.0,9.0,26.0,6.0,0.0,0.0,14.0,5.0,8.0,0.0,0.0,3.0,29.0,2.0,2.0,40.0,41.0,0.0,0.0,0.0,0.0,5.0,1.0,0.0,1.0,1.0,1.0,0.0,23.0,44.0,10.0,25.0,2.0,2.0,1.0,0.0,1.0,0.0,0.0,96.0,2.0,0.0,8.0,0.0,0.0,0.0,81.0,11.0,2.0,30.0,96.0,8.0,4.0,1.0,15.0,11.0,0.0,25.0,33.0,1.0,0.0,15.0,0.0,21.0,7.0,64.0,0.0,0.0,0.0,0.0,42.0,1.0
40,255489507.0,1.0,9.0,1.0,0.0,1.0,1.0,0.0,0.0,0.0,3.0,1.0,2.0,1.0,0.0,0.0,0.0,0.0,1.0,4.0,0.0,1.0,0.0,2.0,0.0,0.0,5.0,1.0,1.0,0.0,3.0,0.0,1.0,0.0,0.0,1.0,1.0,1.0,1.0,3.0,0.0,0.0,0.0,0.0,0.0,0.0,0.0,0.0,0.0,0.0,0.0,1.0,0.0,2.0,2.0,1.0,0.0,2.0,1.0,8.0,1.0,0.0,1.0,0.0,0.0,2.0,0.0,0.0,1.0,1.0,2.0,1.0,0.0,0.0,0.0,1.0,1.0,0.0,0.0,4.0,0.0,1.0,1.0,0.0,0.0,0.0,0.0,1.0,1.0,0.0,0.0,0.0,8.0,2.0,3.0,0.0,0.0,0.0,0.0,1.0,0.0
41,261764660.0,0.0,28.0,1.0,4.0,3.0,0.0,0.0,0.0,0.0,38.0,1.0,12.0,33.0,0.0,0.0,30.0,0.0,1.0,1.0,0.0,0.0,0.0,28.0,5.0,10.0,8.0,33.0,0.0,0.0,1.0,20.0,2.0,0.0,0.0,3.0,1.0,1.0,1.0,29.0,0.0,0.0,0.0,2.0,21.0,18.0,0.0,0.0,0.0,0.0,8.0,0.0,0.0,0.0,0.0,1.0,0.0,11.0,11.0,1.0,13.0,2.0,1.0,0.0,0.0,0.0,0.0,0.0,31.0,3.0,0.0,4.0,0.0,0.0,0.0,34.0,1.0,2.0,17.0,36.0,0.0,0.0,0.0,7.0,7.0,0.0,22.0,19.0,0.0,0.0,17.0,0.0,5.0,1.0,24.0,0.0,0.0,0.0,0.0,16.0,0.0
42,2645225736.0,2.0,2.0,0.0,0.0,3.0,0.0,0.0,0.0,0.0,3.0,0.0,1.0,1.0,0.0,1.0,0.0,1.0,1.0,0.0,0.0,0.0,0.0,4.0,0.0,0.0,2.0,0.0,0.0,0.0,1.0,0.0,0.0,0.0,0.0,3.0,1.0,3.0,0.0,2.0,0.0,0.0,0.0,1.0,0.0,0.0,0.0,0.0,0.0,0.0,0.0,0.0,0.0,0.0,0.0,0.0,0.0,0.0,2.0,3.0,0.0,0.0,0.0,0.0,0.0,2.0,0.0,0.0,4.0,1.0,0.0,0.0,0.0,0.0,0.0,1.0,2.0,0.0,2.0,3.0,1.0,0.0,0.0,0.0,0.0,0.0,0.0,0.0,0.0,0.0,1.0,0.0,3.0,0.0,2.0,0.0,1.0,0.0,0.0,0.0,0.0
43,270499786.0,7.0,5.0,2.0,0.0,13.0,0.0,1.0,0.0,0.0,11.0,4.0,6.0,8.0,0.0,1.0,3.0,0.0,8.0,3.0,3.0,0.0,0.0,14.0,0.0,0.0,17.0,3.0,1.0,9.0,12.0,4.0,2.0,0.0,1.0,17.0,3.0,2.0,0.0,2.0,0.0,2.0,1.0,0.0,2.0,0.0,2.0,6.0,0.0,0.0,3.0,0.0,0.0,0.0,0.0,5.0,1.0,3.0,2.0,12.0,1.0,2.0,1.0,0.0,1.0,49.0,0.0,1.0,45.0,7.0,0.0,2.0,0.0,0.0,1.0,8.0,1.0,3.0,6.0,13.0,3.0,2.0,2.0,0.0,6.0,0.0,1.0,1.0,1.0,4.0,4.0,0.0,12.0,9.0,10.0,0.0,2.0,0.0,0.0,1.0,0.0
44,2724256221.0,0.0,30.0,1.0,5.0,4.0,0.0,0.0,0.0,0.0,38.0,0.0,10.0,39.0,0.0,2.0,41.0,0.0,1.0,3.0,2.0,0.0,0.0,41.0,6.0,8.0,7.0,46.0,0.0,0.0,1.0,18.0,3.0,0.0,0.0,6.0,1.0,1.0,0.0,40.0,0.0,21.0,0.0,2.0,0.0,30.0,0.0,1.0,0.0,0.0,9.0,0.0,0.0,0.0,0.0,2.0,0.0,12.0,7.0,3.0,15.0,2.0,1.0,0.0,0.0,0.0,0.0,0.0,32.0,4.0,0.0,5.0,0.0,0.0,1.0,40.0,2.0,2.0,19.0,38.0,0.0,2.0,0.0,9.0,8.0,0.0,23.0,16.0,0.0,0.0,14.0,0.0,3.0,1.0,17.0,0.0,0.0,0.0,0.0,22.0,0.0
45,2751503382.0,0.0,47.0,0.0,2.0,0.0,0.0,0.0,0.0,0.0,37.0,1.0,9.0,37.0,0.0,0.0,46.0,0.0,8.0,1.0,1.0,0.0,0.0,52.0,5.0,6.0,6.0,49.0,0.0,1.0,2.0,14.0,2.0,0.0,0.0,2.0,0.0,1.0,1.0,41.0,0.0,18.0,0.0,0.0,30.0,0.0,0.0,6.0,14.0,13.0,6.0,0.0,0.0,0.0,0.0,3.0,0.0,11.0,14.0,3.0,14.0,3.0,0.0,0.0,0.0,15.0,2.0,30.0,70.0,0.0,0.0,5.0,1.0,3.0,0.0,45.0,1.0,2.0,20.0,51.0,2.0,6.0,0.0,10.0,8.0,6.0,24.0,17.0,1.0,1.0,13.0,0.0,20.0,2.0,23.0,1.0,3.0,0.0,0.0,24.0,0.0
46,277853303.0,0.0,0.0,0.0,0.0,0.0,0.0,0.0,0.0,0.0,0.0,0.0,0.0,0.0,0.0,0.0,2.0,0.0,1.0,0.0,0.0,0.0,0.0,0.0,0.0,0.0,2.0,0.0,0.0,0.0,0.0,0.0,0.0,0.0,0.0,0.0,0.0,0.0,0.0,0.0,0.0,0.0,0.0,2.0,0.0,0.0,0.0,1.0,0.0,0.0,0.0,0.0,0.0,0.0,1.0,0.0,1.0,0.0,0.0,0.0,0.0,0.0,0.0,0.0,0.0,2.0,0.0,1.0,1.0,1.0,2.0,0.0,0.0,1.0,0.0,0.0,0.0,0.0,0.0,0.0,0.0,2.0,0.0,0.0,0.0,1.0,0.0,0.0,0.0,0.0,0.0,0.0,0.0,8.0,0.0,2.0,0.0,0.0,0.0,0.0,0.0
47,285503465.0,18.0,1.0,0.0,0.0,3.0,0.0,0.0,6.0,0.0,2.0,0.0,2.0,3.0,0.0,0.0,1.0,0.0,4.0,0.0,1.0,0.0,0.0,2.0,0.0,0.0,9.0,3.0,0.0,2.0,19.0,1.0,0.0,0.0,0.0,4.0,6.0,0.0,0.0,0.0,0.0,0.0,0.0,6.0,1.0,6.0,1.0,0.0,1.0,0.0,2.0,0.0,0.0,0.0,0.0,0.0,0.0,2.0,1.0,5.0,0.0,1.0,1.0,3.0,1.0,7.0,0.0,1.0,12.0,1.0,0.0,0.0,0.0,0.0,1.0,1.0,0.0,0.0,1.0,5.0,3.0,3.0,0.0,0.0,2.0,1.0,1.0,0.0,0.0,2.0,2.0,0.0,6.0,0.0,2.0,0.0,1.0,0.0,0.0,1.0,9.0
48,286069515.0,0.0,0.0,0.0,0.0,0.0,0.0,0.0,0.0,0.0,8.0,0.0,0.0,0.0,0.0,0.0,0.0,0.0,2.0,0.0,0.0,0.0,0.0,0.0,0.0,0.0,0.0,0.0,0.0,0.0,0.0,0.0,0.0,1.0,0.0,0.0,0.0,0.0,2.0,0.0,0.0,0.0,0.0,0.0,0.0,14.0,0.0,1.0,0.0,9.0,1.0,0.0,0.0,0.0,0.0,0.0,0.0,0.0,0.0,0.0,0.0,0.0,0.0,0.0,0.0,2.0,9.0,2.0,2.0,1.0,0.0,0.0,0.0,3.0,3.0,3.0,0.0,0.0,0.0,1.0,0.0,0.0,0.0,0.0,1.0,16.0,0.0,0.0,0.0,4.0,0.0,0.0,0.0,0.0,1.0,0.0,0.0,0.0,0.0,1.0,0.0
49,286625089.0,0.0,0.0,0.0,0.0,0.0,0.0,0.0,0.0,0.0,2.0,0.0,0.0,0.0,0.0,0.0,0.0,0.0,0.0,0.0,0.0,0.0,0.0,0.0,0.0,0.0,0.0,0.0,0.0,0.0,0.0,0.0,0.0,0.0,0.0,0.0,0.0,0.0,1.0,0.0,0.0,0.0,0.0,0.0,0.0,13.0,0.0,0.0,9.0,0.0,0.0,0.0,0.0,0.0,0.0,0.0,0.0,0.0,0.0,0.0,0.0,0.0,0.0,0.0,0.0,0.0,2.0,2.0,4.0,0.0,0.0,0.0,0.0,4.0,0.0,3.0,0.0,0.0,0.0,0.0,0.0,0.0,0.0,0.0,0.0,51.0,0.0,0.0,0.0,1.0,0.0,0.0,1.0,0.0,0.0,0.0,0.0,0.0,0.0,0.0,0.0
50,2870116652.0,1.0,9.0,1.0,2.0,4.0,0.0,0.0,0.0,0.0,9.0,0.0,3.0,7.0,0.0,0.0,7.0,0.0,2.0,1.0,0.0,0.0,0.0,12.0,3.0,4.0,4.0,9.0,0.0,1.0,0.0,8.0,0.0,0.0,0.0,4.0,1.0,1.0,0.0,5.0,0.0,8.0,0.0,3.0,9.0,6.0,0.0,2.0,1.0,0.0,0.0,0.0,0.0,0.0,0.0,0.0,0.0,6.0,2.0,5.0,6.0,2.0,1.0,0.0,0.0,4.0,0.0,0.0,10.0,2.0,0.0,4.0,0.0,0.0,0.0,8.0,0.0,4.0,7.0,13.0,1.0,0.0,0.0,0.0,2.0,0.0,8.0,5.0,0.0,0.0,7.0,0.0,3.0,1.0,8.0,0.0,1.0,0.0,0.0,4.0,0.0
51,287034757.0,1.0,2.0,3.0,0.0,0.0,1.0,3.0,0.0,0.0,0.0,1.0,1.0,0.0,0.0,0.0,0.0,0.0,15.0,0.0,0.0,2.0,0.0,1.0,0.0,0.0,0.0,0.0,1.0,0.0,1.0,0.0,0.0,0.0,0.0,18.0,1.0,1.0,1.0,1.0,1.0,0.0,0.0,0.0,0.0,0.0,0.0,0.0,0.0,0.0,0.0,0.0,0.0,1.0,2.0,1.0,0.0,0.0,1.0,0.0,1.0,0.0,1.0,0.0,0.0,1.0,0.0,0.0,0.0,1.0,1.0,0.0,0.0,0.0,0.0,1.0,0.0,0.0,0.0,1.0,0.0,1.0,1.0,0.0,0.0,0.0,0.0,1.0,0.0,0.0,0.0,0.0,1.0,1.0,1.0,0.0,0.0,0.0,0.0,1.0,0.0
52,287063399.0,0.0,0.0,0.0,0.0,0.0,0.0,0.0,0.0,0.0,0.0,0.0,0.0,0.0,0.0,0.0,0.0,0.0,0.0,0.0,0.0,0.0,0.0,0.0,0.0,0.0,0.0,1.0,0.0,0.0,0.0,0.0,0.0,0.0,0.0,0.0,0.0,0.0,0.0,0.0,0.0,0.0,0.0,0.0,0.0,0.0,0.0,0.0,0.0,0.0,0.0,0.0,0.0,0.0,0.0,0.0,0.0,0.0,0.0,0.0,0.0,0.0,0.0,0.0,0.0,0.0,0.0,0.0,0.0,0.0,0.0,0.0,0.0,0.0,0.0,0.0,0.0,0.0,0.0,0.0,0.0,0.0,0.0,0.0,0.0,0.0,0.0,0.0,0.0,0.0,0.0,0.0,0.0,0.0,0.0,0.0,0.0,0.0,0.0,0.0,0.0
53,2925115800.0,1.0,2.0,1.0,0.0,0.0,1.0,0.0,0.0,0.0,1.0,1.0,1.0,0.0,0.0,0.0,0.0,0.0,1.0,0.0,0.0,1.0,0.0,1.0,0.0,0.0,1.0,0.0,1.0,0.0,1.0,0.0,0.0,0.0,0.0,0.0,1.0,1.0,1.0,1.0,2.0,0.0,0.0,0.0,0.0,0.0,0.0,0.0,0.0,0.0,0.0,1.0,0.0,0.0,1.0,1.0,0.0,0.0,1.0,1.0,1.0,0.0,1.0,0.0,0.0,1.0,0.0,0.0,0.0,1.0,1.0,1.0,0.0,0.0,0.0,0.0,0.0,0.0,0.0,2.0,0.0,1.0,1.0,0.0,0.0,0.0,0.0,1.0,0.0,0.0,0.0,0.0,2.0,1.0,1.0,0.0,0.0,0.0,0.0,1.0,0.0
54,3002882886.0,1.0,2.0,1.0,0.0,1.0,1.0,0.0,0.0,0.0,1.0,1.0,2.0,1.0,0.0,0.0,0.0,0.0,1.0,0.0,0.0,1.0,0.0,2.0,0.0,0.0,0.0,1.0,1.0,0.0,2.0,0.0,1.0,0.0,0.0,1.0,1.0,1.0,1.0,1.0,2.0,0.0,0.0,0.0,0.0,0.0,1.0,0.0,0.0,0.0,0.0,2.0,0.0,1.0,0.0,1.0,0.0,1.0,1.0,1.0,1.0,0.0,1.0,0.0,0.0,1.0,0.0,0.0,3.0,1.0,10.0,0.0,0.0,1.0,0.0,0.0,1.0,0.0,0.0,1.0,0.0,1.0,1.0,0.0,0.0,0.0,0.0,1.0,0.0,0.0,0.0,0.0,1.0,7.0,2.0,0.0,0.0,0.0,0.0,1.0,0.0
55,3062430962.0,1.0,4.0,2.0,0.0,0.0,1.0,0.0,0.0,0.0,3.0,5.0,1.0,3.0,0.0,0.0,3.0,0.0,2.0,0.0,0.0,1.0,0.0,10.0,0.0,0.0,10.0,0.0,2.0,0.0,2.0,6.0,0.0,0.0,0.0,0.0,1.0,1.0,1.0,1.0,1.0,1.0,0.0,5.0,2.0,3.0,0.0,0.0,0.0,0.0,0.0,1.0,0.0,1.0,1.0,0.0,1.0,1.0,1.0,2.0,1.0,0.0,1.0,0.0,2.0,5.0,0.0,1.0,9.0,1.0,1.0,1.0,0.0,0.0,0.0,6.0,1.0,1.0,4.0,8.0,1.0,1.0,1.0,0.0,2.0,0.0,4.0,8.0,0.0,1.0,4.0,0.0,4.0,7.0,9.0,0.0,1.0,0.0,0.0,2.0,0.0
56,3075930266.0,0.0,0.0,0.0,0.0,0.0,0.0,0.0,0.0,0.0,0.0,1.0,0.0,0.0,0.0,0.0,0.0,0.0,0.0,0.0,0.0,0.0,0.0,0.0,0.0,0.0,1.0,0.0,0.0,0.0,0.0,0.0,0.0,0.0,0.0,3.0,0.0,2.0,0.0,0.0,0.0,0.0,0.0,1.0,0.0,0.0,1.0,0.0,0.0,0.0,0.0,0.0,0.0,0.0,0.0,1.0,0.0,0.0,0.0,0.0,0.0,0.0,0.0,0.0,0.0,1.0,0.0,2.0,5.0,0.0,0.0,0.0,0.0,0.0,0.0,0.0,0.0,0.0,0.0,0.0,0.0,0.0,0.0,0.0,0.0,0.0,0.0,0.0,0.0,0.0,0.0,0.0,0.0,2.0,0.0,0.0,0.0,0.0,0.0,0.0,0.0
57,3163784732.0,1.0,29.0,1.0,5.0,3.0,0.0,0.0,0.0,0.0,23.0,0.0,9.0,27.0,0.0,0.0,21.0,0.0,3.0,1.0,3.0,0.0,0.0,27.0,6.0,21.0,16.0,29.0,1.0,1.0,6.0,14.0,5.0,0.0,1.0,6.0,0.0,0.0,0.0,23.0,2.0,11.0,0.0,3.0,12.0,11.0,0.0,2.0,0.0,0.0,6.0,0.0,0.0,0.0,1.0,1.0,0.0,0.0,13.0,5.0,12.0,3.0,1.0,0.0,1.0,5.0,0.0,0.0,45.0,3.0,0.0,6.0,0.0,0.0,1.0,27.0,2.0,2.0,21.0,24.0,5.0,0.0,0.0,4.0,8.0,0.0,21.0,19.0,0.0,3.0,12.0,0.0,11.0,1.0,21.0,0.0,2.0,0.0,0.0,23.0,0.0
58,327403263.0,4.0,42.0,9.0,1.0,24.0,1.0,0.0,0.0,1.0,44.0,7.0,24.0,24.0,0.0,0.0,25.0,1.0,2.0,3.0,1.0,1.0,0.0,34.0,4.0,9.0,25.0,29.0,2.0,1.0,17.0,20.0,4.0,0.0,0.0,15.0,4.0,6.0,5.0,44.0,1.0,11.0,2.0,2.0,7.0,14.0,0.0,1.0,0.0,0.0,2.0,1.0,0.0,1.0,1.0,1.0,0.0,13.0,0.0,7.0,10.0,1.0,2.0,1.0,0.0,4.0,0.0,9.0,58.0,3.0,1.0,1.0,0.0,0.0,0.0,37.0,9.0,1.0,14.0,32.0,3.0,7.0,1.0,8.0,8.0,0.0,9.0,8.0,1.0,1.0,8.0,0.0,17.0,4.0,20.0,0.0,2.0,1.0,0.0,28.0,1.0
59,3304363992.0,5.0,19.0,4.0,0.0,16.0,0.0,1.0,0.0,0.0,16.0,0.0,8.0,14.0,0.0,0.0,0.0,2.0,9.0,6.0,1.0,0.0,0.0,15.0,1.0,0.0,15.0,9.0,1.0,3.0,9.0,6.0,2.0,0.0,0.0,14.0,3.0,7.0,1.0,10.0,8.0,1.0,3.0,12.0,3.0,3.0,0.0,5.0,0.0,0.0,5.0,0.0,0.0,1.0,1.0,2.0,0.0,5.0,7.0,0.0,1.0,2.0,1.0,0.0,2.0,16.0,0.0,0.0,30.0,8.0,1.0,6.0,1.0,0.0,3.0,12.0,6.0,5.0,7.0,20.0,4.0,1.0,0.0,1.0,3.0,0.0,2.0,1.0,1.0,4.0,5.0,0.0,28.0,5.0,12.0,0.0,5.0,0.0,0.0,5.0,0.0
60,340370057.0,1.0,39.0,2.0,2.0,2.0,1.0,0.0,0.0,0.0,24.0,3.0,11.0,40.0,0.0,0.0,19.0,0.0,3.0,1.0,1.0,5.0,0.0,33.0,5.0,15.0,13.0,25.0,1.0,1.0,1.0,17.0,2.0,0.0,0.0,1.0,2.0,3.0,1.0,25.0,1.0,13.0,0.0,1.0,15.0,14.0,0.0,0.0,0.0,0.0,6.0,1.0,0.0,1.0,1.0,1.0,0.0,12.0,10.0,1.0,0.0,1.0,2.0,0.0,0.0,1.0,0.0,9.0,29.0,2.0,1.0,4.0,0.0,0.0,0.0,29.0,1.0,2.0,19.0,38.0,1.0,3.0,1.0,8.0,10.0,0.0,13.0,14.0,0.0,0.0,11.0,0.0,13.0,2.0,26.0,0.0,1.0,0.0,0.0,16.0,0.0
61,360509494.0,1.0,2.0,0.0,2.0,1.0,0.0,0.0,0.0,0.0,3.0,0.0,1.0,4.0,0.0,0.0,2.0,0.0,2.0,0.0,2.0,0.0,0.0,5.0,1.0,0.0,2.0,2.0,0.0,1.0,1.0,5.0,0.0,0.0,0.0,1.0,0.0,0.0,0.0,2.0,0.0,2.0,0.0,2.0,2.0,3.0,0.0,1.0,0.0,0.0,2.0,0.0,0.0,0.0,0.0,0.0,0.0,3.0,1.0,2.0,1.0,0.0,0.0,0.0,0.0,2.0,0.0,0.0,7.0,1.0,0.0,2.0,0.0,0.0,0.0,4.0,0.0,1.0,3.0,5.0,1.0,0.0,0.0,0.0,2.0,0.0,3.0,3.0,0.0,2.0,4.0,0.0,2.0,0.0,4.0,0.0,2.0,0.0,0.0,3.0,0.0
62,361581716.0,2.0,5.0,2.0,0.0,4.0,1.0,0.0,0.0,0.0,12.0,1.0,8.0,4.0,0.0,0.0,0.0,0.0,2.0,1.0,0.0,2.0,0.0,3.0,0.0,0.0,2.0,1.0,5.0,10.0,2.0,0.0,0.0,0.0,0.0,4.0,3.0,3.0,2.0,2.0,1.0,1.0,0.0,1.0,1.0,0.0,0.0,1.0,0.0,0.0,1.0,1.0,0.0,1.0,1.0,1.0,0.0,1.0,2.0,1.0,2.0,0.0,0.0,0.0,0.0,2.0,0.0,0.0,14.0,4.0,1.0,2.0,0.0,0.0,0.0,2.0,0.0,2.0,1.0,4.0,3.0,8.0,1.0,1.0,2.0,1.0,1.0,1.0,0.0,2.0,2.0,0.0,2.0,4.0,3.0,0.0,0.0,0.0,0.0,1.0,0.0
63,361921060.0,0.0,1.0,0.0,0.0,1.0,0.0,0.0,1.0,0.0,1.0,0.0,0.0,1.0,0.0,0.0,0.0,0.0,0.0,0.0,0.0,0.0,0.0,1.0,0.0,0.0,0.0,0.0,0.0,0.0,2.0,0.0,0.0,0.0,0.0,1.0,1.0,1.0,0.0,1.0,0.0,0.0,0.0,0.0,0.0,0.0,0.0,3.0,0.0,0.0,0.0,0.0,0.0,0.0,0.0,0.0,0.0,0.0,1.0,0.0,0.0,0.0,0.0,0.0,0.0,0.0,0.0,0.0,1.0,1.0,0.0,0.0,0.0,0.0,0.0,1.0,0.0,0.0,1.0,1.0,0.0,0.0,0.0,0.0,0.0,0.0,0.0,0.0,0.0,0.0,0.0,0.0,0.0,1.0,1.0,0.0,0.0,0.0,0.0,0.0,0.0
64,378774444.0,0.0,1.0,1.0,0.0,0.0,0.0,0.0,0.0,0.0,0.0,7.0,0.0,1.0,0.0,0.0,0.0,0.0,1.0,0.0,0.0,0.0,1.0,1.0,0.0,0.0,1.0,1.0,1.0,0.0,1.0,0.0,0.0,0.0,0.0,0.0,0.0,0.0,0.0,0.0,0.0,0.0,0.0,1.0,0.0,0.0,0.0,1.0,0.0,0.0,0.0,0.0,0.0,0.0,0.0,2.0,0.0,1.0,0.0,2.0,0.0,0.0,0.0,0.0,0.0,1.0,0.0,1.0,5.0,2.0,0.0,1.0,0.0,0.0,0.0,1.0,1.0,1.0,0.0,1.0,0.0,0.0,0.0,0.0,1.0,0.0,0.0,1.0,1.0,1.0,0.0,0.0,4.0,0.0,1.0,0.0,1.0,0.0,0.0,1.0,0.0
65,389917334.0,7.0,21.0,3.0,0.0,9.0,1.0,0.0,0.0,2.0,10.0,5.0,5.0,7.0,0.0,2.0,3.0,0.0,35.0,4.0,1.0,1.0,0.0,26.0,0.0,0.0,24.0,0.0,3.0,7.0,14.0,0.0,0.0,2.0,0.0,18.0,2.0,2.0,1.0,1.0,2.0,0.0,2.0,49.0,0.0,15.0,2.0,7.0,2.0,0.0,4.0,1.0,0.0,1.0,1.0,5.0,1.0,5.0,4.0,16.0,1.0,2.0,2.0,0.0,1.0,0.0,0.0,0.0,60.0,5.0,1.0,4.0,0.0,0.0,0.0,8.0,1.0,7.0,4.0,29.0,9.0,7.0,4.0,0.0,7.0,0.0,1.0,5.0,1.0,8.0,8.0,2.0,55.0,14.0,7.0,0.0,13.0,0.0,0.0,7.0,0.0
66,391468084.0,0.0,0.0,0.0,0.0,0.0,0.0,0.0,0.0,0.0,2.0,0.0,0.0,0.0,0.0,0.0,0.0,0.0,0.0,0.0,0.0,0.0,0.0,0.0,0.0,0.0,0.0,0.0,0.0,0.0,0.0,0.0,0.0,1.0,0.0,0.0,0.0,0.0,1.0,0.0,0.0,0.0,0.0,0.0,0.0,2.0,0.0,0.0,9.0,2.0,0.0,0.0,0.0,0.0,0.0,0.0,0.0,0.0,0.0,0.0,0.0,0.0,0.0,0.0,0.0,0.0,0.0,0.0,0.0,0.0,0.0,0.0,0.0,0.0,0.0,1.0,0.0,0.0,0.0,0.0,0.0,1.0,0.0,0.0,0.0,3.0,0.0,0.0,0.0,1.0,0.0,0.0,0.0,0.0,0.0,0.0,0.0,0.0,0.0,0.0,0.0
67,3918457997.0,0.0,1.0,0.0,0.0,0.0,0.0,0.0,0.0,0.0,0.0,1.0,0.0,0.0,0.0,0.0,0.0,0.0,2.0,0.0,0.0,0.0,0.0,0.0,0.0,0.0,18.0,0.0,0.0,4.0,1.0,0.0,0.0,0.0,0.0,0.0,2.0,0.0,0.0,0.0,0.0,0.0,0.0,1.0,0.0,30.0,1.0,1.0,2.0,2.0,0.0,0.0,0.0,0.0,0.0,1.0,2.0,0.0,9.0,0.0,9.0,0.0,0.0,0.0,1.0,0.0,0.0,0.0,88.0,1.0,0.0,0.0,0.0,0.0,0.0,0.0,0.0,0.0,0.0,0.0,0.0,1.0,0.0,0.0,0.0,0.0,1.0,0.0,1.0,0.0,0.0,0.0,1.0,4.0,3.0,0.0,9.0,0.0,0.0,2.0,0.0
68,39208560.0,14.0,121.0,9.0,5.0,108.0,1.0,0.0,1.0,23.0,168.0,11.0,50.0,105.0,0.0,0.0,96.0,6.0,52.0,8.0,11.0,4.0,0.0,158.0,3.0,39.0,74.0,94.0,4.0,24.0,44.0,74.0,7.0,1.0,3.0,84.0,14.0,29.0,1.0,96.0,1.0,31.0,4.0,45.0,32.0,70.0,1.0,12.0,2.0,4.0,10.0,0.0,0.0,0.0,3.0,9.0,5.0,45.0,58.0,30.0,29.0,7.0,14.0,1.0,5.0,60.0,0.0,88.0,0.0,32.0,4.0,12.0,4.0,0.0,4.0,134.0,18.0,16.0,61.0,154.0,21.0,13.0,20.0,27.0,14.0,0.0,58.0,57.0,5.0,5.0,39.0,2.0,98.0,23.0,102.0,1.0,25.0,0.0,0.0,56.0,3.0
69,40701166.0,3.0,6.0,2.0,0.0,13.0,1.0,0.0,0.0,0.0,15.0,1.0,5.0,10.0,0.0,0.0,1.0,0.0,6.0,2.0,1.0,2.0,0.0,9.0,1.0,0.0,5.0,9.0,2.0,2.0,7.0,5.0,0.0,0.0,0.0,9.0,4.0,6.0,3.0,2.0,1.0,3.0,1.0,7.0,4.0,0.0,1.0,1.0,1.0,0.0,2.0,1.0,0.0,1.0,1.0,1.0,0.0,3.0,3.0,8.0,2.0,1.0,4.0,1.0,2.0,5.0,0.0,1.0,32.0,0.0,1.0,4.0,2.0,0.0,1.0,8.0,0.0,2.0,5.0,10.0,2.0,1.0,3.0,1.0,3.0,0.0,1.0,2.0,2.0,7.0,2.0,0.0,6.0,5.0,12.0,0.0,1.0,0.0,0.0,3.0,0.0
70,408211111.0,1.0,1.0,1.0,0.0,0.0,1.0,0.0,0.0,0.0,0.0,1.0,1.0,0.0,0.0,0.0,0.0,0.0,2.0,1.0,0.0,1.0,0.0,2.0,0.0,0.0,1.0,0.0,1.0,0.0,1.0,0.0,0.0,0.0,0.0,0.0,1.0,1.0,1.0,0.0,2.0,0.0,0.0,0.0,0.0,0.0,2.0,0.0,0.0,0.0,0.0,1.0,0.0,1.0,10.0,1.0,0.0,0.0,1.0,1.0,1.0,0.0,1.0,0.0,0.0,1.0,0.0,0.0,4.0,1.0,0.0,0.0,0.0,0.0,0.0,0.0,0.0,0.0,0.0,2.0,0.0,1.0,1.0,0.0,0.0,0.0,0.0,1.0,0.0,0.0,0.0,0.0,3.0,3.0,1.0,0.0,1.0,0.0,0.0,1.0,0.0
71,4110572473.0,0.0,12.0,2.0,1.0,3.0,0.0,0.0,0.0,0.0,8.0,0.0,5.0,10.0,0.0,0.0,4.0,0.0,4.0,1.0,1.0,0.0,0.0,9.0,4.0,1.0,8.0,7.0,1.0,0.0,3.0,4.0,1.0,0.0,0.0,2.0,1.0,1.0,1.0,8.0,1.0,4.0,0.0,2.0,5.0,5.0,0.0,0.0,0.0,0.0,4.0,0.0,0.0,1.0,0.0,1.0,0.0,6.0,1.0,6.0,4.0,2.0,2.0,0.0,1.0,4.0,0.0,0.0,12.0,4.0,0.0,0.0,1.0,0.0,0.0,9.0,2.0,4.0,9.0,19.0,0.0,1.0,0.0,1.0,3.0,0.0,6.0,5.0,1.0,2.0,5.0,0.0,10.0,2.0,5.0,0.0,2.0,0.0,0.0,11.0,0.0
72,433480776.0,0.0,1.0,0.0,0.0,2.0,0.0,0.0,0.0,0.0,2.0,0.0,0.0,1.0,0.0,0.0,0.0,0.0,1.0,0.0,0.0,1.0,0.0,1.0,1.0,0.0,1.0,1.0,0.0,0.0,1.0,2.0,0.0,0.0,0.0,0.0,0.0,0.0,3.0,0.0,0.0,0.0,0.0,0.0,0.0,1.0,0.0,0.0,0.0,0.0,0.0,0.0,0.0,0.0,0.0,0.0,0.0,0.0,0.0,1.0,0.0,0.0,0.0,0.0,0.0,0.0,0.0,0.0,4.0,2.0,0.0,1.0,0.0,0.0,0.0,2.0,0.0,0.0,0.0,1.0,0.0,0.0,0.0,0.0,1.0,0.0,0.0,0.0,6.0,0.0,0.0,0.0,1.0,1.0,3.0,0.0,1.0,0.0,0.0,1.0,0.0
73,439912281.0,0.0,0.0,0.0,0.0,1.0,0.0,1.0,0.0,0.0,0.0,0.0,0.0,0.0,0.0,0.0,0.0,0.0,0.0,0.0,0.0,0.0,0.0,0.0,0.0,0.0,0.0,0.0,0.0,0.0,0.0,0.0,0.0,0.0,0.0,0.0,0.0,0.0,0.0,0.0,0.0,0.0,0.0,0.0,0.0,3.0,1.0,0.0,3.0,4.0,0.0,0.0,0.0,0.0,1.0,0.0,0.0,0.0,0.0,0.0,0.0,0.0,0.0,0.0,0.0,0.0,0.0,0.0,0.0,0.0,0.0,0.0,0.0,0.0,0.0,0.0,0.0,0.0,0.0,0.0,0.0,0.0,0.0,0.0,0.0,2.0,0.0,0.0,0.0,0.0,0.0,0.0,0.0,1.0,0.0,0.0,0.0,0.0,0.0,0.0,0.0
74,450746478.0,0.0,1.0,0.0,0.0,2.0,0.0,0.0,0.0,0.0,4.0,0.0,0.0,1.0,0.0,0.0,0.0,0.0,0.0,1.0,0.0,0.0,0.0,1.0,0.0,0.0,0.0,1.0,0.0,0.0,0.0,2.0,0.0,0.0,0.0,2.0,0.0,1.0,0.0,0.0,0.0,0.0,0.0,1.0,1.0,0.0,0.0,1.0,3.0,0.0,0.0,0.0,0.0,0.0,0.0,0.0,0.0,1.0,0.0,3.0,0.0,0.0,0.0,0.0,0.0,0.0,0.0,0.0,4.0,1.0,0.0,0.0,0.0,0.0,0.0,3.0,0.0,0.0,0.0,0.0,1.0,0.0,0.0,2.0,0.0,3.0,1.0,0.0,0.0,0.0,4.0,0.0,4.0,0.0,1.0,0.0,0.0,0.0,0.0,0.0,0.0
75,458287314.0,4.0,89.0,2.0,7.0,20.0,0.0,0.0,1.0,0.0,94.0,1.0,19.0,89.0,0.0,0.0,91.0,1.0,7.0,4.0,4.0,1.0,0.0,106.0,9.0,19.0,24.0,85.0,2.0,1.0,10.0,54.0,6.0,0.0,0.0,18.0,4.0,9.0,3.0,81.0,1.0,34.0,1.0,8.0,40.0,45.0,0.0,1.0,3.0,3.0,8.0,1.0,0.0,0.0,0.0,6.0,0.0,27.0,37.0,12.0,29.0,4.0,2.0,1.0,1.0,8.0,1.0,0.0,134.0,8.0,0.0,9.0,2.0,0.0,3.0,0.0,11.0,5.0,42.0,105.0,3.0,3.0,1.0,17.0,16.0,3.0,75.0,41.0,4.0,4.0,31.0,0.0,27.0,4.0,58.0,0.0,1.0,0.0,0.0,47.0,0.0
76,4594710625.0,1.0,9.0,1.0,0.0,10.0,0.0,0.0,0.0,0.0,12.0,0.0,5.0,6.0,0.0,0.0,1.0,1.0,1.0,0.0,0.0,0.0,0.0,12.0,0.0,0.0,3.0,3.0,1.0,0.0,10.0,3.0,2.0,0.0,0.0,9.0,3.0,4.0,0.0,11.0,1.0,1.0,2.0,1.0,2.0,1.0,0.0,0.0,0.0,0.0,0.0,0.0,0.0,0.0,1.0,1.0,0.0,2.0,9.0,6.0,1.0,0.0,0.0,0.0,1.0,1.0,0.0,0.0,18.0,0.0,0.0,2.0,0.0,0.0,0.0,11.0,0.0,1.0,7.0,8.0,0.0,1.0,0.0,0.0,0.0,0.0,1.0,2.0,0.0,1.0,0.0,0.0,8.0,2.0,6.0,0.0,1.0,0.0,0.0,4.0,0.0
77,475112636.0,1.0,6.0,2.0,0.0,7.0,0.0,0.0,0.0,3.0,10.0,0.0,6.0,5.0,0.0,0.0,1.0,0.0,3.0,1.0,0.0,0.0,0.0,11.0,1.0,1.0,5.0,2.0,1.0,2.0,1.0,1.0,0.0,0.0,0.0,3.0,4.0,2.0,0.0,2.0,0.0,2.0,0.0,3.0,2.0,2.0,0.0,0.0,0.0,0.0,4.0,0.0,0.0,0.0,0.0,1.0,0.0,2.0,1.0,5.0,2.0,1.0,2.0,0.0,1.0,7.0,0.0,0.0,16.0,2.0,0.0,4.0,0.0,0.0,0.0,5.0,1.0,0.0,3.0,9.0,0.0,0.0,2.0,1.0,2.0,0.0,2.0,6.0,0.0,3.0,3.0,0.0,5.0,1.0,6.0,0.0,3.0,0.0,0.0,3.0,0.0
78,4803870258.0,4.0,31.0,2.0,6.0,15.0,0.0,0.0,0.0,1.0,50.0,0.0,15.0,42.0,0.0,0.0,29.0,1.0,2.0,1.0,3.0,0.0,0.0,67.0,9.0,18.0,26.0,31.0,0.0,2.0,7.0,34.0,4.0,0.0,0.0,19.0,3.0,8.0,0.0,30.0,0.0,17.0,2.0,6.0,19.0,20.0,0.0,1.0,0.0,0.0,7.0,0.0,0.0,0.0,0.0,4.0,0.0,21.0,14.0,7.0,19.0,3.0,1.0,1.0,0.0,4.0,0.0,0.0,61.0,5.0,0.0,9.0,0.0,0.0,0.0,42.0,7.0,3.0,0.0,54.0,3.0,1.0,2.0,8.0,14.0,0.0,36.0,31.0,0.0,0.0,20.0,0.0,11.0,3.0,43.0,0.0,0.0,0.0,0.0,17.0,0.0
79,495062063.0,10.0,133.0,4.0,11.0,25.0,1.0,0.0,1.0,0.0,97.0,4.0,26.0,118.0,0.0,0.0,88.0,3.0,19.0,5.0,5.0,6.0,0.0,135.0,8.0,24.0,47.0,92.0,3.0,6.0,23.0,50.0,7.0,0.0,0.0,25.0,5.0,13.0,2.0,96.0,4.0,36.0,3.0,13.0,38.0,51.0,0.0,5.0,1.0,0.0,13.0,1.0,0.0,2.0,1.0,8.0,0.0,24.0,32.0,20.0,38.0,5.0,4.0,1.0,1.0,29.0,0.0,0.0,154.0,10.0,2.0,19.0,1.0,0.0,0.0,105.0,8.0,9.0,54.0,0.0,18.0,5.0,1.0,11.0,14.0,1.0,56.0,46.0,3.0,4.0,30.0,2.0,65.0,8.0,68.0,1.0,11.0,0.0,0.0,51.0,0.0
80,50235755.0,2.0,14.0,0.0,0.0,3.0,0.0,0.0,0.0,0.0,5.0,1.0,2.0,8.0,0.0,0.0,1.0,0.0,6.0,0.0,2.0,0.0,0.0,9.0,0.0,3.0,8.0,2.0,0.0,2.0,1.0,5.0,0.0,0.0,0.0,2.0,0.0,0.0,2.0,8.0,0.0,0.0,1.0,3.0,0.0,2.0,0.0,3.0,0.0,0.0,1.0,0.0,0.0,0.0,0.0,1.0,0.0,5.0,3.0,4.0,1.0,1.0,3.0,0.0,0.0,9.0,0.0,0.0,21.0,2.0,0.0,0.0,0.0,0.0,1.0,3.0,0.0,0.0,3.0,18.0,0.0,0.0,0.0,0.0,3.0,0.0,2.0,2.0,1.0,1.0,5.0,2.0,12.0,1.0,7.0,0.0,7.0,0.0,0.0,2.0,0.0
81,536285913.0,3.0,5.0,2.0,0.0,5.0,1.0,0.0,0.0,1.0,10.0,1.0,13.0,5.0,0.0,0.0,3.0,0.0,2.0,1.0,0.0,1.0,0.0,9.0,0.0,0.0,7.0,6.0,1.0,0.0,5.0,1.0,0.0,0.0,0.0,4.0,1.0,3.0,1.0,4.0,1.0,0.0,0.0,2.0,2.0,6.0,2.0,3.0,0.0,0.0,0.0,1.0,0.0,1.0,1.0,1.0,0.0,0.0,7.0,1.0,3.0,0.0,8.0,0.0,0.0,7.0,1.0,1.0,13.0,1.0,1.0,1.0,0.0,0.0,0.0,3.0,1.0,0.0,1.0,5.0,0.0,0.0,1.0,2.0,1.0,0.0,1.0,1.0,0.0,0.0,3.0,0.0,4.0,2.0,3.0,0.0,0.0,0.0,0.0,4.0,0.0
82,53679150.0,1.0,5.0,3.0,0.0,4.0,1.0,0.0,0.0,14.0,20.0,1.0,2.0,1.0,0.0,0.0,0.0,0.0,1.0,0.0,0.0,1.0,0.0,4.0,0.0,1.0,2.0,1.0,1.0,3.0,1.0,0.0,0.0,0.0,0.0,0.0,2.0,2.0,1.0,1.0,1.0,0.0,0.0,2.0,0.0,0.0,0.0,0.0,0.0,0.0,0.0,1.0,0.0,1.0,1.0,1.0,0.0,0.0,1.0,0.0,1.0,0.0,1.0,0.0,0.0,4.0,0.0,0.0,20.0,3.0,1.0,0.0,0.0,0.0,0.0,1.0,0.0,2.0,2.0,1.0,0.0,1.0,0.0,0.0,0.0,0.0,0.0,8.0,0.0,0.0,0.0,0.0,2.0,2.0,2.0,0.0,0.0,0.0,0.0,1.0,1.0
83,53823346.0,1.0,16.0,1.0,3.0,12.0,0.0,0.0,0.0,0.0,26.0,1.0,6.0,15.0,0.0,0.0,14.0,0.0,0.0,0.0,1.0,0.0,0.0,21.0,0.0,5.0,1.0,17.0,0.0,2.0,0.0,6.0,2.0,0.0,0.0,3.0,1.0,1.0,0.0,15.0,0.0,7.0,0.0,0.0,9.0,10.0,0.0,0.0,0.0,0.0,0.0,0.0,0.0,0.0,0.0,0.0,0.0,4.0,8.0,1.0,8.0,0.0,1.0,0.0,0.0,0.0,0.0,0.0,27.0,1.0,0.0,1.0,0.0,0.0,2.0,17.0,0.0,1.0,8.0,11.0,0.0,2.0,0.0,0.0,1.0,0.0,8.0,11.0,0.0,0.0,2.0,0.0,3.0,0.0,8.0,0.0,0.0,0.0,0.0,14.0,0.0
84,54312769.0,3.0,14.0,0.0,1.0,5.0,0.0,0.0,0.0,0.0,20.0,1.0,9.0,18.0,0.0,0.0,9.0,0.0,4.0,0.0,3.0,0.0,0.0,17.0,6.0,9.0,19.0,12.0,0.0,3.0,4.0,7.0,1.0,0.0,0.0,3.0,1.0,0.0,1.0,11.0,0.0,7.0,0.0,6.0,8.0,8.0,0.0,2.0,1.0,0.0,2.0,0.0,0.0,0.0,0.0,2.0,0.0,8.0,8.0,3.0,10.0,2.0,2.0,0.0,1.0,7.0,0.0,0.0,14.0,3.0,0.0,3.0,1.0,0.0,0.0,16.0,0.0,2.0,14.0,14.0,3.0,1.0,0.0,1.0,0.0,1.0,9.0,8.0,2.0,1.0,8.0,0.0,9.0,4.0,13.0,0.0,1.0,1.0,0.0,12.0,0.0
85,570844916.0,0.0,1.0,0.0,0.0,1.0,0.0,0.0,0.0,0.0,5.0,0.0,0.0,0.0,0.0,0.0,0.0,0.0,0.0,0.0,0.0,0.0,0.0,0.0,0.0,0.0,1.0,0.0,0.0,0.0,0.0,0.0,0.0,1.0,0.0,0.0,0.0,0.0,2.0,0.0,0.0,0.0,0.0,0.0,0.0,6.0,1.0,1.0,16.0,51.0,0.0,0.0,0.0,0.0,0.0,0.0,0.0,0.0,0.0,0.0,0.0,0.0,1.0,0.0,0.0,0.0,3.0,0.0,0.0,0.0,0.0,0.0,0.0,2.0,3.0,3.0,0.0,0.0,0.0,1.0,0.0,0.0,0.0,0.0,1.0,0.0,0.0,0.0,0.0,3.0,1.0,0.0,0.0,0.0,0.0,0.0,0.0,0.0,0.0,0.0,0.0
86,572767112.0,0.0,31.0,1.0,6.0,1.0,0.0,0.0,0.0,0.0,41.0,0.0,9.0,40.0,0.0,0.0,55.0,0.0,2.0,1.0,0.0,0.0,0.0,53.0,7.0,21.0,14.0,32.0,0.0,0.0,0.0,46.0,4.0,0.0,2.0,1.0,1.0,1.0,0.0,25.0,0.0,22.0,0.0,1.0,23.0,24.0,0.0,1.0,0.0,0.0,8.0,0.0,0.0,0.0,0.0,4.0,0.0,21.0,9.0,2.0,13.0,3.0,1.0,0.0,0.0,1.0,0.0,1.0,58.0,1.0,0.0,6.0,0.0,0.0,1.0,75.0,1.0,2.0,36.0,56.0,2.0,1.0,0.0,8.0,9.0,0.0,0.0,38.0,1.0,0.0,24.0,0.0,6.0,1.0,33.0,0.0,0.0,0.0,0.0,20.0,0.0
87,623497584.0,1.0,31.0,2.0,9.0,3.0,1.0,0.0,0.0,6.0,47.0,1.0,14.0,36.0,0.0,0.0,37.0,0.0,2.0,0.0,4.0,1.0,0.0,54.0,4.0,23.0,15.0,33.0,2.0,1.0,2.0,37.0,4.0,0.0,2.0,0.0,2.0,2.0,1.0,33.0,1.0,19.0,0.0,1.0,16.0,17.0,0.0,0.0,0.0,0.0,5.0,1.0,0.0,1.0,1.0,8.0,0.0,19.0,8.0,1.0,14.0,3.0,1.0,0.0,1.0,5.0,0.0,0.0,57.0,2.0,1.0,5.0,0.0,0.0,0.0,41.0,2.0,6.0,31.0,46.0,2.0,1.0,8.0,11.0,8.0,0.0,38.0,0.0,0.0,1.0,12.0,0.0,8.0,1.0,53.0,0.0,1.0,0.0,0.0,20.0,0.0
88,712651945.0,0.0,4.0,0.0,0.0,2.0,0.0,0.0,0.0,0.0,5.0,0.0,0.0,3.0,0.0,0.0,0.0,0.0,3.0,0.0,0.0,0.0,0.0,3.0,1.0,0.0,2.0,2.0,0.0,0.0,1.0,2.0,0.0,0.0,0.0,1.0,0.0,0.0,4.0,1.0,1.0,0.0,0.0,1.0,0.0,1.0,0.0,0.0,0.0,0.0,0.0,0.0,0.0,0.0,0.0,0.0,0.0,0.0,1.0,1.0,0.0,0.0,0.0,0.0,1.0,1.0,0.0,1.0,5.0,2.0,0.0,1.0,6.0,0.0,0.0,4.0,0.0,0.0,0.0,3.0,1.0,0.0,0.0,0.0,2.0,0.0,1.0,0.0,0.0,0.0,1.0,1.0,8.0,1.0,1.0,0.0,1.0,0.0,0.0,2.0,0.0
89,7.158586927514952e+17,1.0,2.0,1.0,0.0,0.0,0.0,0.0,0.0,0.0,8.0,0.0,1.0,2.0,0.0,0.0,0.0,0.0,5.0,0.0,1.0,0.0,0.0,3.0,0.0,0.0,2.0,0.0,2.0,1.0,3.0,0.0,0.0,0.0,0.0,1.0,0.0,0.0,7.0,0.0,0.0,0.0,0.0,4.0,0.0,1.0,0.0,2.0,4.0,1.0,0.0,0.0,0.0,0.0,0.0,1.0,0.0,3.0,1.0,4.0,0.0,2.0,2.0,0.0,1.0,8.0,1.0,0.0,5.0,7.0,0.0,2.0,0.0,0.0,0.0,4.0,1.0,3.0,0.0,4.0,1.0,0.0,0.0,0.0,1.0,3.0,0.0,1.0,0.0,0.0,1.0,0.0,7.0,0.0,1.0,0.0,4.0,0.0,0.0,3.0,0.0
90,73910595.0,0.0,25.0,2.0,3.0,8.0,0.0,0.0,0.0,0.0,28.0,1.0,11.0,26.0,0.0,0.0,26.0,0.0,5.0,3.0,2.0,0.0,0.0,25.0,5.0,8.0,16.0,20.0,0.0,0.0,0.0,31.0,1.0,0.0,0.0,3.0,1.0,1.0,1.0,15.0,0.0,17.0,1.0,4.0,14.0,13.0,0.0,2.0,0.0,0.0,7.0,0.0,0.0,0.0,0.0,4.0,0.0,12.0,8.0,5.0,11.0,4.0,2.0,0.0,0.0,8.0,0.0,0.0,39.0,2.0,0.0,5.0,0.0,0.0,4.0,31.0,0.0,3.0,20.0,30.0,5.0,3.0,0.0,2.0,8.0,1.0,24.0,12.0,1.0,1.0,0.0,2.0,11.0,2.0,23.0,0.0,4.0,0.0,0.0,14.0,0.0
91,7.450265899103928e+17,0.0,1.0,0.0,0.0,0.0,0.0,0.0,0.0,0.0,0.0,0.0,0.0,1.0,0.0,0.0,0.0,0.0,2.0,0.0,0.0,0.0,0.0,1.0,0.0,0.0,0.0,0.0,0.0,0.0,0.0,0.0,0.0,0.0,0.0,0.0,0.0,0.0,0.0,0.0,0.0,0.0,0.0,0.0,0.0,0.0,0.0,0.0,0.0,0.0,0.0,0.0,0.0,0.0,0.0,0.0,0.0,0.0,0.0,0.0,0.0,0.0,0.0,0.0,0.0,2.0,0.0,0.0,2.0,0.0,0.0,0.0,0.0,0.0,0.0,0.0,0.0,0.0,0.0,2.0,2.0,0.0,0.0,0.0,0.0,0.0,0.0,0.0,1.0,0.0,2.0,0.0,7.0,0.0,0.0,0.0,2.0,0.0,0.0,0.0,0.0
92,763474394.0,8.0,65.0,5.0,1.0,16.0,2.0,1.0,1.0,0.0,20.0,8.0,9.0,31.0,0.0,0.0,6.0,1.0,39.0,6.0,2.0,10.0,0.0,46.0,2.0,3.0,31.0,13.0,3.0,4.0,22.0,9.0,2.0,0.0,2.0,12.0,7.0,9.0,2.0,21.0,8.0,5.0,3.0,12.0,3.0,20.0,0.0,6.0,0.0,1.0,3.0,1.0,0.0,2.0,1.0,4.0,0.0,11.0,17.0,28.0,13.0,2.0,2.0,0.0,4.0,55.0,0.0,1.0,98.0,6.0,3.0,10.0,1.0,0.0,4.0,27.0,8.0,5.0,11.0,65.0,12.0,4.0,2.0,3.0,9.0,0.0,6.0,8.0,8.0,7.0,11.0,7.0,0.0,8.0,23.0,0.0,17.0,0.0,0.0,29.0,0.0
93,77123870.0,3.0,12.0,4.0,0.0,11.0,3.0,0.0,1.0,0.0,8.0,6.0,4.0,8.0,0.0,1.0,0.0,0.0,9.0,2.0,0.0,1.0,0.0,11.0,1.0,0.0,10.0,3.0,3.0,2.0,5.0,1.0,3.0,1.0,0.0,9.0,3.0,5.0,2.0,7.0,2.0,1.0,0.0,9.0,1.0,2.0,8.0,0.0,0.0,0.0,1.0,1.0,0.0,1.0,7.0,7.0,2.0,1.0,4.0,5.0,2.0,0.0,4.0,1.0,0.0,14.0,0.0,4.0,23.0,5.0,3.0,2.0,1.0,1.0,0.0,4.0,2.0,1.0,3.0,8.0,1.0,2.0,2.0,0.0,4.0,0.0,1.0,1.0,1.0,0.0,2.0,0.0,8.0,0.0,12.0,1.0,0.0,0.0,0.0,2.0,0.0
94,78079432.0,5.0,69.0,2.0,5.0,26.0,2.0,0.0,1.0,1.0,76.0,3.0,24.0,69.0,0.0,0.0,44.0,1.0,8.0,3.0,5.0,2.0,0.0,93.0,7.0,22.0,30.0,49.0,2.0,8.0,7.0,36.0,5.0,0.0,1.0,17.0,6.0,8.0,2.0,64.0,3.0,24.0,2.0,10.0,17.0,23.0,0.0,2.0,1.0,0.0,8.0,1.0,0.0,1.0,2.0,9.0,0.0,21.0,20.0,12.0,26.0,4.0,3.0,1.0,1.0,7.0,0.0,3.0,102.0,12.0,1.0,5.0,3.0,0.0,1.0,58.0,6.0,6.0,43.0,68.0,7.0,3.0,2.0,8.0,13.0,0.0,33.0,53.0,1.0,1.0,23.0,0.0,23.0,12.0,0.0,0.0,3.0,0.0,0.0,20.0,1.0
95,7.865356039616307e+17,0.0,0.0,0.0,0.0,0.0,0.0,0.0,0.0,0.0,0.0,0.0,0.0,0.0,0.0,0.0,0.0,0.0,1.0,0.0,0.0,0.0,0.0,0.0,0.0,0.0,0.0,0.0,0.0,0.0,0.0,0.0,0.0,0.0,0.0,1.0,0.0,0.0,0.0,0.0,0.0,0.0,0.0,0.0,0.0,1.0,2.0,0.0,0.0,0.0,0.0,0.0,0.0,0.0,0.0,0.0,0.0,0.0,0.0,0.0,0.0,0.0,0.0,0.0,0.0,0.0,0.0,0.0,1.0,0.0,0.0,0.0,0.0,0.0,0.0,0.0,0.0,0.0,0.0,1.0,0.0,0.0,0.0,0.0,0.0,0.0,0.0,0.0,0.0,0.0,0.0,0.0,0.0,1.0,0.0,0.0,0.0,0.0,0.0,0.0,0.0
96,80988216.0,1.0,9.0,3.0,0.0,2.0,0.0,0.0,0.0,0.0,0.0,0.0,1.0,3.0,0.0,0.0,0.0,0.0,11.0,1.0,1.0,0.0,0.0,7.0,0.0,0.0,7.0,0.0,1.0,2.0,2.0,0.0,0.0,0.0,0.0,1.0,1.0,1.0,0.0,0.0,0.0,0.0,1.0,2.0,0.0,3.0,0.0,1.0,0.0,0.0,1.0,0.0,0.0,0.0,0.0,1.0,0.0,2.0,2.0,5.0,1.0,2.0,0.0,0.0,1.0,13.0,0.0,9.0,25.0,1.0,1.0,2.0,1.0,0.0,0.0,1.0,1.0,3.0,0.0,11.0,7.0,0.0,0.0,0.0,1.0,0.0,0.0,1.0,1.0,4.0,4.0,2.0,17.0,0.0,3.0,0.0,0.0,0.0,0.0,3.0,0.0
97,8.391552581692539e+17,0.0,0.0,0.0,0.0,0.0,0.0,0.0,0.0,0.0,0.0,0.0,0.0,0.0,0.0,0.0,0.0,0.0,0.0,0.0,0.0,0.0,0.0,0.0,0.0,0.0,0.0,0.0,0.0,0.0,0.0,0.0,0.0,0.0,0.0,0.0,0.0,0.0,0.0,0.0,0.0,0.0,0.0,0.0,0.0,0.0,0.0,0.0,0.0,0.0,0.0,0.0,0.0,0.0,0.0,0.0,0.0,0.0,1.0,0.0,0.0,0.0,0.0,0.0,0.0,0.0,0.0,0.0,0.0,0.0,0.0,0.0,0.0,0.0,0.0,0.0,0.0,0.0,0.0,0.0,0.0,0.0,0.0,0.0,1.0,0.0,0.0,0.0,0.0,0.0,0.0,0.0,0.0,0.0,0.0,0.0,0.0,0.0,0.0,0.0,0.0
98,8.474743314499338e+17,0.0,0.0,0.0,0.0,0.0,0.0,0.0,0.0,0.0,0.0,0.0,0.0,0.0,0.0,0.0,0.0,0.0,0.0,0.0,0.0,0.0,0.0,0.0,0.0,0.0,0.0,0.0,0.0,0.0,0.0,0.0,0.0,0.0,0.0,0.0,0.0,0.0,0.0,0.0,0.0,0.0,0.0,0.0,0.0,0.0,0.0,0.0,0.0,0.0,0.0,0.0,0.0,0.0,0.0,0.0,0.0,0.0,0.0,0.0,0.0,0.0,0.0,0.0,0.0,0.0,0.0,0.0,0.0,0.0,0.0,0.0,0.0,0.0,0.0,0.0,0.0,0.0,0.0,0.0,0.0,0.0,0.0,0.0,0.0,0.0,0.0,0.0,0.0,0.0,0.0,0.0,0.0,0.0,0.0,0.0,0.0,0.0,0.0,0.0,0.0
99,8.52137600135594e+17,2.0,47.0,4.0,3.0,7.0,1.0,0.0,0.0,0.0,44.0,1.0,18.0,45.0,0.0,0.0,44.0,0.0,7.0,1.0,2.0,3.0,0.0,40.0,6.0,19.0,18.0,50.0,2.0,1.0,5.0,21.0,3.0,0.0,1.0,2.0,1.0,1.0,2.0,42.0,1.0,16.0,0.0,1.0,22.0,24.0,0.0,1.0,1.0,0.0,4.0,1.0,0.0,1.0,1.0,2.0,0.0,23.0,28.0,5.0,16.0,3.0,1.0,0.0,1.0,7.0,0.0,2.0,56.0,3.0,1.0,11.0,1.0,0.0,0.0,47.0,4.0,3.0,17.0,51.0,2.0,4.0,1.0,14.0,12.0,0.0,20.0,20.0,2.0,3.0,14.0,0.0,29.0,2.0,20.0,0.0,3.0,0.0,0.0,0.0,0.0
100,86367032.0,5.0,1.0,1.0,0.0,3.0,0.0,0.0,3.0,0.0,2.0,0.0,0.0,0.0,0.0,0.0,0.0,1.0,0.0,0.0,0.0,0.0,0.0,2.0,0.0,0.0,2.0,0.0,0.0,0.0,5.0,0.0,0.0,0.0,0.0,1.0,3.0,2.0,0.0,1.0,0.0,0.0,0.0,0.0,0.0,0.0,0.0,9.0,0.0,0.0,0.0,0.0,0.0,0.0,0.0,0.0,0.0,0.0,1.0,0.0,0.0,0.0,0.0,0.0,0.0,0.0,0.0,0.0,3.0,0.0,0.0,0.0,0.0,0.0,0.0,0.0,0.0,0.0,0.0,0.0,0.0,0.0,1.0,0.0,0.0,0.0,0.0,0.0,0.0,0.0,0.0,0.0,0.0,0.0,1.0,0.0,0.0,0.0,0.0,0.0,0.0
