,0,1,2,3,4,5,6,7,8,9,10,11,12,13,14,15,16,17,18,19,20,21,22,23,24,25,26,27,28,29,30,31,32,33,34,35,36,37,38,39,40,41,42,43,44,45,46,47,48,49,50,51,52,53,54,55,56,57,58,59,60,61,62,63,64,65,66,67,68,69,70,71,72,73,74,75,76,77,78,79,80,81,82,83,84,85,86,87,88,89,90,91,92,93,94,95,96,97,98,99,100,101,102,103,104,105,106,107,108,109,110,111,112,113,114
0,-1.0,101025116.0,106029646.0,108159530.0,108260950.0,11154672.0,1222981010.0,125881355.0,131663365.0,135615769.0,1371182078.0,1428723187.0,1457277780.0,14601059.0,1494676476.0,154207904.0,155500681.0,1572684776.0,15775638.0,161662833.0,164958548.0,1651092140.0,169611989.0,171523731.0,173338012.0,17815227.0,18594633.0,18711950.0,1907606924.0,1973534665.0,208580134.0,216281736.0,220513006.0,2223441113.0,22248435.0,223415493.0,236906665.0,2388956744.0,2426789514.0,2439619294.0,2470134087.0,2553817934.0,2585049200.0,26053105.0,261323160.0,26834533.0,272330166.0,2776546274.0,2844883614.0,284867370.0,286625089.0,2870116652.0,288198163.0,2927393060.0,293439622.0,295655540.0,301006322.0,3046210884.0,3051062461.0,306052324.0,3067488230.0,3071473338.0,3099593731.0,319485185.0,333948601.0,33831672.0,3389726902.0,342020125.0,349591940.0,3504852853.0,366954553.0,368798482.0,380211327.0,38457163.0,395744988.0,3980995932.0,4110572473.0,4123467793.0,43327755.0,433793763.0,43497881.0,43725438.0,44434107.0,4445175263.0,45527762.0,4727060534.0,4759411316.0,4778548693.0,4817908039.0,535883849.0,564336016.0,576065589.0,58132430.0,59146843.0,60936786.0,609921923.0,7.035658628007485e+17,72845927.0,7.306828194674483e+17,73458750.0,74165111.0,74518333.0,763474394.0,77629833.0,805371992.0,8.362709640695316e+17,8.422416476855624e+17,868454990.0,8.72030349034967e+17,897521796.0,905598776.0,92727026.0,9.285858497755955e+17,93573953.0,955147808.0
1,101025116.0,0.0,0.0,0.0,0.0,1.0,0.0,2.0,0.0,0.0,0.0,0.0,0.0,4.0,0.0,3.0,0.0,1.0,0.0,0.0,2.0,2.0,0.0,1.0,0.0,0.0,1.0,3.0,0.0,0.0,2.0,0.0,1.0,0.0,7.0,1.0,0.0,0.0,1.0,0.0,0.0,4.0,1.0,0.0,1.0,2.0,2.0,0.0,0.0,1.0,0.0,0.0,0.0,1.0,0.0,0.0,0.0,2.0,1.0,0.0,0.0,1.0,0.0,0.0,0.0,0.0,0.0,1.0,1.0,3.0,5.0,0.0,0.0,0.0,3.0,0.0,1.0,0.0,0.0,0.0,1.0,1.0,0.0,0.0,0.0,0.0,0.0,0.0,0.0,1.0,0.0,0.0,1.0,6.0,0.0,2.0,0.0,1.0,0.0,0.0,1.0,0.0,1.0,1.0,0.0,0.0,1.0,0.0,0.0,0.0,0.0,0.0,2.0,0.0,3.0
2,106029646.0,0.0,0.0,7.0,0.0,2.0,2.0,0.0,0.0,0.0,6.0,0.0,11.0,6.0,1.0,0.0,0.0,0.0,0.0,0.0,7.0,1.0,0.0,3.0,3.0,0.0,3.0,6.0,4.0,0.0,14.0,14.0,3.0,0.0,9.0,5.0,1.0,0.0,6.0,0.0,1.0,10.0,5.0,2.0,4.0,26.0,17.0,0.0,10.0,2.0,0.0,1.0,3.0,5.0,2.0,0.0,6.0,2.0,2.0,2.0,0.0,10.0,5.0,0.0,4.0,0.0,1.0,1.0,2.0,2.0,4.0,0.0,4.0,0.0,17.0,0.0,2.0,0.0,2.0,0.0,5.0,1.0,0.0,0.0,1.0,1.0,2.0,1.0,3.0,0.0,6.0,0.0,2.0,6.0,0.0,4.0,1.0,1.0,3.0,2.0,1.0,0.0,8.0,6.0,1.0,5.0,0.0,0.0,2.0,7.0,2.0,1.0,1.0,2.0,0.0
3,108159530.0,0.0,7.0,0.0,0.0,1.0,1.0,0.0,0.0,0.0,8.0,0.0,3.0,2.0,0.0,1.0,0.0,0.0,0.0,0.0,7.0,0.0,0.0,3.0,2.0,0.0,2.0,6.0,5.0,0.0,12.0,8.0,2.0,0.0,6.0,5.0,0.0,0.0,7.0,0.0,1.0,4.0,1.0,0.0,4.0,35.0,11.0,0.0,2.0,1.0,0.0,0.0,3.0,1.0,2.0,1.0,6.0,0.0,0.0,2.0,0.0,5.0,9.0,0.0,7.0,0.0,1.0,1.0,1.0,2.0,3.0,0.0,5.0,0.0,13.0,0.0,0.0,0.0,2.0,0.0,2.0,0.0,0.0,1.0,2.0,0.0,0.0,0.0,3.0,0.0,4.0,0.0,2.0,8.0,0.0,3.0,1.0,2.0,1.0,2.0,1.0,0.0,5.0,7.0,1.0,0.0,0.0,0.0,1.0,3.0,0.0,0.0,1.0,2.0,0.0
4,108260950.0,0.0,0.0,0.0,0.0,0.0,0.0,1.0,0.0,0.0,0.0,0.0,3.0,0.0,0.0,0.0,0.0,6.0,0.0,0.0,1.0,2.0,0.0,1.0,0.0,0.0,0.0,13.0,1.0,0.0,1.0,0.0,0.0,0.0,2.0,0.0,0.0,1.0,0.0,0.0,0.0,9.0,2.0,0.0,1.0,2.0,0.0,0.0,0.0,0.0,0.0,2.0,0.0,3.0,1.0,0.0,0.0,7.0,1.0,0.0,0.0,0.0,0.0,1.0,1.0,0.0,0.0,2.0,1.0,1.0,10.0,1.0,1.0,0.0,1.0,1.0,1.0,1.0,0.0,0.0,0.0,1.0,0.0,0.0,0.0,2.0,0.0,0.0,0.0,0.0,1.0,0.0,0.0,9.0,0.0,12.0,2.0,1.0,0.0,0.0,1.0,0.0,1.0,0.0,0.0,0.0,3.0,0.0,3.0,0.0,0.0,1.0,5.0,0.0,3.0
5,11154672.0,1.0,2.0,1.0,0.0,0.0,1.0,5.0,1.0,1.0,3.0,0.0,67.0,27.0,7.0,0.0,0.0,37.0,5.0,0.0,8.0,29.0,0.0,9.0,3.0,1.0,3.0,39.0,33.0,0.0,5.0,2.0,8.0,13.0,30.0,89.0,1.0,5.0,22.0,0.0,14.0,38.0,28.0,2.0,24.0,3.0,6.0,16.0,1.0,1.0,0.0,5.0,5.0,6.0,2.0,0.0,5.0,22.0,4.0,0.0,2.0,4.0,14.0,2.0,8.0,0.0,1.0,17.0,12.0,31.0,43.0,3.0,7.0,0.0,28.0,1.0,6.0,4.0,3.0,0.0,9.0,2.0,0.0,0.0,1.0,17.0,2.0,34.0,3.0,0.0,5.0,1.0,5.0,25.0,1.0,14.0,12.0,10.0,37.0,1.0,3.0,2.0,5.0,1.0,1.0,1.0,3.0,0.0,15.0,4.0,0.0,3.0,23.0,1.0,18.0
6,1222981010.0,0.0,2.0,1.0,0.0,1.0,0.0,2.0,3.0,1.0,1.0,1.0,3.0,4.0,0.0,1.0,0.0,0.0,0.0,4.0,7.0,0.0,0.0,1.0,0.0,1.0,8.0,8.0,0.0,0.0,0.0,0.0,0.0,0.0,5.0,0.0,1.0,0.0,1.0,1.0,5.0,1.0,0.0,0.0,1.0,2.0,10.0,0.0,1.0,4.0,0.0,0.0,9.0,1.0,1.0,0.0,0.0,0.0,0.0,0.0,0.0,2.0,0.0,0.0,4.0,0.0,0.0,1.0,0.0,0.0,0.0,0.0,0.0,0.0,0.0,0.0,0.0,0.0,0.0,0.0,0.0,0.0,0.0,0.0,0.0,0.0,0.0,0.0,3.0,1.0,2.0,1.0,0.0,8.0,3.0,1.0,0.0,0.0,0.0,0.0,0.0,1.0,3.0,0.0,1.0,5.0,0.0,0.0,0.0,0.0,0.0,0.0,0.0,0.0,0.0
7,125881355.0,2.0,0.0,0.0,1.0,5.0,2.0,0.0,1.0,1.0,1.0,0.0,9.0,7.0,2.0,0.0,0.0,9.0,2.0,0.0,9.0,11.0,0.0,4.0,1.0,1.0,1.0,20.0,1.0,0.0,1.0,0.0,5.0,3.0,12.0,8.0,0.0,3.0,4.0,0.0,6.0,16.0,5.0,0.0,5.0,2.0,3.0,0.0,0.0,2.0,0.0,2.0,4.0,2.0,1.0,0.0,0.0,11.0,5.0,0.0,1.0,3.0,1.0,1.0,0.0,0.0,0.0,4.0,6.0,9.0,11.0,0.0,4.0,0.0,10.0,1.0,4.0,1.0,4.0,0.0,4.0,3.0,0.0,0.0,0.0,3.0,1.0,3.0,2.0,1.0,2.0,1.0,3.0,22.0,1.0,11.0,6.0,3.0,1.0,0.0,6.0,1.0,9.0,1.0,0.0,0.0,1.0,0.0,5.0,3.0,0.0,2.0,10.0,0.0,9.0
8,131663365.0,0.0,0.0,0.0,0.0,1.0,3.0,1.0,0.0,1.0,2.0,0.0,7.0,18.0,0.0,0.0,0.0,0.0,0.0,0.0,11.0,0.0,1.0,0.0,0.0,2.0,10.0,3.0,0.0,0.0,0.0,0.0,0.0,0.0,10.0,0.0,0.0,0.0,2.0,1.0,5.0,0.0,0.0,0.0,0.0,0.0,2.0,0.0,0.0,2.0,11.0,0.0,2.0,0.0,0.0,0.0,0.0,0.0,0.0,0.0,1.0,0.0,0.0,0.0,2.0,0.0,0.0,0.0,0.0,0.0,0.0,0.0,0.0,0.0,1.0,0.0,0.0,0.0,0.0,0.0,1.0,0.0,0.0,0.0,0.0,0.0,5.0,0.0,1.0,0.0,0.0,1.0,0.0,4.0,3.0,0.0,0.0,0.0,0.0,0.0,0.0,1.0,0.0,0.0,1.0,0.0,0.0,4.0,0.0,0.0,0.0,0.0,0.0,0.0,0.0
9,135615769.0,0.0,0.0,0.0,0.0,1.0,1.0,1.0,1.0,0.0,1.0,0.0,1.0,1.0,0.0,0.0,0.0,0.0,1.0,0.0,1.0,0.0,0.0,0.0,1.0,0.0,0.0,1.0,0.0,0.0,0.0,0.0,0.0,0.0,2.0,0.0,0.0,0.0,0.0,0.0,0.0,0.0,0.0,0.0,0.0,0.0,1.0,0.0,0.0,1.0,0.0,0.0,1.0,1.0,0.0,0.0,0.0,0.0,0.0,0.0,0.0,0.0,0.0,0.0,0.0,0.0,0.0,0.0,0.0,0.0,0.0,0.0,0.0,0.0,0.0,0.0,0.0,0.0,0.0,0.0,0.0,0.0,0.0,0.0,0.0,0.0,0.0,0.0,0.0,0.0,0.0,1.0,0.0,1.0,1.0,0.0,0.0,0.0,0.0,0.0,1.0,1.0,1.0,0.0,0.0,0.0,0.0,0.0,0.0,0.0,0.0,0.0,0.0,0.0,0.0
10,1371182078.0,0.0,6.0,8.0,0.0,3.0,1.0,1.0,2.0,1.0,0.0,0.0,9.0,12.0,2.0,3.0,0.0,0.0,1.0,1.0,7.0,2.0,1.0,4.0,6.0,0.0,2.0,11.0,2.0,0.0,7.0,4.0,2.0,0.0,21.0,5.0,1.0,0.0,8.0,0.0,3.0,14.0,8.0,1.0,3.0,16.0,13.0,0.0,0.0,1.0,0.0,1.0,31.0,10.0,2.0,1.0,2.0,3.0,2.0,0.0,2.0,5.0,3.0,0.0,7.0,0.0,0.0,2.0,4.0,2.0,4.0,0.0,2.0,0.0,14.0,0.0,6.0,0.0,3.0,0.0,4.0,3.0,0.0,0.0,1.0,3.0,2.0,3.0,5.0,0.0,15.0,2.0,5.0,12.0,1.0,5.0,1.0,0.0,2.0,2.0,1.0,0.0,15.0,2.0,3.0,2.0,0.0,0.0,1.0,7.0,0.0,3.0,1.0,1.0,2.0
11,1428723187.0,0.0,0.0,0.0,0.0,0.0,1.0,0.0,0.0,0.0,0.0,0.0,0.0,0.0,0.0,0.0,0.0,0.0,0.0,1.0,0.0,0.0,0.0,0.0,1.0,0.0,0.0,0.0,0.0,0.0,0.0,0.0,0.0,0.0,0.0,0.0,0.0,0.0,0.0,0.0,0.0,0.0,0.0,0.0,0.0,0.0,0.0,0.0,0.0,0.0,0.0,0.0,0.0,0.0,0.0,0.0,0.0,0.0,0.0,0.0,0.0,0.0,0.0,0.0,0.0,0.0,0.0,0.0,0.0,0.0,0.0,0.0,0.0,0.0,0.0,0.0,0.0,0.0,0.0,0.0,0.0,0.0,0.0,0.0,0.0,0.0,0.0,0.0,0.0,0.0,0.0,0.0,0.0,0.0,0.0,0.0,0.0,0.0,0.0,0.0,0.0,0.0,0.0,0.0,0.0,3.0,0.0,0.0,0.0,0.0,0.0,0.0,0.0,0.0,0.0
12,1457277780.0,0.0,11.0,3.0,3.0,67.0,3.0,9.0,7.0,1.0,9.0,0.0,0.0,37.0,10.0,3.0,1.0,48.0,6.0,0.0,46.0,38.0,0.0,15.0,27.0,1.0,13.0,86.0,32.0,0.0,18.0,10.0,11.0,14.0,72.0,83.0,1.0,6.0,36.0,0.0,24.0,72.0,32.0,1.0,25.0,16.0,28.0,15.0,2.0,7.0,0.0,11.0,12.0,17.0,4.0,0.0,7.0,42.0,8.0,5.0,2.0,17.0,18.0,2.0,20.0,0.0,1.0,18.0,20.0,45.0,54.0,4.0,17.0,0.0,68.0,7.0,11.0,2.0,17.0,0.0,19.0,5.0,0.0,0.0,1.0,19.0,5.0,33.0,11.0,2.0,13.0,1.0,9.0,73.0,4.0,35.0,18.0,17.0,35.0,3.0,10.0,4.0,57.0,3.0,2.0,1.0,7.0,0.0,22.0,11.0,2.0,12.0,25.0,2.0,15.0
13,14601059.0,4.0,6.0,2.0,0.0,27.0,4.0,7.0,18.0,1.0,12.0,0.0,37.0,0.0,5.0,5.0,0.0,37.0,8.0,1.0,50.0,38.0,0.0,16.0,12.0,6.0,26.0,75.0,9.0,0.0,21.0,6.0,15.0,13.0,108.0,30.0,2.0,3.0,32.0,0.0,35.0,74.0,31.0,2.0,15.0,18.0,23.0,1.0,1.0,3.0,0.0,4.0,16.0,19.0,6.0,0.0,7.0,28.0,6.0,3.0,2.0,12.0,15.0,2.0,21.0,0.0,1.0,12.0,20.0,37.0,45.0,0.0,14.0,0.0,54.0,1.0,9.0,4.0,13.0,0.0,20.0,8.0,0.0,0.0,2.0,7.0,3.0,7.0,9.0,4.0,23.0,0.0,14.0,59.0,3.0,28.0,8.0,11.0,14.0,3.0,7.0,2.0,33.0,5.0,2.0,2.0,4.0,0.0,14.0,9.0,1.0,6.0,28.0,2.0,25.0
14,1494676476.0,0.0,1.0,0.0,0.0,7.0,0.0,2.0,0.0,0.0,2.0,0.0,10.0,5.0,0.0,1.0,0.0,7.0,1.0,0.0,5.0,6.0,0.0,5.0,5.0,0.0,1.0,10.0,5.0,0.0,1.0,1.0,1.0,0.0,6.0,8.0,1.0,3.0,3.0,0.0,3.0,8.0,3.0,1.0,7.0,1.0,2.0,1.0,0.0,0.0,0.0,2.0,1.0,6.0,1.0,0.0,0.0,3.0,4.0,1.0,1.0,2.0,1.0,1.0,2.0,0.0,0.0,3.0,5.0,5.0,6.0,0.0,1.0,0.0,5.0,2.0,3.0,1.0,1.0,0.0,3.0,1.0,0.0,0.0,0.0,5.0,0.0,7.0,1.0,2.0,2.0,0.0,3.0,11.0,0.0,9.0,3.0,2.0,5.0,0.0,1.0,0.0,3.0,1.0,1.0,1.0,2.0,0.0,5.0,2.0,0.0,3.0,5.0,0.0,3.0
15,154207904.0,3.0,0.0,1.0,0.0,0.0,1.0,0.0,0.0,0.0,3.0,0.0,3.0,5.0,1.0,0.0,0.0,0.0,0.0,0.0,8.0,1.0,0.0,1.0,2.0,1.0,7.0,8.0,2.0,0.0,18.0,1.0,1.0,0.0,8.0,1.0,3.0,0.0,6.0,0.0,1.0,4.0,3.0,1.0,2.0,20.0,35.0,0.0,2.0,2.0,0.0,0.0,4.0,4.0,26.0,0.0,0.0,5.0,0.0,1.0,0.0,10.0,2.0,0.0,5.0,0.0,0.0,1.0,2.0,1.0,1.0,0.0,3.0,0.0,7.0,0.0,2.0,0.0,2.0,0.0,2.0,2.0,0.0,0.0,0.0,1.0,2.0,1.0,2.0,5.0,10.0,1.0,4.0,12.0,0.0,3.0,0.0,0.0,1.0,1.0,0.0,0.0,9.0,2.0,6.0,0.0,0.0,0.0,0.0,0.0,1.0,1.0,0.0,0.0,1.0
16,155500681.0,0.0,0.0,0.0,0.0,0.0,0.0,0.0,0.0,0.0,0.0,0.0,1.0,0.0,0.0,0.0,0.0,0.0,0.0,0.0,0.0,0.0,0.0,0.0,1.0,0.0,0.0,0.0,0.0,0.0,0.0,1.0,0.0,0.0,1.0,0.0,0.0,0.0,0.0,0.0,0.0,0.0,0.0,0.0,0.0,0.0,0.0,0.0,0.0,0.0,0.0,0.0,0.0,0.0,0.0,0.0,0.0,0.0,0.0,0.0,0.0,0.0,0.0,0.0,0.0,0.0,0.0,0.0,0.0,0.0,0.0,0.0,0.0,0.0,0.0,0.0,0.0,0.0,0.0,0.0,0.0,0.0,0.0,0.0,0.0,0.0,0.0,0.0,0.0,0.0,0.0,0.0,0.0,0.0,0.0,0.0,0.0,0.0,0.0,0.0,0.0,0.0,0.0,0.0,0.0,0.0,0.0,0.0,0.0,0.0,0.0,0.0,0.0,0.0,0.0
17,1572684776.0,1.0,0.0,0.0,6.0,37.0,0.0,9.0,0.0,0.0,0.0,0.0,48.0,37.0,7.0,0.0,0.0,0.0,4.0,0.0,11.0,68.0,1.0,11.0,6.0,0.0,1.0,104.0,18.0,0.0,4.0,0.0,11.0,23.0,43.0,45.0,0.0,9.0,33.0,0.0,17.0,90.0,48.0,0.0,20.0,0.0,2.0,6.0,0.0,1.0,0.0,6.0,2.0,4.0,0.0,0.0,5.0,43.0,10.0,0.0,1.0,6.0,21.0,3.0,6.0,0.0,0.0,11.0,20.0,50.0,96.0,8.0,15.0,0.0,47.0,7.0,4.0,7.0,1.0,0.0,9.0,3.0,0.0,0.0,0.0,11.0,2.0,15.0,1.0,2.0,5.0,0.0,4.0,24.0,0.0,46.0,21.0,19.0,27.0,0.0,4.0,0.0,6.0,1.0,0.0,0.0,16.0,0.0,18.0,5.0,0.0,6.0,60.0,0.0,31.0
18,15775638.0,0.0,0.0,0.0,0.0,5.0,0.0,2.0,0.0,1.0,1.0,0.0,6.0,8.0,1.0,0.0,0.0,4.0,0.0,0.0,2.0,7.0,0.0,3.0,0.0,0.0,1.0,13.0,0.0,0.0,4.0,0.0,4.0,2.0,16.0,6.0,0.0,2.0,3.0,0.0,5.0,11.0,2.0,0.0,3.0,2.0,1.0,0.0,0.0,0.0,0.0,3.0,2.0,2.0,0.0,0.0,0.0,7.0,1.0,1.0,0.0,1.0,0.0,1.0,1.0,0.0,0.0,4.0,3.0,5.0,8.0,1.0,1.0,0.0,2.0,1.0,1.0,1.0,1.0,0.0,6.0,1.0,0.0,0.0,0.0,4.0,2.0,1.0,1.0,0.0,1.0,0.0,2.0,8.0,0.0,7.0,4.0,2.0,2.0,0.0,2.0,0.0,2.0,0.0,1.0,0.0,3.0,0.0,3.0,3.0,0.0,1.0,4.0,0.0,5.0
19,161662833.0,0.0,0.0,0.0,0.0,0.0,4.0,0.0,0.0,0.0,1.0,1.0,0.0,1.0,0.0,0.0,0.0,0.0,0.0,0.0,1.0,0.0,1.0,0.0,25.0,1.0,0.0,2.0,0.0,0.0,0.0,0.0,0.0,0.0,0.0,0.0,0.0,0.0,1.0,0.0,0.0,0.0,0.0,0.0,0.0,0.0,0.0,0.0,0.0,0.0,0.0,0.0,1.0,0.0,0.0,0.0,0.0,0.0,1.0,0.0,0.0,0.0,0.0,0.0,0.0,1.0,0.0,1.0,0.0,0.0,0.0,0.0,0.0,0.0,0.0,0.0,0.0,0.0,0.0,0.0,0.0,1.0,0.0,0.0,0.0,0.0,0.0,0.0,0.0,1.0,1.0,0.0,0.0,0.0,0.0,0.0,0.0,0.0,0.0,0.0,0.0,0.0,1.0,0.0,0.0,10.0,0.0,0.0,0.0,0.0,0.0,0.0,0.0,0.0,0.0
20,164958548.0,2.0,7.0,7.0,1.0,8.0,7.0,9.0,11.0,1.0,7.0,0.0,46.0,50.0,5.0,8.0,0.0,11.0,2.0,1.0,0.0,23.0,0.0,13.0,11.0,6.0,26.0,77.0,4.0,0.0,28.0,9.0,6.0,5.0,76.0,24.0,1.0,2.0,19.0,3.0,45.0,52.0,14.0,2.0,20.0,33.0,44.0,0.0,2.0,7.0,0.0,4.0,28.0,17.0,15.0,0.0,5.0,24.0,8.0,5.0,2.0,10.0,4.0,1.0,17.0,0.0,0.0,8.0,12.0,17.0,29.0,1.0,11.0,0.0,48.0,4.0,8.0,2.0,5.0,0.0,23.0,6.0,0.0,0.0,1.0,6.0,1.0,6.0,12.0,2.0,17.0,1.0,13.0,65.0,4.0,28.0,7.0,10.0,6.0,2.0,3.0,9.0,31.0,5.0,7.0,8.0,1.0,0.0,14.0,11.0,0.0,6.0,10.0,1.0,10.0
21,1651092140.0,2.0,1.0,0.0,2.0,29.0,0.0,11.0,0.0,0.0,2.0,0.0,38.0,38.0,6.0,1.0,0.0,68.0,7.0,0.0,23.0,0.0,0.0,15.0,7.0,1.0,2.0,84.0,11.0,0.0,6.0,2.0,12.0,19.0,57.0,40.0,1.0,6.0,31.0,0.0,22.0,80.0,49.0,2.0,16.0,5.0,4.0,1.0,0.0,2.0,0.0,7.0,1.0,9.0,1.0,0.0,6.0,47.0,9.0,1.0,1.0,9.0,18.0,3.0,4.0,0.0,0.0,7.0,27.0,47.0,75.0,2.0,13.0,0.0,43.0,7.0,5.0,8.0,2.0,0.0,12.0,4.0,0.0,0.0,0.0,9.0,3.0,7.0,3.0,4.0,7.0,1.0,7.0,32.0,0.0,37.0,17.0,19.0,13.0,0.0,3.0,0.0,15.0,1.0,2.0,1.0,8.0,0.0,29.0,7.0,0.0,5.0,47.0,0.0,25.0
22,169611989.0,0.0,0.0,0.0,0.0,0.0,0.0,0.0,1.0,0.0,1.0,0.0,0.0,0.0,0.0,0.0,0.0,1.0,0.0,1.0,0.0,0.0,0.0,0.0,34.0,0.0,0.0,0.0,0.0,0.0,0.0,0.0,0.0,4.0,0.0,0.0,0.0,0.0,0.0,0.0,0.0,0.0,0.0,0.0,0.0,0.0,0.0,0.0,0.0,0.0,0.0,0.0,0.0,0.0,0.0,0.0,0.0,0.0,20.0,0.0,10.0,0.0,0.0,0.0,0.0,1.0,0.0,0.0,0.0,1.0,0.0,1.0,0.0,0.0,3.0,0.0,0.0,2.0,0.0,0.0,0.0,0.0,0.0,0.0,0.0,0.0,0.0,0.0,0.0,0.0,0.0,0.0,1.0,3.0,0.0,1.0,0.0,0.0,0.0,0.0,0.0,2.0,0.0,0.0,0.0,0.0,0.0,1.0,0.0,0.0,0.0,0.0,0.0,0.0,0.0
23,171523731.0,1.0,3.0,3.0,1.0,9.0,1.0,4.0,0.0,0.0,4.0,0.0,15.0,16.0,5.0,1.0,0.0,11.0,3.0,0.0,13.0,15.0,0.0,0.0,3.0,0.0,4.0,22.0,2.0,0.0,11.0,2.0,7.0,4.0,24.0,16.0,1.0,4.0,10.0,0.0,8.0,25.0,13.0,1.0,12.0,8.0,14.0,0.0,1.0,1.0,0.0,5.0,13.0,13.0,2.0,0.0,4.0,10.0,3.0,0.0,1.0,14.0,4.0,2.0,11.0,0.0,0.0,4.0,13.0,16.0,16.0,0.0,5.0,0.0,18.0,2.0,6.0,2.0,3.0,0.0,8.0,3.0,0.0,0.0,1.0,5.0,1.0,5.0,10.0,3.0,12.0,0.0,8.0,25.0,0.0,18.0,9.0,8.0,3.0,0.0,3.0,0.0,13.0,1.0,1.0,1.0,4.0,0.0,14.0,5.0,0.0,5.0,13.0,1.0,10.0
24,173338012.0,0.0,3.0,2.0,0.0,3.0,0.0,1.0,0.0,1.0,6.0,1.0,27.0,12.0,5.0,2.0,1.0,6.0,0.0,25.0,11.0,7.0,34.0,3.0,0.0,0.0,4.0,27.0,4.0,0.0,13.0,3.0,4.0,7.0,27.0,4.0,1.0,1.0,14.0,0.0,3.0,20.0,7.0,1.0,6.0,10.0,6.0,0.0,0.0,2.0,0.0,3.0,15.0,12.0,3.0,1.0,2.0,8.0,55.0,4.0,9.0,6.0,4.0,0.0,6.0,1.0,0.0,1.0,6.0,7.0,14.0,0.0,2.0,0.0,20.0,3.0,3.0,4.0,2.0,0.0,6.0,4.0,1.0,0.0,0.0,1.0,0.0,2.0,3.0,4.0,19.0,0.0,8.0,18.0,0.0,15.0,2.0,3.0,6.0,3.0,2.0,3.0,28.0,2.0,3.0,5.0,0.0,0.0,6.0,1.0,0.0,3.0,6.0,1.0,3.0
25,17815227.0,0.0,0.0,0.0,0.0,1.0,1.0,1.0,2.0,0.0,0.0,0.0,1.0,6.0,0.0,1.0,0.0,0.0,0.0,1.0,6.0,1.0,0.0,0.0,0.0,0.0,3.0,4.0,0.0,0.0,1.0,0.0,0.0,0.0,6.0,1.0,0.0,0.0,0.0,0.0,2.0,3.0,0.0,1.0,1.0,7.0,6.0,0.0,0.0,1.0,0.0,0.0,6.0,0.0,2.0,0.0,0.0,0.0,0.0,0.0,0.0,1.0,10.0,0.0,2.0,0.0,0.0,2.0,0.0,1.0,1.0,0.0,0.0,0.0,1.0,0.0,0.0,0.0,0.0,0.0,3.0,1.0,0.0,0.0,0.0,0.0,0.0,0.0,0.0,2.0,2.0,0.0,0.0,6.0,0.0,0.0,0.0,0.0,0.0,0.0,0.0,0.0,0.0,0.0,0.0,1.0,0.0,0.0,1.0,0.0,0.0,0.0,1.0,0.0,1.0
26,18594633.0,1.0,3.0,2.0,0.0,3.0,8.0,1.0,10.0,0.0,2.0,0.0,13.0,26.0,1.0,7.0,0.0,1.0,1.0,0.0,26.0,2.0,0.0,4.0,4.0,3.0,0.0,51.0,3.0,0.0,18.0,5.0,3.0,0.0,53.0,2.0,3.0,0.0,6.0,0.0,16.0,24.0,1.0,2.0,9.0,37.0,18.0,0.0,0.0,0.0,0.0,3.0,12.0,4.0,1.0,0.0,0.0,8.0,4.0,5.0,0.0,3.0,2.0,0.0,4.0,0.0,0.0,0.0,1.0,3.0,4.0,0.0,0.0,0.0,11.0,0.0,2.0,0.0,0.0,0.0,6.0,0.0,0.0,0.0,0.0,5.0,0.0,1.0,6.0,1.0,8.0,0.0,1.0,21.0,2.0,5.0,2.0,0.0,2.0,1.0,2.0,0.0,6.0,0.0,4.0,3.0,0.0,0.0,2.0,3.0,1.0,0.0,1.0,1.0,0.0
27,18711950.0,3.0,6.0,6.0,13.0,39.0,8.0,20.0,3.0,1.0,11.0,0.0,86.0,75.0,10.0,8.0,0.0,104.0,13.0,2.0,77.0,84.0,0.0,22.0,27.0,4.0,51.0,0.0,14.0,0.0,37.0,6.0,17.0,24.0,206.0,49.0,1.0,14.0,58.0,0.0,38.0,212.0,65.0,6.0,40.0,51.0,34.0,0.0,1.0,10.0,0.0,15.0,46.0,27.0,18.0,1.0,7.0,82.0,13.0,7.0,5.0,18.0,23.0,4.0,15.0,0.0,2.0,43.0,32.0,58.0,146.0,13.0,30.0,0.0,74.0,11.0,20.0,9.0,15.0,0.0,33.0,13.0,1.0,0.0,1.0,31.0,2.0,7.0,14.0,9.0,47.0,1.0,10.0,202.0,4.0,112.0,24.0,22.0,15.0,3.0,25.0,9.0,41.0,12.0,5.0,1.0,18.0,0.0,34.0,10.0,0.0,17.0,75.0,5.0,34.0
28,1907606924.0,0.0,4.0,5.0,1.0,33.0,0.0,1.0,0.0,0.0,2.0,0.0,32.0,9.0,5.0,2.0,0.0,18.0,0.0,0.0,4.0,11.0,0.0,2.0,4.0,0.0,3.0,14.0,0.0,0.0,16.0,5.0,5.0,5.0,6.0,47.0,8.0,1.0,8.0,0.0,6.0,18.0,17.0,4.0,14.0,20.0,6.0,7.0,8.0,2.0,0.0,2.0,3.0,2.0,4.0,0.0,1.0,10.0,6.0,3.0,1.0,9.0,6.0,0.0,7.0,0.0,0.0,7.0,4.0,14.0,16.0,1.0,6.0,0.0,8.0,0.0,1.0,0.0,0.0,0.0,4.0,1.0,0.0,0.0,0.0,8.0,0.0,21.0,2.0,0.0,8.0,2.0,3.0,19.0,0.0,9.0,8.0,5.0,29.0,0.0,0.0,0.0,6.0,6.0,2.0,2.0,0.0,0.0,5.0,2.0,1.0,0.0,6.0,0.0,8.0
29,1973534665.0,0.0,0.0,0.0,0.0,0.0,0.0,0.0,0.0,0.0,0.0,0.0,0.0,0.0,0.0,0.0,0.0,0.0,0.0,0.0,0.0,0.0,0.0,0.0,0.0,0.0,0.0,0.0,0.0,0.0,0.0,0.0,0.0,0.0,0.0,0.0,0.0,0.0,0.0,0.0,0.0,0.0,0.0,0.0,0.0,0.0,0.0,0.0,0.0,0.0,0.0,0.0,0.0,0.0,0.0,0.0,0.0,0.0,0.0,0.0,0.0,0.0,0.0,0.0,0.0,0.0,0.0,0.0,0.0,0.0,0.0,0.0,0.0,0.0,0.0,0.0,0.0,0.0,0.0,0.0,0.0,0.0,0.0,0.0,3.0,0.0,0.0,0.0,0.0,0.0,0.0,0.0,0.0,0.0,0.0,0.0,0.0,0.0,0.0,0.0,0.0,0.0,0.0,0.0,0.0,0.0,0.0,0.0,0.0,0.0,0.0,0.0,0.0,4.0,0.0
30,208580134.0,2.0,14.0,12.0,1.0,5.0,0.0,1.0,0.0,0.0,7.0,0.0,18.0,21.0,1.0,18.0,0.0,4.0,4.0,0.0,28.0,6.0,0.0,11.0,13.0,1.0,18.0,37.0,16.0,0.0,0.0,14.0,9.0,3.0,41.0,9.0,8.0,0.0,18.0,1.0,6.0,33.0,13.0,3.0,14.0,77.0,50.0,0.0,12.0,2.0,0.0,2.0,10.0,15.0,20.0,0.0,7.0,24.0,1.0,7.0,1.0,14.0,13.0,0.0,9.0,0.0,1.0,3.0,5.0,10.0,14.0,0.0,11.0,0.0,35.0,0.0,3.0,3.0,3.0,0.0,7.0,3.0,2.0,0.0,1.0,4.0,1.0,1.0,15.0,3.0,23.0,2.0,11.0,39.0,0.0,16.0,3.0,4.0,7.0,2.0,5.0,0.0,36.0,7.0,13.0,1.0,0.0,0.0,5.0,3.0,5.0,4.0,5.0,5.0,7.0
31,216281736.0,0.0,14.0,8.0,0.0,2.0,0.0,0.0,0.0,0.0,4.0,0.0,10.0,6.0,1.0,1.0,1.0,0.0,0.0,0.0,9.0,2.0,0.0,2.0,3.0,0.0,5.0,6.0,5.0,0.0,14.0,0.0,3.0,0.0,15.0,5.0,1.0,0.0,8.0,0.0,2.0,13.0,5.0,3.0,5.0,36.0,13.0,0.0,2.0,0.0,0.0,1.0,1.0,3.0,3.0,0.0,6.0,2.0,2.0,3.0,0.0,6.0,5.0,0.0,8.0,0.0,1.0,1.0,3.0,2.0,6.0,0.0,4.0,0.0,15.0,1.0,2.0,0.0,2.0,0.0,6.0,0.0,0.0,0.0,1.0,1.0,2.0,1.0,4.0,1.0,1.0,1.0,3.0,8.0,0.0,5.0,1.0,1.0,3.0,3.0,1.0,0.0,10.0,2.0,1.0,1.0,0.0,0.0,1.0,6.0,2.0,1.0,2.0,3.0,1.0
32,220513006.0,1.0,3.0,2.0,0.0,8.0,0.0,5.0,0.0,0.0,2.0,0.0,11.0,15.0,1.0,1.0,0.0,11.0,4.0,0.0,6.0,12.0,0.0,7.0,4.0,0.0,3.0,17.0,5.0,0.0,9.0,3.0,0.0,5.0,21.0,12.0,1.0,2.0,9.0,0.0,9.0,20.0,8.0,0.0,6.0,8.0,4.0,0.0,0.0,1.0,0.0,3.0,2.0,1.0,1.0,0.0,5.0,14.0,2.0,1.0,1.0,7.0,7.0,1.0,3.0,0.0,0.0,1.0,7.0,13.0,13.0,1.0,4.0,0.0,9.0,1.0,3.0,3.0,1.0,0.0,7.0,2.0,0.0,0.0,0.0,1.0,2.0,2.0,1.0,0.0,5.0,0.0,2.0,11.0,0.0,12.0,5.0,7.0,8.0,0.0,1.0,0.0,6.0,1.0,0.0,0.0,2.0,0.0,9.0,4.0,1.0,3.0,10.0,0.0,11.0
33,2223441113.0,0.0,0.0,0.0,0.0,13.0,0.0,3.0,0.0,0.0,0.0,0.0,14.0,13.0,0.0,0.0,0.0,23.0,2.0,0.0,5.0,19.0,4.0,4.0,7.0,0.0,0.0,24.0,5.0,0.0,3.0,0.0,5.0,0.0,13.0,8.0,0.0,3.0,17.0,0.0,9.0,16.0,12.0,0.0,3.0,0.0,0.0,0.0,0.0,0.0,0.0,2.0,0.0,1.0,0.0,0.0,2.0,15.0,5.0,0.0,4.0,4.0,11.0,0.0,2.0,0.0,0.0,0.0,11.0,17.0,20.0,0.0,6.0,0.0,16.0,1.0,2.0,1.0,2.0,0.0,3.0,1.0,0.0,0.0,0.0,0.0,2.0,2.0,1.0,0.0,3.0,0.0,2.0,3.0,0.0,5.0,6.0,7.0,5.0,0.0,0.0,0.0,6.0,1.0,0.0,0.0,1.0,0.0,8.0,2.0,0.0,0.0,18.0,1.0,9.0
34,22248435.0,7.0,9.0,6.0,2.0,30.0,5.0,12.0,10.0,2.0,21.0,0.0,72.0,108.0,6.0,8.0,1.0,43.0,16.0,0.0,76.0,57.0,0.0,24.0,27.0,6.0,53.0,206.0,6.0,0.0,41.0,15.0,21.0,13.0,0.0,53.0,2.0,6.0,36.0,0.0,37.0,158.0,48.0,4.0,33.0,87.0,43.0,0.0,1.0,3.0,0.0,9.0,50.0,46.0,4.0,0.0,11.0,61.0,8.0,7.0,2.0,12.0,17.0,3.0,22.0,0.0,1.0,28.0,28.0,45.0,78.0,7.0,20.0,0.0,79.0,6.0,13.0,7.0,19.0,0.0,41.0,28.0,0.0,0.0,1.0,17.0,4.0,9.0,14.0,6.0,68.0,1.0,14.0,142.0,4.0,63.0,17.0,19.0,15.0,5.0,12.0,5.0,56.0,5.0,3.0,1.0,8.0,0.0,30.0,17.0,1.0,13.0,39.0,4.0,27.0
35,223415493.0,1.0,5.0,5.0,0.0,89.0,0.0,8.0,0.0,0.0,5.0,0.0,83.0,30.0,8.0,1.0,0.0,45.0,6.0,0.0,24.0,40.0,0.0,16.0,4.0,1.0,2.0,49.0,47.0,0.0,9.0,5.0,12.0,8.0,53.0,0.0,0.0,7.0,16.0,0.0,16.0,59.0,39.0,1.0,30.0,18.0,14.0,18.0,0.0,2.0,0.0,4.0,4.0,5.0,4.0,0.0,8.0,36.0,7.0,3.0,2.0,11.0,13.0,2.0,10.0,0.0,0.0,18.0,24.0,42.0,46.0,3.0,9.0,0.0,51.0,4.0,4.0,2.0,2.0,0.0,14.0,1.0,0.0,0.0,0.0,16.0,1.0,40.0,0.0,2.0,5.0,1.0,9.0,47.0,0.0,24.0,22.0,18.0,42.0,0.0,1.0,0.0,19.0,2.0,2.0,0.0,2.0,0.0,23.0,12.0,1.0,3.0,21.0,0.0,23.0
36,236906665.0,0.0,1.0,0.0,0.0,1.0,1.0,0.0,0.0,0.0,1.0,0.0,1.0,2.0,1.0,3.0,0.0,0.0,0.0,0.0,1.0,1.0,0.0,1.0,1.0,0.0,3.0,1.0,8.0,0.0,8.0,1.0,1.0,0.0,2.0,0.0,0.0,0.0,1.0,0.0,0.0,9.0,1.0,2.0,4.0,10.0,7.0,0.0,0.0,0.0,0.0,1.0,1.0,1.0,3.0,0.0,0.0,1.0,1.0,2.0,0.0,2.0,2.0,0.0,0.0,0.0,0.0,0.0,1.0,2.0,1.0,0.0,0.0,0.0,4.0,0.0,1.0,0.0,0.0,0.0,1.0,1.0,0.0,0.0,0.0,1.0,0.0,1.0,1.0,0.0,2.0,0.0,1.0,3.0,0.0,1.0,0.0,0.0,2.0,0.0,0.0,0.0,0.0,0.0,5.0,1.0,0.0,0.0,1.0,1.0,0.0,0.0,2.0,0.0,1.0
37,2388956744.0,0.0,0.0,0.0,1.0,5.0,0.0,3.0,0.0,0.0,0.0,0.0,6.0,3.0,3.0,0.0,0.0,9.0,2.0,0.0,2.0,6.0,0.0,4.0,1.0,0.0,0.0,14.0,1.0,0.0,0.0,0.0,2.0,3.0,6.0,7.0,0.0,0.0,3.0,0.0,4.0,9.0,5.0,0.0,7.0,0.0,0.0,1.0,0.0,0.0,0.0,4.0,0.0,5.0,0.0,0.0,0.0,6.0,1.0,0.0,0.0,1.0,1.0,3.0,0.0,0.0,0.0,7.0,5.0,8.0,10.0,0.0,1.0,0.0,4.0,4.0,2.0,3.0,1.0,0.0,2.0,1.0,0.0,0.0,0.0,4.0,1.0,5.0,0.0,0.0,2.0,0.0,0.0,8.0,0.0,9.0,8.0,6.0,2.0,0.0,2.0,0.0,4.0,0.0,0.0,0.0,6.0,0.0,5.0,1.0,0.0,2.0,10.0,0.0,3.0
38,2426789514.0,1.0,6.0,7.0,0.0,22.0,1.0,4.0,2.0,0.0,8.0,0.0,36.0,32.0,3.0,6.0,0.0,33.0,3.0,1.0,19.0,31.0,0.0,10.0,14.0,0.0,6.0,58.0,8.0,0.0,18.0,8.0,9.0,17.0,36.0,16.0,1.0,3.0,0.0,2.0,15.0,40.0,24.0,1.0,14.0,19.0,24.0,0.0,1.0,3.0,0.0,4.0,8.0,13.0,8.0,0.0,9.0,25.0,5.0,4.0,1.0,16.0,24.0,0.0,21.0,0.0,1.0,3.0,19.0,24.0,42.0,0.0,11.0,0.0,49.0,2.0,8.0,2.0,6.0,0.0,11.0,5.0,0.0,0.0,1.0,7.0,10.0,4.0,15.0,2.0,29.0,0.0,17.0,23.0,2.0,20.0,10.0,10.0,13.0,5.0,3.0,0.0,40.0,7.0,16.0,1.0,1.0,0.0,11.0,9.0,0.0,3.0,29.0,3.0,13.0
39,2439619294.0,0.0,0.0,0.0,0.0,0.0,1.0,0.0,1.0,0.0,0.0,0.0,0.0,0.0,0.0,0.0,0.0,0.0,0.0,0.0,3.0,0.0,0.0,0.0,0.0,0.0,0.0,0.0,0.0,0.0,1.0,0.0,0.0,0.0,0.0,0.0,0.0,0.0,2.0,0.0,0.0,0.0,0.0,0.0,0.0,0.0,6.0,0.0,0.0,1.0,0.0,0.0,0.0,0.0,0.0,0.0,0.0,0.0,0.0,0.0,0.0,1.0,0.0,0.0,1.0,0.0,0.0,0.0,0.0,0.0,0.0,0.0,0.0,0.0,1.0,0.0,0.0,0.0,0.0,0.0,1.0,0.0,0.0,0.0,0.0,0.0,1.0,0.0,1.0,0.0,3.0,0.0,2.0,1.0,0.0,0.0,0.0,0.0,0.0,0.0,0.0,0.0,5.0,0.0,1.0,0.0,0.0,0.0,0.0,0.0,0.0,0.0,0.0,0.0,0.0
40,2470134087.0,0.0,1.0,1.0,0.0,14.0,5.0,6.0,5.0,0.0,3.0,0.0,24.0,35.0,3.0,1.0,0.0,17.0,5.0,0.0,45.0,22.0,0.0,8.0,3.0,2.0,16.0,38.0,6.0,0.0,6.0,2.0,9.0,9.0,37.0,16.0,0.0,4.0,15.0,0.0,0.0,31.0,13.0,0.0,10.0,2.0,12.0,0.0,1.0,3.0,0.0,4.0,8.0,10.0,1.0,0.0,4.0,20.0,7.0,1.0,2.0,5.0,6.0,1.0,5.0,0.0,1.0,4.0,14.0,14.0,22.0,2.0,10.0,0.0,10.0,2.0,7.0,2.0,6.0,0.0,13.0,2.0,0.0,0.0,1.0,8.0,2.0,5.0,5.0,1.0,11.0,0.0,7.0,29.0,1.0,17.0,6.0,8.0,4.0,2.0,2.0,1.0,10.0,3.0,0.0,1.0,4.0,0.0,11.0,4.0,0.0,4.0,14.0,1.0,13.0
41,2553817934.0,4.0,10.0,4.0,9.0,38.0,1.0,16.0,0.0,0.0,14.0,0.0,72.0,74.0,8.0,4.0,0.0,90.0,11.0,0.0,52.0,80.0,0.0,25.0,20.0,3.0,24.0,212.0,18.0,0.0,33.0,13.0,20.0,16.0,158.0,59.0,9.0,9.0,40.0,0.0,31.0,0.0,52.0,2.0,49.0,51.0,38.0,0.0,0.0,1.0,0.0,13.0,17.0,23.0,19.0,0.0,11.0,77.0,10.0,8.0,3.0,16.0,27.0,4.0,15.0,0.0,0.0,18.0,30.0,67.0,127.0,5.0,26.0,0.0,90.0,6.0,18.0,10.0,14.0,0.0,32.0,16.0,0.0,1.0,1.0,26.0,5.0,8.0,8.0,5.0,28.0,1.0,13.0,114.0,0.0,80.0,25.0,19.0,20.0,2.0,9.0,1.0,42.0,3.0,8.0,1.0,17.0,0.0,40.0,15.0,1.0,17.0,69.0,3.0,44.0
42,2585049200.0,1.0,5.0,1.0,2.0,28.0,0.0,5.0,0.0,0.0,8.0,0.0,32.0,31.0,3.0,3.0,0.0,48.0,2.0,0.0,14.0,49.0,0.0,13.0,7.0,0.0,1.0,65.0,17.0,0.0,13.0,5.0,8.0,12.0,48.0,39.0,1.0,5.0,24.0,0.0,13.0,52.0,0.0,1.0,15.0,6.0,9.0,5.0,0.0,1.0,0.0,6.0,12.0,12.0,5.0,0.0,5.0,26.0,7.0,2.0,1.0,11.0,16.0,2.0,8.0,0.0,0.0,6.0,16.0,36.0,48.0,3.0,8.0,0.0,34.0,6.0,6.0,3.0,2.0,0.0,10.0,4.0,0.0,0.0,1.0,7.0,1.0,13.0,4.0,5.0,12.0,0.0,7.0,33.0,0.0,23.0,14.0,13.0,19.0,1.0,2.0,0.0,13.0,3.0,2.0,1.0,2.0,0.0,19.0,3.0,0.0,4.0,30.0,1.0,18.0
43,26053105.0,0.0,2.0,0.0,0.0,2.0,0.0,0.0,0.0,0.0,1.0,0.0,1.0,2.0,1.0,1.0,0.0,0.0,0.0,0.0,2.0,2.0,0.0,1.0,1.0,1.0,2.0,6.0,4.0,0.0,3.0,3.0,0.0,0.0,4.0,1.0,2.0,0.0,1.0,0.0,0.0,2.0,1.0,0.0,2.0,5.0,3.0,0.0,0.0,2.0,0.0,1.0,2.0,1.0,2.0,0.0,0.0,0.0,2.0,0.0,0.0,1.0,0.0,0.0,2.0,0.0,0.0,1.0,1.0,4.0,2.0,0.0,0.0,0.0,2.0,0.0,1.0,0.0,0.0,0.0,2.0,1.0,0.0,0.0,0.0,1.0,0.0,1.0,1.0,2.0,4.0,1.0,1.0,8.0,0.0,3.0,0.0,0.0,1.0,0.0,0.0,0.0,1.0,0.0,1.0,1.0,0.0,0.0,2.0,1.0,0.0,0.0,2.0,0.0,0.0
44,261323160.0,1.0,4.0,4.0,1.0,24.0,1.0,5.0,0.0,0.0,3.0,0.0,25.0,15.0,7.0,2.0,0.0,20.0,3.0,0.0,20.0,16.0,0.0,12.0,6.0,1.0,9.0,40.0,14.0,0.0,14.0,5.0,6.0,3.0,33.0,30.0,4.0,7.0,14.0,0.0,10.0,49.0,15.0,2.0,0.0,20.0,16.0,0.0,1.0,0.0,0.0,5.0,5.0,11.0,6.0,0.0,5.0,18.0,4.0,4.0,2.0,8.0,5.0,1.0,11.0,0.0,1.0,21.0,12.0,18.0,28.0,2.0,5.0,0.0,25.0,4.0,5.0,3.0,5.0,0.0,10.0,3.0,0.0,0.0,1.0,10.0,2.0,9.0,5.0,2.0,12.0,0.0,7.0,41.0,0.0,31.0,14.0,8.0,14.0,1.0,6.0,0.0,16.0,4.0,6.0,1.0,3.0,0.0,9.0,8.0,0.0,4.0,17.0,3.0,12.0
45,26834533.0,2.0,26.0,35.0,2.0,3.0,2.0,2.0,0.0,0.0,16.0,0.0,16.0,18.0,1.0,20.0,0.0,0.0,2.0,0.0,33.0,5.0,0.0,8.0,10.0,7.0,37.0,51.0,20.0,0.0,77.0,36.0,8.0,0.0,87.0,18.0,10.0,0.0,19.0,0.0,2.0,51.0,6.0,5.0,20.0,0.0,85.0,0.0,1.0,3.0,0.0,2.0,18.0,8.0,19.0,0.0,10.0,16.0,3.0,13.0,0.0,18.0,35.0,0.0,18.0,0.0,0.0,1.0,4.0,11.0,13.0,0.0,1.0,0.0,47.0,0.0,3.0,0.0,0.0,0.0,16.0,6.0,0.0,2.0,0.0,6.0,4.0,1.0,15.0,3.0,21.0,1.0,6.0,48.0,0.0,18.0,6.0,2.0,13.0,3.0,1.0,0.0,17.0,7.0,10.0,1.0,0.0,0.0,3.0,13.0,4.0,1.0,4.0,4.0,2.0
46,272330166.0,2.0,17.0,11.0,0.0,6.0,10.0,3.0,2.0,1.0,13.0,0.0,28.0,23.0,2.0,35.0,0.0,2.0,1.0,0.0,44.0,4.0,0.0,14.0,6.0,6.0,18.0,34.0,6.0,0.0,50.0,13.0,4.0,0.0,43.0,14.0,7.0,0.0,24.0,6.0,12.0,38.0,9.0,3.0,16.0,85.0,0.0,0.0,1.0,9.0,0.0,3.0,22.0,16.0,58.0,0.0,7.0,16.0,3.0,4.0,2.0,19.0,17.0,0.0,26.0,0.0,1.0,3.0,8.0,6.0,9.0,0.0,13.0,0.0,62.0,0.0,5.0,0.0,5.0,0.0,13.0,3.0,0.0,0.0,3.0,7.0,5.0,3.0,20.0,4.0,26.0,2.0,14.0,40.0,3.0,13.0,3.0,2.0,7.0,2.0,2.0,3.0,45.0,4.0,15.0,1.0,0.0,0.0,6.0,10.0,4.0,5.0,3.0,5.0,3.0
47,2776546274.0,0.0,0.0,0.0,0.0,16.0,0.0,0.0,0.0,0.0,0.0,0.0,15.0,1.0,1.0,0.0,0.0,6.0,0.0,0.0,0.0,1.0,0.0,0.0,0.0,0.0,0.0,0.0,7.0,0.0,0.0,0.0,0.0,0.0,0.0,18.0,0.0,1.0,0.0,0.0,0.0,0.0,5.0,0.0,0.0,0.0,0.0,0.0,0.0,0.0,0.0,1.0,1.0,0.0,0.0,0.0,0.0,2.0,0.0,0.0,0.0,0.0,1.0,0.0,0.0,0.0,0.0,2.0,0.0,4.0,6.0,0.0,0.0,0.0,1.0,0.0,0.0,0.0,0.0,0.0,0.0,0.0,0.0,0.0,0.0,6.0,0.0,9.0,0.0,0.0,0.0,0.0,0.0,6.0,0.0,0.0,2.0,1.0,9.0,0.0,0.0,0.0,0.0,0.0,0.0,0.0,0.0,0.0,4.0,0.0,0.0,0.0,0.0,0.0,0.0
48,2844883614.0,0.0,10.0,2.0,0.0,1.0,1.0,0.0,0.0,0.0,0.0,0.0,2.0,1.0,0.0,2.0,0.0,0.0,0.0,0.0,2.0,0.0,0.0,1.0,0.0,0.0,0.0,1.0,8.0,0.0,12.0,2.0,0.0,0.0,1.0,0.0,0.0,0.0,1.0,0.0,1.0,0.0,0.0,0.0,1.0,1.0,1.0,0.0,0.0,2.0,0.0,0.0,3.0,2.0,1.0,0.0,1.0,0.0,0.0,0.0,0.0,2.0,0.0,0.0,1.0,1.0,1.0,1.0,0.0,0.0,1.0,0.0,3.0,0.0,2.0,0.0,0.0,0.0,1.0,0.0,2.0,0.0,0.0,0.0,1.0,0.0,0.0,0.0,1.0,1.0,1.0,0.0,1.0,3.0,0.0,1.0,0.0,1.0,0.0,1.0,1.0,0.0,2.0,20.0,1.0,0.0,0.0,0.0,0.0,0.0,4.0,0.0,0.0,1.0,0.0
49,284867370.0,1.0,2.0,1.0,0.0,1.0,4.0,2.0,2.0,1.0,1.0,0.0,7.0,3.0,0.0,2.0,0.0,1.0,0.0,0.0,7.0,2.0,0.0,1.0,2.0,1.0,0.0,10.0,2.0,0.0,2.0,0.0,1.0,0.0,3.0,2.0,0.0,0.0,3.0,1.0,3.0,1.0,1.0,2.0,0.0,3.0,9.0,0.0,2.0,0.0,0.0,0.0,6.0,1.0,1.0,0.0,0.0,6.0,0.0,1.0,0.0,1.0,0.0,0.0,5.0,0.0,0.0,0.0,1.0,3.0,0.0,0.0,4.0,0.0,26.0,1.0,1.0,0.0,0.0,0.0,3.0,2.0,0.0,0.0,0.0,0.0,1.0,0.0,2.0,4.0,5.0,1.0,3.0,11.0,3.0,1.0,1.0,0.0,0.0,0.0,0.0,1.0,9.0,0.0,2.0,0.0,0.0,0.0,1.0,1.0,0.0,0.0,0.0,0.0,1.0
50,286625089.0,0.0,0.0,0.0,0.0,0.0,0.0,0.0,11.0,0.0,0.0,0.0,0.0,0.0,0.0,0.0,0.0,0.0,0.0,0.0,0.0,0.0,0.0,0.0,0.0,0.0,0.0,0.0,0.0,0.0,0.0,0.0,0.0,0.0,0.0,0.0,0.0,0.0,0.0,0.0,0.0,0.0,0.0,0.0,0.0,0.0,0.0,0.0,0.0,0.0,0.0,0.0,0.0,0.0,0.0,0.0,0.0,0.0,0.0,0.0,0.0,0.0,0.0,0.0,0.0,0.0,0.0,0.0,0.0,0.0,0.0,0.0,0.0,0.0,0.0,0.0,0.0,0.0,0.0,0.0,0.0,0.0,0.0,0.0,0.0,0.0,2.0,0.0,0.0,0.0,0.0,0.0,0.0,0.0,0.0,0.0,0.0,0.0,0.0,0.0,0.0,0.0,1.0,0.0,0.0,4.0,0.0,1.0,0.0,0.0,0.0,0.0,0.0,0.0,0.0
51,2870116652.0,0.0,1.0,0.0,2.0,5.0,0.0,2.0,0.0,0.0,1.0,0.0,11.0,4.0,2.0,0.0,0.0,6.0,3.0,0.0,4.0,7.0,0.0,5.0,3.0,0.0,3.0,15.0,2.0,0.0,2.0,1.0,3.0,2.0,9.0,4.0,1.0,4.0,4.0,0.0,4.0,13.0,6.0,1.0,5.0,2.0,3.0,1.0,0.0,0.0,0.0,0.0,2.0,4.0,1.0,0.0,0.0,9.0,3.0,1.0,0.0,2.0,0.0,2.0,0.0,0.0,0.0,4.0,3.0,9.0,13.0,0.0,1.0,0.0,6.0,4.0,4.0,1.0,1.0,0.0,3.0,1.0,0.0,0.0,0.0,6.0,1.0,4.0,1.0,0.0,3.0,0.0,2.0,13.0,0.0,15.0,7.0,5.0,1.0,0.0,2.0,0.0,3.0,0.0,1.0,1.0,5.0,0.0,6.0,3.0,0.0,3.0,7.0,0.0,2.0
52,288198163.0,0.0,3.0,3.0,0.0,5.0,9.0,4.0,2.0,1.0,31.0,0.0,12.0,16.0,1.0,4.0,0.0,2.0,2.0,1.0,28.0,1.0,0.0,13.0,15.0,6.0,12.0,46.0,3.0,0.0,10.0,1.0,2.0,0.0,50.0,4.0,1.0,0.0,8.0,0.0,8.0,17.0,12.0,2.0,5.0,18.0,22.0,1.0,3.0,6.0,0.0,2.0,0.0,25.0,5.0,0.0,0.0,5.0,1.0,0.0,1.0,10.0,1.0,0.0,17.0,0.0,0.0,8.0,4.0,2.0,6.0,0.0,4.0,0.0,9.0,0.0,5.0,0.0,6.0,0.0,7.0,11.0,0.0,0.0,0.0,7.0,1.0,3.0,19.0,5.0,54.0,2.0,4.0,43.0,2.0,13.0,2.0,1.0,1.0,3.0,1.0,1.0,25.0,1.0,4.0,9.0,0.0,0.0,4.0,2.0,0.0,4.0,1.0,2.0,3.0
53,2927393060.0,1.0,5.0,1.0,3.0,6.0,1.0,2.0,0.0,1.0,10.0,0.0,17.0,19.0,6.0,4.0,0.0,4.0,2.0,0.0,17.0,9.0,0.0,13.0,12.0,0.0,4.0,27.0,2.0,0.0,15.0,3.0,1.0,1.0,46.0,5.0,1.0,5.0,13.0,0.0,10.0,23.0,12.0,1.0,11.0,8.0,16.0,0.0,2.0,1.0,0.0,4.0,25.0,0.0,7.0,0.0,1.0,4.0,4.0,3.0,1.0,9.0,0.0,2.0,12.0,0.0,1.0,7.0,12.0,6.0,13.0,0.0,4.0,0.0,25.0,2.0,6.0,1.0,6.0,0.0,6.0,4.0,0.0,0.0,2.0,12.0,1.0,5.0,11.0,2.0,49.0,0.0,13.0,32.0,0.0,23.0,4.0,2.0,3.0,9.0,3.0,0.0,67.0,7.0,5.0,2.0,4.0,0.0,6.0,3.0,0.0,9.0,5.0,2.0,3.0
54,293439622.0,0.0,2.0,2.0,1.0,2.0,1.0,1.0,0.0,0.0,2.0,0.0,4.0,6.0,1.0,26.0,0.0,0.0,0.0,0.0,15.0,1.0,0.0,2.0,3.0,2.0,1.0,18.0,4.0,0.0,20.0,3.0,1.0,0.0,4.0,4.0,3.0,0.0,8.0,0.0,1.0,19.0,5.0,2.0,6.0,19.0,58.0,0.0,1.0,1.0,0.0,1.0,5.0,7.0,0.0,0.0,1.0,13.0,0.0,1.0,0.0,6.0,3.0,0.0,7.0,0.0,1.0,1.0,0.0,3.0,5.0,0.0,2.0,0.0,12.0,0.0,0.0,0.0,1.0,0.0,4.0,5.0,0.0,0.0,1.0,3.0,0.0,0.0,4.0,6.0,22.0,2.0,7.0,18.0,0.0,5.0,2.0,1.0,0.0,2.0,1.0,0.0,13.0,3.0,6.0,0.0,0.0,0.0,1.0,0.0,0.0,2.0,0.0,3.0,2.0
55,295655540.0,0.0,0.0,1.0,0.0,0.0,0.0,0.0,0.0,0.0,1.0,0.0,0.0,0.0,0.0,0.0,0.0,0.0,0.0,0.0,0.0,0.0,0.0,0.0,1.0,0.0,0.0,1.0,0.0,0.0,0.0,0.0,0.0,0.0,0.0,0.0,0.0,0.0,0.0,0.0,0.0,0.0,0.0,0.0,0.0,0.0,0.0,0.0,0.0,0.0,0.0,0.0,0.0,0.0,0.0,0.0,0.0,0.0,0.0,0.0,0.0,0.0,0.0,0.0,0.0,0.0,0.0,0.0,0.0,0.0,0.0,0.0,0.0,0.0,0.0,0.0,0.0,0.0,0.0,0.0,0.0,0.0,0.0,0.0,0.0,0.0,0.0,0.0,0.0,0.0,1.0,0.0,0.0,0.0,0.0,0.0,0.0,0.0,0.0,5.0,0.0,0.0,0.0,0.0,0.0,0.0,0.0,0.0,0.0,0.0,0.0,0.0,0.0,0.0,0.0
56,301006322.0,0.0,6.0,6.0,0.0,5.0,0.0,0.0,0.0,0.0,2.0,0.0,7.0,7.0,0.0,0.0,0.0,5.0,0.0,0.0,5.0,6.0,0.0,4.0,2.0,0.0,0.0,7.0,1.0,0.0,7.0,6.0,5.0,2.0,11.0,8.0,0.0,0.0,9.0,0.0,4.0,11.0,5.0,0.0,5.0,10.0,7.0,0.0,1.0,0.0,0.0,0.0,0.0,1.0,1.0,0.0,0.0,5.0,0.0,0.0,0.0,7.0,9.0,0.0,6.0,0.0,1.0,1.0,4.0,5.0,7.0,0.0,3.0,0.0,10.0,0.0,1.0,1.0,2.0,0.0,3.0,0.0,0.0,0.0,1.0,0.0,0.0,0.0,0.0,0.0,4.0,0.0,3.0,4.0,0.0,4.0,0.0,4.0,5.0,1.0,1.0,0.0,4.0,3.0,1.0,0.0,0.0,0.0,4.0,2.0,1.0,0.0,4.0,1.0,5.0
57,3046210884.0,2.0,2.0,0.0,7.0,22.0,0.0,11.0,0.0,0.0,3.0,0.0,42.0,28.0,3.0,5.0,0.0,43.0,7.0,0.0,24.0,47.0,0.0,10.0,8.0,0.0,8.0,82.0,10.0,0.0,24.0,2.0,14.0,15.0,61.0,36.0,1.0,6.0,25.0,0.0,20.0,77.0,26.0,0.0,18.0,16.0,16.0,2.0,0.0,6.0,0.0,9.0,5.0,4.0,13.0,0.0,5.0,0.0,6.0,2.0,2.0,7.0,19.0,1.0,4.0,0.0,0.0,5.0,18.0,38.0,50.0,2.0,12.0,0.0,63.0,8.0,6.0,6.0,4.0,0.0,14.0,3.0,0.0,0.0,0.0,9.0,2.0,6.0,2.0,1.0,9.0,1.0,8.0,50.0,0.0,38.0,17.0,17.0,11.0,0.0,3.0,0.0,27.0,1.0,0.0,0.0,7.0,0.0,20.0,7.0,1.0,3.0,32.0,1.0,28.0
58,3051062461.0,1.0,2.0,0.0,1.0,4.0,0.0,5.0,0.0,0.0,2.0,0.0,8.0,6.0,4.0,0.0,0.0,10.0,1.0,1.0,8.0,9.0,20.0,3.0,55.0,0.0,4.0,13.0,6.0,0.0,1.0,2.0,2.0,5.0,8.0,7.0,1.0,1.0,5.0,0.0,7.0,10.0,7.0,2.0,4.0,3.0,3.0,0.0,0.0,0.0,0.0,3.0,1.0,4.0,0.0,0.0,0.0,6.0,0.0,0.0,10.0,1.0,2.0,0.0,1.0,1.0,0.0,1.0,5.0,10.0,13.0,1.0,4.0,0.0,15.0,2.0,2.0,4.0,1.0,0.0,3.0,2.0,0.0,0.0,0.0,6.0,0.0,5.0,1.0,1.0,4.0,0.0,5.0,17.0,0.0,14.0,2.0,3.0,2.0,0.0,0.0,0.0,5.0,0.0,1.0,2.0,0.0,0.0,4.0,2.0,0.0,1.0,8.0,1.0,5.0
59,306052324.0,0.0,2.0,2.0,0.0,0.0,0.0,0.0,0.0,0.0,0.0,0.0,5.0,3.0,1.0,1.0,0.0,0.0,1.0,0.0,5.0,1.0,0.0,0.0,4.0,0.0,5.0,7.0,3.0,0.0,7.0,3.0,1.0,0.0,7.0,3.0,2.0,0.0,4.0,0.0,1.0,8.0,2.0,0.0,4.0,13.0,4.0,0.0,0.0,1.0,0.0,1.0,0.0,3.0,1.0,0.0,0.0,2.0,0.0,0.0,0.0,2.0,2.0,0.0,2.0,0.0,0.0,0.0,1.0,3.0,5.0,0.0,0.0,0.0,2.0,0.0,1.0,0.0,0.0,0.0,1.0,1.0,0.0,0.0,0.0,2.0,0.0,0.0,1.0,1.0,3.0,0.0,1.0,3.0,0.0,5.0,2.0,0.0,0.0,1.0,0.0,0.0,4.0,1.0,2.0,0.0,0.0,0.0,0.0,2.0,1.0,0.0,1.0,0.0,0.0
60,3067488230.0,0.0,0.0,0.0,0.0,2.0,0.0,1.0,1.0,0.0,2.0,0.0,2.0,2.0,1.0,0.0,0.0,1.0,0.0,0.0,2.0,1.0,10.0,1.0,9.0,0.0,0.0,5.0,1.0,0.0,1.0,0.0,1.0,4.0,2.0,2.0,0.0,0.0,1.0,0.0,2.0,3.0,1.0,0.0,2.0,0.0,2.0,0.0,0.0,0.0,0.0,0.0,1.0,1.0,0.0,0.0,0.0,2.0,10.0,0.0,0.0,0.0,0.0,0.0,1.0,0.0,0.0,1.0,2.0,1.0,1.0,0.0,1.0,0.0,5.0,0.0,1.0,0.0,1.0,0.0,2.0,1.0,0.0,0.0,0.0,1.0,0.0,2.0,0.0,0.0,1.0,0.0,1.0,3.0,0.0,3.0,0.0,1.0,0.0,0.0,0.0,0.0,2.0,0.0,0.0,0.0,0.0,0.0,1.0,1.0,0.0,1.0,0.0,0.0,2.0
61,3071473338.0,1.0,10.0,5.0,0.0,4.0,2.0,3.0,0.0,0.0,5.0,0.0,17.0,12.0,2.0,10.0,0.0,6.0,1.0,0.0,10.0,9.0,0.0,14.0,6.0,1.0,3.0,18.0,9.0,0.0,14.0,6.0,7.0,4.0,12.0,11.0,2.0,1.0,16.0,1.0,5.0,16.0,11.0,1.0,8.0,18.0,19.0,0.0,2.0,1.0,0.0,2.0,10.0,9.0,6.0,0.0,7.0,7.0,1.0,2.0,0.0,0.0,7.0,0.0,10.0,0.0,1.0,1.0,11.0,9.0,11.0,0.0,4.0,0.0,17.0,0.0,4.0,0.0,4.0,0.0,8.0,3.0,0.0,0.0,1.0,3.0,3.0,2.0,3.0,2.0,19.0,1.0,8.0,30.0,0.0,13.0,5.0,4.0,6.0,2.0,1.0,0.0,22.0,5.0,4.0,3.0,2.0,0.0,6.0,5.0,1.0,2.0,8.0,2.0,7.0
62,3099593731.0,0.0,5.0,9.0,0.0,14.0,0.0,1.0,0.0,0.0,3.0,0.0,18.0,15.0,1.0,2.0,0.0,21.0,0.0,0.0,4.0,18.0,0.0,4.0,4.0,10.0,2.0,23.0,6.0,0.0,13.0,5.0,7.0,11.0,17.0,13.0,2.0,1.0,24.0,0.0,6.0,27.0,16.0,0.0,5.0,35.0,17.0,1.0,0.0,0.0,0.0,0.0,1.0,0.0,3.0,0.0,9.0,19.0,2.0,2.0,0.0,7.0,0.0,0.0,12.0,0.0,0.0,0.0,10.0,13.0,22.0,0.0,8.0,0.0,24.0,1.0,1.0,1.0,0.0,0.0,3.0,0.0,0.0,1.0,0.0,0.0,2.0,0.0,1.0,1.0,5.0,0.0,1.0,6.0,0.0,3.0,5.0,5.0,8.0,1.0,1.0,0.0,7.0,1.0,2.0,0.0,0.0,0.0,3.0,3.0,1.0,0.0,19.0,0.0,8.0
63,319485185.0,0.0,0.0,0.0,1.0,2.0,0.0,1.0,0.0,0.0,0.0,0.0,2.0,2.0,1.0,0.0,0.0,3.0,1.0,0.0,1.0,3.0,0.0,2.0,0.0,0.0,0.0,4.0,0.0,0.0,0.0,0.0,1.0,0.0,3.0,2.0,0.0,3.0,0.0,0.0,1.0,4.0,2.0,0.0,1.0,0.0,0.0,0.0,0.0,0.0,0.0,2.0,0.0,2.0,0.0,0.0,0.0,1.0,0.0,0.0,0.0,0.0,0.0,0.0,0.0,0.0,0.0,3.0,1.0,2.0,3.0,0.0,0.0,0.0,0.0,2.0,1.0,2.0,0.0,0.0,1.0,1.0,0.0,0.0,0.0,2.0,0.0,1.0,0.0,0.0,1.0,0.0,0.0,2.0,0.0,3.0,2.0,1.0,0.0,0.0,1.0,0.0,0.0,0.0,0.0,0.0,5.0,0.0,1.0,0.0,0.0,2.0,2.0,0.0,3.0
64,333948601.0,0.0,4.0,7.0,1.0,8.0,4.0,0.0,2.0,0.0,7.0,0.0,20.0,21.0,2.0,5.0,0.0,6.0,1.0,0.0,17.0,4.0,0.0,11.0,6.0,2.0,4.0,15.0,7.0,0.0,9.0,8.0,3.0,2.0,22.0,10.0,0.0,0.0,21.0,1.0,5.0,15.0,8.0,2.0,11.0,18.0,26.0,0.0,1.0,5.0,0.0,0.0,17.0,12.0,7.0,0.0,6.0,4.0,1.0,2.0,1.0,10.0,12.0,0.0,0.0,0.0,1.0,5.0,9.0,5.0,13.0,0.0,6.0,0.0,25.0,0.0,3.0,1.0,8.0,0.0,4.0,4.0,0.0,0.0,1.0,7.0,3.0,4.0,10.0,5.0,15.0,2.0,10.0,21.0,1.0,11.0,4.0,3.0,9.0,3.0,2.0,0.0,26.0,4.0,1.0,0.0,0.0,0.0,3.0,6.0,0.0,5.0,6.0,2.0,4.0
65,33831672.0,0.0,0.0,0.0,0.0,0.0,0.0,0.0,0.0,0.0,0.0,0.0,0.0,0.0,0.0,0.0,0.0,0.0,0.0,1.0,0.0,0.0,1.0,0.0,1.0,0.0,0.0,0.0,0.0,0.0,0.0,0.0,0.0,0.0,0.0,0.0,0.0,0.0,0.0,0.0,0.0,0.0,0.0,0.0,0.0,0.0,0.0,0.0,1.0,0.0,0.0,0.0,0.0,0.0,0.0,0.0,0.0,0.0,1.0,0.0,0.0,0.0,0.0,0.0,0.0,0.0,0.0,0.0,0.0,0.0,0.0,0.0,0.0,0.0,0.0,0.0,0.0,0.0,0.0,0.0,0.0,0.0,0.0,0.0,0.0,0.0,0.0,0.0,0.0,0.0,0.0,0.0,0.0,0.0,0.0,0.0,0.0,0.0,0.0,0.0,0.0,0.0,0.0,2.0,0.0,0.0,0.0,0.0,0.0,0.0,0.0,0.0,0.0,0.0,0.0
66,3389726902.0,0.0,1.0,1.0,0.0,1.0,0.0,0.0,0.0,0.0,0.0,0.0,1.0,1.0,0.0,0.0,0.0,0.0,0.0,0.0,0.0,0.0,0.0,0.0,0.0,0.0,0.0,2.0,0.0,0.0,1.0,1.0,0.0,0.0,1.0,0.0,0.0,0.0,1.0,0.0,1.0,0.0,0.0,0.0,1.0,0.0,1.0,0.0,1.0,0.0,0.0,0.0,0.0,1.0,1.0,0.0,1.0,0.0,0.0,0.0,0.0,1.0,0.0,0.0,1.0,0.0,0.0,1.0,0.0,0.0,1.0,0.0,1.0,0.0,1.0,0.0,0.0,0.0,1.0,0.0,0.0,0.0,0.0,0.0,1.0,0.0,0.0,0.0,0.0,0.0,2.0,0.0,1.0,1.0,0.0,1.0,0.0,1.0,0.0,4.0,1.0,0.0,1.0,1.0,0.0,0.0,0.0,0.0,0.0,0.0,0.0,0.0,0.0,2.0,0.0
67,342020125.0,1.0,1.0,1.0,2.0,17.0,1.0,4.0,0.0,0.0,2.0,0.0,18.0,12.0,3.0,1.0,0.0,11.0,4.0,1.0,8.0,7.0,0.0,4.0,1.0,2.0,0.0,43.0,7.0,0.0,3.0,1.0,1.0,0.0,28.0,18.0,0.0,7.0,3.0,0.0,4.0,18.0,6.0,1.0,21.0,1.0,3.0,2.0,1.0,0.0,0.0,4.0,8.0,7.0,1.0,0.0,1.0,5.0,1.0,0.0,1.0,1.0,0.0,3.0,5.0,0.0,1.0,0.0,2.0,7.0,22.0,1.0,3.0,0.0,6.0,4.0,4.0,2.0,4.0,0.0,5.0,5.0,0.0,0.0,1.0,11.0,0.0,7.0,1.0,0.0,5.0,0.0,3.0,40.0,0.0,11.0,7.0,4.0,11.0,2.0,16.0,0.0,5.0,1.0,0.0,1.0,5.0,0.0,4.0,1.0,0.0,5.0,6.0,1.0,6.0
68,349591940.0,1.0,2.0,1.0,1.0,12.0,0.0,6.0,0.0,0.0,4.0,0.0,20.0,20.0,5.0,2.0,0.0,20.0,3.0,0.0,12.0,27.0,0.0,13.0,6.0,0.0,1.0,32.0,4.0,0.0,5.0,3.0,7.0,11.0,28.0,24.0,1.0,5.0,19.0,0.0,14.0,30.0,16.0,1.0,12.0,4.0,8.0,0.0,0.0,1.0,0.0,3.0,4.0,12.0,0.0,0.0,4.0,18.0,5.0,1.0,2.0,11.0,10.0,1.0,9.0,0.0,0.0,2.0,0.0,19.0,25.0,0.0,5.0,0.0,24.0,2.0,5.0,3.0,5.0,0.0,7.0,2.0,0.0,0.0,0.0,4.0,4.0,8.0,3.0,2.0,8.0,0.0,7.0,18.0,0.0,19.0,11.0,12.0,7.0,1.0,0.0,0.0,18.0,4.0,1.0,1.0,1.0,0.0,16.0,8.0,0.0,4.0,22.0,1.0,11.0
69,3504852853.0,3.0,2.0,2.0,1.0,31.0,0.0,9.0,0.0,0.0,2.0,0.0,45.0,37.0,5.0,1.0,0.0,50.0,5.0,0.0,17.0,47.0,1.0,16.0,7.0,1.0,3.0,58.0,14.0,0.0,10.0,2.0,13.0,17.0,45.0,42.0,2.0,8.0,24.0,0.0,14.0,67.0,36.0,4.0,18.0,11.0,6.0,4.0,0.0,3.0,0.0,9.0,2.0,6.0,3.0,0.0,5.0,38.0,10.0,3.0,1.0,9.0,13.0,2.0,5.0,0.0,0.0,7.0,19.0,0.0,55.0,1.0,10.0,0.0,54.0,8.0,7.0,5.0,2.0,0.0,9.0,2.0,0.0,0.0,0.0,6.0,3.0,13.0,3.0,1.0,8.0,2.0,7.0,38.0,0.0,31.0,19.0,17.0,15.0,0.0,3.0,0.0,14.0,2.0,2.0,1.0,6.0,0.0,25.0,7.0,0.0,4.0,35.0,0.0,25.0
70,366954553.0,5.0,4.0,3.0,10.0,43.0,0.0,11.0,0.0,0.0,4.0,0.0,54.0,45.0,6.0,1.0,0.0,96.0,8.0,0.0,29.0,75.0,0.0,16.0,14.0,1.0,4.0,146.0,16.0,0.0,14.0,6.0,13.0,20.0,78.0,46.0,1.0,10.0,42.0,0.0,22.0,127.0,48.0,2.0,28.0,13.0,9.0,6.0,1.0,0.0,0.0,13.0,6.0,13.0,5.0,0.0,7.0,50.0,13.0,5.0,1.0,11.0,22.0,3.0,13.0,0.0,1.0,22.0,25.0,55.0,0.0,6.0,19.0,0.0,56.0,10.0,10.0,8.0,5.0,0.0,16.0,6.0,0.0,0.0,1.0,32.0,3.0,12.0,5.0,2.0,13.0,0.0,11.0,73.0,0.0,76.0,23.0,22.0,20.0,2.0,10.0,1.0,25.0,2.0,1.0,1.0,22.0,0.0,31.0,6.0,0.0,11.0,70.0,1.0,35.0
71,368798482.0,0.0,0.0,0.0,1.0,3.0,0.0,0.0,0.0,0.0,0.0,0.0,4.0,0.0,0.0,0.0,0.0,8.0,1.0,0.0,1.0,2.0,1.0,0.0,0.0,0.0,0.0,13.0,1.0,0.0,0.0,0.0,1.0,0.0,7.0,3.0,0.0,0.0,0.0,0.0,2.0,5.0,3.0,0.0,2.0,0.0,0.0,0.0,0.0,0.0,0.0,0.0,0.0,0.0,0.0,0.0,0.0,2.0,1.0,0.0,0.0,0.0,0.0,0.0,0.0,0.0,0.0,1.0,0.0,1.0,6.0,0.0,0.0,0.0,0.0,0.0,0.0,6.0,0.0,0.0,2.0,0.0,0.0,0.0,0.0,1.0,0.0,0.0,0.0,1.0,0.0,0.0,0.0,9.0,0.0,6.0,0.0,0.0,0.0,0.0,0.0,0.0,0.0,0.0,0.0,0.0,3.0,0.0,1.0,0.0,0.0,5.0,4.0,0.0,1.0
72,380211327.0,0.0,4.0,5.0,1.0,7.0,0.0,4.0,0.0,0.0,2.0,0.0,17.0,14.0,1.0,3.0,0.0,15.0,1.0,0.0,11.0,13.0,0.0,5.0,2.0,0.0,0.0,30.0,6.0,0.0,11.0,4.0,4.0,6.0,20.0,9.0,0.0,1.0,11.0,0.0,10.0,26.0,8.0,0.0,5.0,1.0,13.0,0.0,3.0,4.0,0.0,1.0,4.0,4.0,2.0,0.0,3.0,12.0,4.0,0.0,1.0,4.0,8.0,0.0,6.0,0.0,1.0,3.0,5.0,10.0,19.0,0.0,0.0,0.0,29.0,0.0,3.0,0.0,8.0,0.0,9.0,4.0,0.0,0.0,1.0,3.0,1.0,2.0,2.0,2.0,7.0,0.0,3.0,18.0,0.0,6.0,2.0,6.0,2.0,2.0,4.0,0.0,14.0,1.0,3.0,0.0,1.0,0.0,5.0,1.0,0.0,1.0,8.0,1.0,7.0
73,38457163.0,0.0,0.0,0.0,0.0,0.0,0.0,0.0,0.0,0.0,0.0,0.0,0.0,0.0,0.0,0.0,0.0,0.0,0.0,0.0,0.0,0.0,0.0,0.0,0.0,0.0,0.0,0.0,0.0,0.0,0.0,0.0,0.0,0.0,0.0,0.0,0.0,0.0,0.0,0.0,0.0,0.0,0.0,0.0,0.0,0.0,0.0,0.0,0.0,0.0,0.0,0.0,0.0,0.0,0.0,0.0,0.0,0.0,0.0,0.0,0.0,0.0,0.0,0.0,0.0,0.0,0.0,0.0,0.0,0.0,0.0,0.0,0.0,0.0,0.0,0.0,0.0,0.0,0.0,0.0,0.0,0.0,0.0,0.0,0.0,0.0,0.0,0.0,0.0,0.0,0.0,0.0,0.0,0.0,0.0,0.0,0.0,0.0,0.0,0.0,0.0,0.0,0.0,0.0,0.0,0.0,0.0,0.0,0.0,0.0,0.0,0.0,0.0,0.0,0.0
74,395744988.0,3.0,17.0,13.0,1.0,28.0,0.0,10.0,1.0,0.0,14.0,0.0,68.0,54.0,5.0,7.0,0.0,47.0,2.0,0.0,48.0,43.0,3.0,18.0,20.0,1.0,11.0,74.0,8.0,0.0,35.0,15.0,9.0,16.0,79.0,51.0,4.0,4.0,49.0,1.0,10.0,90.0,34.0,2.0,25.0,47.0,62.0,1.0,2.0,26.0,0.0,6.0,9.0,25.0,12.0,0.0,10.0,63.0,15.0,2.0,5.0,17.0,24.0,0.0,25.0,0.0,1.0,6.0,24.0,54.0,56.0,0.0,29.0,0.0,0.0,8.0,8.0,3.0,7.0,0.0,14.0,4.0,0.0,0.0,2.0,6.0,4.0,8.0,17.0,1.0,66.0,0.0,26.0,93.0,0.0,33.0,20.0,21.0,12.0,5.0,6.0,1.0,84.0,4.0,15.0,1.0,0.0,0.0,16.0,16.0,2.0,9.0,31.0,3.0,14.0
75,3980995932.0,0.0,0.0,0.0,1.0,1.0,0.0,1.0,0.0,0.0,0.0,0.0,7.0,1.0,2.0,0.0,0.0,7.0,1.0,0.0,4.0,7.0,0.0,2.0,3.0,0.0,0.0,11.0,0.0,0.0,0.0,1.0,1.0,1.0,6.0,4.0,0.0,4.0,2.0,0.0,2.0,6.0,6.0,0.0,4.0,0.0,0.0,0.0,0.0,1.0,0.0,4.0,0.0,2.0,0.0,0.0,0.0,8.0,2.0,0.0,0.0,0.0,1.0,2.0,0.0,0.0,0.0,4.0,2.0,8.0,10.0,0.0,0.0,0.0,8.0,0.0,2.0,2.0,0.0,0.0,2.0,1.0,0.0,0.0,0.0,1.0,0.0,3.0,1.0,0.0,1.0,0.0,3.0,8.0,0.0,9.0,7.0,4.0,1.0,0.0,2.0,0.0,5.0,0.0,0.0,0.0,2.0,0.0,3.0,1.0,0.0,2.0,2.0,0.0,1.0
76,4110572473.0,1.0,2.0,0.0,1.0,6.0,0.0,4.0,0.0,0.0,6.0,0.0,11.0,9.0,3.0,2.0,0.0,4.0,1.0,0.0,8.0,5.0,0.0,6.0,3.0,0.0,2.0,20.0,1.0,0.0,3.0,2.0,3.0,2.0,13.0,4.0,1.0,2.0,8.0,0.0,7.0,18.0,6.0,1.0,5.0,3.0,5.0,0.0,0.0,1.0,0.0,4.0,5.0,6.0,0.0,0.0,1.0,6.0,2.0,1.0,1.0,4.0,1.0,1.0,3.0,0.0,0.0,4.0,5.0,7.0,10.0,0.0,3.0,0.0,8.0,2.0,0.0,0.0,9.0,0.0,4.0,2.0,0.0,0.0,0.0,4.0,1.0,5.0,5.0,0.0,4.0,0.0,4.0,14.0,0.0,9.0,2.0,2.0,2.0,1.0,3.0,0.0,10.0,0.0,1.0,1.0,1.0,0.0,5.0,4.0,0.0,4.0,5.0,0.0,4.0
77,4123467793.0,0.0,0.0,0.0,1.0,4.0,0.0,1.0,0.0,0.0,0.0,0.0,2.0,4.0,1.0,0.0,0.0,7.0,1.0,0.0,2.0,8.0,2.0,2.0,4.0,0.0,0.0,9.0,0.0,0.0,3.0,0.0,3.0,1.0,7.0,2.0,0.0,3.0,2.0,0.0,2.0,10.0,3.0,0.0,3.0,0.0,0.0,0.0,0.0,0.0,0.0,1.0,0.0,1.0,0.0,0.0,1.0,6.0,4.0,0.0,0.0,0.0,1.0,2.0,1.0,0.0,0.0,2.0,3.0,5.0,8.0,6.0,0.0,0.0,3.0,2.0,0.0,0.0,0.0,0.0,1.0,0.0,2.0,0.0,0.0,2.0,1.0,1.0,1.0,0.0,1.0,0.0,2.0,7.0,0.0,8.0,3.0,2.0,2.0,0.0,0.0,0.0,2.0,0.0,0.0,0.0,2.0,0.0,6.0,1.0,0.0,1.0,6.0,0.0,4.0
78,43327755.0,0.0,2.0,2.0,0.0,3.0,0.0,4.0,0.0,0.0,3.0,0.0,17.0,13.0,1.0,2.0,0.0,1.0,1.0,0.0,5.0,2.0,0.0,3.0,2.0,0.0,0.0,15.0,0.0,0.0,3.0,2.0,1.0,2.0,19.0,2.0,0.0,1.0,6.0,0.0,6.0,14.0,2.0,0.0,5.0,0.0,5.0,0.0,1.0,0.0,0.0,1.0,6.0,6.0,1.0,0.0,2.0,4.0,1.0,0.0,1.0,4.0,0.0,0.0,8.0,0.0,1.0,4.0,5.0,2.0,5.0,0.0,8.0,0.0,7.0,0.0,9.0,0.0,0.0,0.0,5.0,7.0,0.0,0.0,1.0,3.0,1.0,2.0,2.0,0.0,8.0,0.0,4.0,17.0,0.0,8.0,1.0,2.0,2.0,2.0,2.0,0.0,35.0,2.0,0.0,0.0,1.0,0.0,2.0,3.0,0.0,5.0,3.0,1.0,3.0
79,433793763.0,0.0,0.0,0.0,0.0,0.0,0.0,0.0,0.0,0.0,0.0,0.0,0.0,0.0,0.0,0.0,0.0,0.0,0.0,0.0,0.0,0.0,0.0,0.0,0.0,0.0,0.0,0.0,0.0,0.0,0.0,0.0,0.0,0.0,0.0,0.0,0.0,0.0,0.0,0.0,0.0,0.0,0.0,0.0,0.0,0.0,0.0,0.0,0.0,0.0,0.0,0.0,0.0,0.0,0.0,0.0,0.0,0.0,0.0,0.0,0.0,0.0,0.0,0.0,0.0,0.0,0.0,0.0,0.0,0.0,0.0,0.0,0.0,0.0,0.0,0.0,0.0,0.0,0.0,0.0,0.0,0.0,0.0,0.0,0.0,0.0,0.0,0.0,0.0,0.0,0.0,0.0,0.0,0.0,0.0,0.0,0.0,0.0,0.0,0.0,0.0,0.0,0.0,0.0,0.0,0.0,0.0,0.0,0.0,0.0,0.0,0.0,0.0,0.0,0.0
80,43497881.0,1.0,5.0,2.0,0.0,9.0,0.0,4.0,1.0,0.0,4.0,0.0,19.0,20.0,3.0,2.0,0.0,9.0,6.0,0.0,23.0,12.0,0.0,8.0,6.0,3.0,6.0,33.0,4.0,0.0,7.0,6.0,7.0,3.0,41.0,14.0,1.0,2.0,11.0,1.0,13.0,32.0,10.0,2.0,10.0,16.0,13.0,0.0,2.0,3.0,0.0,3.0,7.0,6.0,4.0,0.0,3.0,14.0,3.0,1.0,2.0,8.0,3.0,1.0,4.0,0.0,0.0,5.0,7.0,9.0,16.0,2.0,9.0,0.0,14.0,2.0,4.0,1.0,5.0,0.0,0.0,2.0,0.0,0.0,0.0,6.0,3.0,4.0,7.0,0.0,8.0,0.0,7.0,29.0,1.0,15.0,4.0,6.0,4.0,1.0,3.0,0.0,11.0,2.0,3.0,1.0,3.0,0.0,8.0,5.0,0.0,4.0,7.0,1.0,8.0
81,43725438.0,1.0,1.0,0.0,1.0,2.0,0.0,3.0,0.0,0.0,3.0,0.0,5.0,8.0,1.0,2.0,0.0,3.0,1.0,1.0,6.0,4.0,0.0,3.0,4.0,1.0,0.0,13.0,1.0,0.0,3.0,0.0,2.0,1.0,28.0,1.0,1.0,1.0,5.0,0.0,2.0,16.0,4.0,1.0,3.0,6.0,3.0,0.0,0.0,2.0,0.0,1.0,11.0,4.0,5.0,0.0,0.0,3.0,2.0,1.0,1.0,3.0,0.0,1.0,4.0,0.0,0.0,5.0,2.0,2.0,6.0,0.0,4.0,0.0,4.0,1.0,2.0,0.0,7.0,0.0,2.0,0.0,0.0,0.0,1.0,3.0,0.0,3.0,2.0,4.0,11.0,0.0,1.0,71.0,0.0,13.0,1.0,4.0,1.0,0.0,8.0,0.0,8.0,0.0,2.0,0.0,1.0,0.0,4.0,0.0,0.0,2.0,2.0,0.0,2.0
82,44434107.0,0.0,0.0,0.0,0.0,0.0,0.0,0.0,0.0,0.0,0.0,0.0,0.0,0.0,0.0,0.0,0.0,0.0,0.0,0.0,0.0,0.0,0.0,0.0,1.0,0.0,0.0,1.0,0.0,0.0,2.0,0.0,0.0,0.0,0.0,0.0,0.0,0.0,0.0,0.0,0.0,0.0,0.0,0.0,0.0,0.0,0.0,0.0,0.0,0.0,0.0,0.0,0.0,0.0,0.0,0.0,0.0,0.0,0.0,0.0,0.0,0.0,0.0,0.0,0.0,0.0,0.0,0.0,0.0,0.0,0.0,0.0,0.0,0.0,0.0,0.0,0.0,2.0,0.0,0.0,0.0,0.0,0.0,0.0,0.0,0.0,0.0,0.0,0.0,0.0,0.0,0.0,0.0,0.0,0.0,0.0,0.0,0.0,0.0,0.0,0.0,3.0,0.0,0.0,0.0,0.0,0.0,0.0,1.0,0.0,0.0,0.0,1.0,0.0,0.0
83,4445175263.0,0.0,0.0,1.0,0.0,0.0,0.0,0.0,0.0,0.0,0.0,0.0,0.0,0.0,0.0,0.0,0.0,0.0,0.0,0.0,0.0,0.0,0.0,0.0,0.0,0.0,0.0,0.0,0.0,0.0,0.0,0.0,0.0,0.0,0.0,0.0,0.0,0.0,0.0,0.0,0.0,1.0,0.0,0.0,0.0,2.0,0.0,0.0,0.0,0.0,0.0,0.0,0.0,0.0,0.0,0.0,0.0,0.0,0.0,0.0,0.0,0.0,1.0,0.0,0.0,0.0,0.0,0.0,0.0,0.0,0.0,0.0,0.0,0.0,0.0,0.0,0.0,0.0,0.0,0.0,0.0,0.0,0.0,0.0,0.0,0.0,0.0,0.0,0.0,0.0,0.0,0.0,0.0,0.0,0.0,0.0,0.0,0.0,0.0,0.0,0.0,0.0,0.0,0.0,0.0,0.0,0.0,0.0,0.0,0.0,0.0,0.0,0.0,0.0,0.0
84,45527762.0,0.0,1.0,2.0,0.0,1.0,0.0,0.0,0.0,0.0,1.0,0.0,1.0,2.0,0.0,0.0,0.0,0.0,0.0,0.0,1.0,0.0,0.0,1.0,0.0,0.0,0.0,1.0,0.0,3.0,1.0,1.0,0.0,0.0,1.0,0.0,0.0,0.0,1.0,0.0,1.0,1.0,1.0,0.0,1.0,0.0,3.0,0.0,1.0,0.0,0.0,0.0,0.0,2.0,1.0,0.0,1.0,0.0,0.0,0.0,0.0,1.0,0.0,0.0,1.0,0.0,1.0,1.0,0.0,0.0,1.0,0.0,1.0,0.0,2.0,0.0,0.0,0.0,1.0,0.0,0.0,1.0,0.0,0.0,0.0,0.0,0.0,0.0,1.0,0.0,1.0,0.0,2.0,1.0,0.0,2.0,0.0,1.0,0.0,1.0,2.0,0.0,3.0,1.0,0.0,0.0,0.0,0.0,0.0,0.0,0.0,0.0,0.0,7.0,0.0
85,4727060534.0,0.0,1.0,0.0,2.0,17.0,0.0,3.0,0.0,0.0,3.0,0.0,19.0,7.0,5.0,1.0,0.0,11.0,4.0,0.0,6.0,9.0,0.0,5.0,1.0,0.0,5.0,31.0,8.0,0.0,4.0,1.0,1.0,0.0,17.0,16.0,1.0,4.0,7.0,0.0,8.0,26.0,7.0,1.0,10.0,6.0,7.0,6.0,0.0,0.0,0.0,6.0,7.0,12.0,3.0,0.0,0.0,9.0,6.0,2.0,1.0,3.0,0.0,2.0,7.0,0.0,0.0,11.0,4.0,6.0,32.0,1.0,3.0,0.0,6.0,1.0,4.0,2.0,3.0,0.0,6.0,3.0,0.0,0.0,0.0,0.0,0.0,18.0,1.0,0.0,9.0,1.0,6.0,45.0,0.0,30.0,5.0,3.0,7.0,1.0,2.0,0.0,14.0,1.0,1.0,2.0,4.0,0.0,8.0,3.0,0.0,5.0,10.0,0.0,9.0
86,4759411316.0,0.0,2.0,0.0,0.0,2.0,0.0,1.0,5.0,0.0,2.0,0.0,5.0,3.0,0.0,2.0,0.0,2.0,2.0,0.0,1.0,3.0,0.0,1.0,0.0,0.0,0.0,2.0,0.0,0.0,1.0,2.0,2.0,2.0,4.0,1.0,0.0,1.0,10.0,1.0,2.0,5.0,1.0,0.0,2.0,4.0,5.0,0.0,0.0,1.0,2.0,1.0,1.0,1.0,0.0,0.0,0.0,2.0,0.0,0.0,0.0,3.0,2.0,0.0,3.0,0.0,0.0,0.0,4.0,3.0,3.0,0.0,1.0,0.0,4.0,0.0,1.0,1.0,1.0,0.0,3.0,0.0,0.0,0.0,0.0,0.0,0.0,0.0,2.0,0.0,3.0,0.0,1.0,2.0,0.0,3.0,2.0,1.0,3.0,1.0,0.0,0.0,5.0,1.0,3.0,0.0,1.0,3.0,2.0,4.0,0.0,1.0,6.0,1.0,2.0
87,4778548693.0,0.0,1.0,0.0,0.0,34.0,0.0,3.0,0.0,0.0,3.0,0.0,33.0,7.0,7.0,1.0,0.0,15.0,1.0,0.0,6.0,7.0,0.0,5.0,2.0,0.0,1.0,7.0,21.0,0.0,1.0,1.0,2.0,2.0,9.0,40.0,1.0,5.0,4.0,0.0,5.0,8.0,13.0,1.0,9.0,1.0,3.0,9.0,0.0,0.0,0.0,4.0,3.0,5.0,0.0,0.0,0.0,6.0,5.0,0.0,2.0,2.0,0.0,1.0,4.0,0.0,0.0,7.0,8.0,13.0,12.0,0.0,2.0,0.0,8.0,3.0,5.0,1.0,2.0,0.0,4.0,3.0,0.0,0.0,0.0,18.0,0.0,0.0,1.0,0.0,2.0,0.0,3.0,22.0,0.0,10.0,7.0,6.0,19.0,0.0,1.0,0.0,4.0,0.0,1.0,1.0,1.0,0.0,8.0,2.0,0.0,2.0,5.0,0.0,5.0
88,4817908039.0,0.0,3.0,3.0,0.0,3.0,3.0,2.0,1.0,0.0,5.0,0.0,11.0,9.0,1.0,2.0,0.0,1.0,1.0,0.0,12.0,3.0,0.0,10.0,3.0,0.0,6.0,14.0,2.0,0.0,15.0,4.0,1.0,1.0,14.0,0.0,1.0,0.0,15.0,1.0,5.0,8.0,4.0,1.0,5.0,15.0,20.0,0.0,1.0,2.0,0.0,1.0,19.0,11.0,4.0,0.0,0.0,2.0,1.0,1.0,0.0,3.0,1.0,0.0,10.0,0.0,0.0,1.0,3.0,3.0,5.0,0.0,2.0,0.0,17.0,1.0,5.0,1.0,2.0,0.0,7.0,2.0,0.0,0.0,1.0,1.0,2.0,1.0,0.0,2.0,17.0,0.0,11.0,14.0,2.0,9.0,2.0,0.0,3.0,3.0,1.0,0.0,22.0,1.0,7.0,1.0,0.0,0.0,2.0,4.0,0.0,6.0,2.0,2.0,1.0
89,535883849.0,1.0,0.0,0.0,0.0,0.0,1.0,1.0,0.0,0.0,0.0,0.0,2.0,4.0,2.0,5.0,0.0,2.0,0.0,1.0,2.0,4.0,0.0,3.0,4.0,2.0,1.0,9.0,0.0,0.0,3.0,1.0,0.0,0.0,6.0,2.0,0.0,0.0,2.0,0.0,1.0,5.0,5.0,2.0,2.0,3.0,4.0,0.0,1.0,4.0,0.0,0.0,5.0,2.0,6.0,0.0,0.0,1.0,1.0,1.0,0.0,2.0,1.0,0.0,5.0,0.0,0.0,0.0,2.0,1.0,2.0,1.0,2.0,0.0,1.0,0.0,0.0,0.0,0.0,0.0,0.0,4.0,0.0,0.0,0.0,0.0,0.0,0.0,2.0,0.0,5.0,0.0,4.0,18.0,0.0,3.0,0.0,0.0,1.0,0.0,0.0,0.0,3.0,1.0,0.0,1.0,0.0,0.0,0.0,0.0,0.0,2.0,2.0,0.0,1.0
90,564336016.0,0.0,6.0,4.0,1.0,5.0,2.0,2.0,0.0,0.0,15.0,0.0,13.0,23.0,2.0,10.0,0.0,5.0,1.0,1.0,17.0,7.0,0.0,12.0,19.0,2.0,8.0,47.0,8.0,0.0,23.0,1.0,5.0,3.0,68.0,5.0,2.0,2.0,29.0,3.0,11.0,28.0,12.0,4.0,12.0,21.0,26.0,0.0,1.0,5.0,0.0,3.0,54.0,49.0,22.0,1.0,4.0,9.0,4.0,3.0,1.0,19.0,5.0,1.0,15.0,0.0,2.0,5.0,8.0,8.0,13.0,0.0,7.0,0.0,66.0,1.0,4.0,1.0,8.0,0.0,8.0,11.0,0.0,0.0,1.0,9.0,3.0,2.0,17.0,5.0,0.0,1.0,20.0,51.0,0.0,15.0,4.0,5.0,3.0,5.0,3.0,0.0,67.0,4.0,8.0,7.0,1.0,0.0,4.0,2.0,0.0,3.0,5.0,5.0,6.0
91,576065589.0,0.0,0.0,0.0,0.0,1.0,1.0,1.0,1.0,1.0,2.0,0.0,1.0,0.0,0.0,1.0,0.0,0.0,0.0,0.0,1.0,1.0,0.0,0.0,0.0,0.0,0.0,1.0,2.0,0.0,2.0,1.0,0.0,0.0,1.0,1.0,0.0,0.0,0.0,0.0,0.0,1.0,0.0,1.0,0.0,1.0,2.0,0.0,0.0,1.0,0.0,0.0,2.0,0.0,2.0,0.0,0.0,1.0,0.0,0.0,0.0,1.0,0.0,0.0,2.0,0.0,0.0,0.0,0.0,2.0,0.0,0.0,0.0,0.0,0.0,0.0,0.0,0.0,0.0,0.0,0.0,0.0,0.0,0.0,0.0,1.0,0.0,0.0,0.0,0.0,1.0,0.0,1.0,0.0,1.0,0.0,0.0,0.0,0.0,0.0,0.0,1.0,3.0,0.0,0.0,0.0,0.0,0.0,0.0,0.0,0.0,0.0,0.0,0.0,1.0
92,58132430.0,1.0,2.0,2.0,0.0,5.0,0.0,3.0,0.0,0.0,5.0,0.0,9.0,14.0,3.0,4.0,0.0,4.0,2.0,0.0,13.0,7.0,1.0,8.0,8.0,0.0,1.0,10.0,3.0,0.0,11.0,3.0,2.0,2.0,14.0,9.0,1.0,0.0,17.0,2.0,7.0,13.0,7.0,1.0,7.0,6.0,14.0,0.0,1.0,3.0,0.0,2.0,4.0,13.0,7.0,0.0,3.0,8.0,5.0,1.0,1.0,8.0,1.0,0.0,10.0,0.0,1.0,3.0,7.0,7.0,11.0,0.0,3.0,0.0,26.0,3.0,4.0,2.0,4.0,0.0,7.0,1.0,0.0,0.0,2.0,6.0,1.0,3.0,11.0,4.0,20.0,1.0,0.0,19.0,1.0,15.0,3.0,2.0,3.0,3.0,2.0,1.0,29.0,4.0,2.0,1.0,0.0,0.0,5.0,4.0,0.0,3.0,5.0,1.0,6.0
93,59146843.0,6.0,6.0,8.0,9.0,25.0,8.0,22.0,4.0,1.0,12.0,0.0,73.0,59.0,11.0,12.0,0.0,24.0,8.0,0.0,65.0,32.0,3.0,25.0,18.0,6.0,21.0,202.0,19.0,0.0,39.0,8.0,11.0,3.0,142.0,47.0,3.0,8.0,23.0,1.0,29.0,114.0,33.0,8.0,41.0,48.0,40.0,6.0,3.0,11.0,0.0,13.0,43.0,32.0,18.0,0.0,4.0,50.0,17.0,3.0,3.0,30.0,6.0,2.0,21.0,0.0,1.0,40.0,18.0,38.0,73.0,9.0,18.0,0.0,93.0,8.0,14.0,7.0,17.0,0.0,29.0,71.0,0.0,0.0,1.0,45.0,2.0,22.0,14.0,18.0,51.0,0.0,19.0,0.0,2.0,87.0,19.0,19.0,13.0,3.0,24.0,5.0,55.0,9.0,4.0,2.0,10.0,0.0,27.0,11.0,0.0,15.0,30.0,5.0,23.0
94,60936786.0,0.0,0.0,0.0,0.0,1.0,3.0,1.0,3.0,1.0,1.0,0.0,4.0,3.0,0.0,0.0,0.0,0.0,0.0,0.0,4.0,0.0,0.0,0.0,0.0,0.0,2.0,4.0,0.0,0.0,0.0,0.0,0.0,0.0,4.0,0.0,0.0,0.0,2.0,0.0,1.0,0.0,0.0,0.0,0.0,0.0,3.0,0.0,0.0,3.0,0.0,0.0,2.0,0.0,0.0,0.0,0.0,0.0,0.0,0.0,0.0,0.0,0.0,0.0,1.0,0.0,0.0,0.0,0.0,0.0,0.0,0.0,0.0,0.0,0.0,0.0,0.0,0.0,0.0,0.0,1.0,0.0,0.0,0.0,0.0,0.0,0.0,0.0,2.0,0.0,0.0,1.0,1.0,2.0,0.0,0.0,0.0,0.0,0.0,0.0,0.0,1.0,0.0,0.0,0.0,0.0,0.0,0.0,0.0,0.0,0.0,0.0,0.0,0.0,0.0
95,609921923.0,2.0,4.0,3.0,12.0,14.0,1.0,11.0,0.0,0.0,5.0,0.0,35.0,28.0,9.0,3.0,0.0,46.0,7.0,0.0,28.0,37.0,1.0,18.0,15.0,0.0,5.0,112.0,9.0,0.0,16.0,5.0,12.0,5.0,63.0,24.0,1.0,9.0,20.0,0.0,17.0,80.0,23.0,3.0,31.0,18.0,13.0,0.0,1.0,1.0,0.0,15.0,13.0,23.0,5.0,0.0,4.0,38.0,14.0,5.0,3.0,13.0,3.0,3.0,11.0,0.0,1.0,11.0,19.0,31.0,76.0,6.0,6.0,0.0,33.0,9.0,9.0,8.0,8.0,0.0,15.0,13.0,0.0,0.0,2.0,30.0,3.0,10.0,9.0,3.0,15.0,0.0,15.0,87.0,0.0,0.0,15.0,14.0,7.0,4.0,8.0,1.0,27.0,6.0,1.0,1.0,12.0,0.0,24.0,9.0,0.0,15.0,32.0,3.0,20.0
96,7.035658628007485e+17,0.0,1.0,1.0,2.0,12.0,0.0,6.0,0.0,0.0,1.0,0.0,18.0,8.0,3.0,0.0,0.0,21.0,4.0,0.0,7.0,17.0,0.0,9.0,2.0,0.0,2.0,24.0,8.0,0.0,3.0,1.0,5.0,6.0,17.0,22.0,0.0,8.0,10.0,0.0,6.0,25.0,14.0,0.0,14.0,6.0,3.0,2.0,0.0,1.0,0.0,7.0,2.0,4.0,2.0,0.0,0.0,17.0,2.0,2.0,0.0,5.0,5.0,2.0,4.0,0.0,0.0,7.0,11.0,19.0,23.0,0.0,2.0,0.0,20.0,7.0,2.0,3.0,1.0,0.0,4.0,1.0,0.0,0.0,0.0,5.0,2.0,7.0,2.0,0.0,4.0,0.0,3.0,19.0,0.0,15.0,0.0,13.0,9.0,0.0,3.0,0.0,7.0,0.0,1.0,0.0,4.0,0.0,14.0,5.0,0.0,3.0,12.0,1.0,8.0
97,72845927.0,1.0,1.0,2.0,1.0,10.0,0.0,3.0,0.0,0.0,0.0,0.0,17.0,11.0,2.0,0.0,0.0,19.0,2.0,0.0,10.0,19.0,0.0,8.0,3.0,0.0,0.0,22.0,5.0,0.0,4.0,1.0,7.0,7.0,19.0,18.0,0.0,6.0,10.0,0.0,8.0,19.0,13.0,0.0,8.0,2.0,2.0,1.0,1.0,0.0,0.0,5.0,1.0,2.0,1.0,0.0,4.0,17.0,3.0,0.0,1.0,4.0,5.0,1.0,3.0,0.0,1.0,4.0,12.0,17.0,22.0,0.0,6.0,0.0,21.0,4.0,2.0,2.0,2.0,0.0,6.0,4.0,0.0,0.0,1.0,3.0,1.0,6.0,0.0,0.0,5.0,0.0,2.0,19.0,0.0,14.0,13.0,0.0,4.0,1.0,4.0,0.0,3.0,2.0,0.0,0.0,2.0,0.0,13.0,3.0,0.0,2.0,12.0,1.0,10.0
98,7.306828194674483e+17,0.0,3.0,1.0,0.0,37.0,0.0,1.0,0.0,0.0,2.0,0.0,35.0,14.0,5.0,1.0,0.0,27.0,2.0,0.0,6.0,13.0,0.0,3.0,6.0,0.0,2.0,15.0,29.0,0.0,7.0,3.0,8.0,5.0,15.0,42.0,2.0,2.0,13.0,0.0,4.0,20.0,19.0,1.0,14.0,13.0,7.0,9.0,0.0,0.0,0.0,1.0,1.0,3.0,0.0,0.0,5.0,11.0,2.0,0.0,0.0,6.0,8.0,0.0,9.0,0.0,0.0,11.0,7.0,15.0,20.0,0.0,2.0,0.0,12.0,1.0,2.0,2.0,2.0,0.0,4.0,1.0,0.0,0.0,0.0,7.0,3.0,19.0,3.0,1.0,3.0,0.0,3.0,13.0,0.0,7.0,9.0,4.0,0.0,1.0,0.0,0.0,5.0,2.0,2.0,1.0,0.0,0.0,8.0,3.0,3.0,1.0,9.0,1.0,9.0
99,73458750.0,0.0,2.0,2.0,0.0,1.0,0.0,0.0,0.0,0.0,2.0,0.0,3.0,3.0,0.0,1.0,0.0,0.0,0.0,0.0,2.0,0.0,0.0,0.0,3.0,0.0,1.0,3.0,0.0,0.0,2.0,3.0,0.0,0.0,5.0,0.0,0.0,0.0,5.0,0.0,2.0,2.0,1.0,0.0,1.0,3.0,2.0,0.0,1.0,0.0,0.0,0.0,3.0,9.0,2.0,5.0,1.0,0.0,0.0,1.0,0.0,2.0,1.0,0.0,3.0,0.0,4.0,2.0,1.0,0.0,2.0,0.0,2.0,0.0,5.0,0.0,1.0,0.0,2.0,0.0,1.0,0.0,0.0,0.0,1.0,1.0,1.0,0.0,3.0,0.0,5.0,0.0,3.0,3.0,0.0,4.0,0.0,1.0,1.0,0.0,1.0,0.0,6.0,2.0,1.0,0.0,0.0,0.0,0.0,1.0,0.0,2.0,0.0,3.0,0.0
100,74165111.0,1.0,1.0,1.0,1.0,3.0,0.0,6.0,0.0,1.0,1.0,0.0,10.0,7.0,1.0,0.0,0.0,4.0,2.0,0.0,3.0,3.0,0.0,3.0,2.0,0.0,2.0,25.0,0.0,0.0,5.0,1.0,1.0,0.0,12.0,1.0,0.0,2.0,3.0,0.0,2.0,9.0,2.0,0.0,6.0,1.0,2.0,0.0,1.0,0.0,0.0,2.0,1.0,3.0,1.0,0.0,1.0,3.0,0.0,0.0,0.0,1.0,1.0,1.0,2.0,0.0,1.0,16.0,0.0,3.0,10.0,0.0,4.0,0.0,6.0,2.0,3.0,0.0,2.0,0.0,3.0,8.0,0.0,0.0,2.0,2.0,0.0,1.0,1.0,0.0,3.0,0.0,2.0,24.0,0.0,8.0,3.0,4.0,0.0,1.0,0.0,0.0,5.0,2.0,0.0,0.0,1.0,0.0,2.0,0.0,0.0,2.0,0.0,1.0,2.0
101,74518333.0,0.0,0.0,0.0,0.0,2.0,1.0,1.0,1.0,1.0,0.0,0.0,4.0,2.0,0.0,0.0,0.0,0.0,0.0,0.0,9.0,0.0,2.0,0.0,3.0,0.0,0.0,9.0,0.0,0.0,0.0,0.0,0.0,0.0,5.0,0.0,0.0,0.0,0.0,0.0,1.0,1.0,0.0,0.0,0.0,0.0,3.0,0.0,0.0,1.0,0.0,0.0,1.0,0.0,0.0,0.0,0.0,0.0,0.0,0.0,0.0,0.0,0.0,0.0,0.0,0.0,0.0,0.0,0.0,0.0,1.0,0.0,0.0,0.0,1.0,0.0,0.0,0.0,0.0,0.0,0.0,0.0,3.0,0.0,0.0,0.0,0.0,0.0,0.0,0.0,0.0,1.0,1.0,5.0,1.0,1.0,0.0,0.0,0.0,0.0,0.0,0.0,0.0,0.0,0.0,0.0,0.0,0.0,0.0,0.0,0.0,0.0,0.0,0.0,0.0
102,763474394.0,1.0,8.0,5.0,1.0,5.0,3.0,9.0,0.0,1.0,15.0,0.0,57.0,33.0,3.0,9.0,0.0,6.0,2.0,1.0,31.0,15.0,0.0,13.0,28.0,0.0,6.0,41.0,6.0,0.0,36.0,10.0,6.0,6.0,56.0,19.0,0.0,4.0,40.0,5.0,10.0,42.0,13.0,1.0,16.0,17.0,45.0,0.0,2.0,9.0,1.0,3.0,25.0,67.0,13.0,0.0,4.0,27.0,5.0,4.0,2.0,22.0,7.0,0.0,26.0,0.0,1.0,5.0,18.0,14.0,25.0,0.0,14.0,0.0,84.0,5.0,10.0,2.0,35.0,0.0,11.0,8.0,0.0,0.0,3.0,14.0,5.0,4.0,22.0,3.0,67.0,3.0,29.0,55.0,0.0,27.0,7.0,3.0,5.0,6.0,5.0,0.0,0.0,8.0,11.0,0.0,0.0,0.0,5.0,10.0,1.0,9.0,9.0,4.0,6.0
103,77629833.0,1.0,6.0,7.0,0.0,1.0,0.0,1.0,0.0,0.0,2.0,0.0,3.0,5.0,1.0,2.0,0.0,1.0,0.0,0.0,5.0,1.0,0.0,1.0,2.0,0.0,0.0,12.0,6.0,0.0,7.0,2.0,1.0,1.0,5.0,2.0,0.0,0.0,7.0,0.0,3.0,3.0,3.0,0.0,4.0,7.0,4.0,0.0,20.0,0.0,0.0,0.0,1.0,7.0,3.0,0.0,3.0,1.0,0.0,1.0,0.0,5.0,1.0,0.0,4.0,2.0,1.0,1.0,4.0,2.0,2.0,0.0,1.0,0.0,4.0,0.0,0.0,0.0,2.0,0.0,2.0,0.0,0.0,0.0,1.0,1.0,1.0,0.0,1.0,1.0,4.0,0.0,4.0,9.0,0.0,6.0,0.0,2.0,2.0,2.0,2.0,0.0,8.0,0.0,1.0,0.0,0.0,0.0,2.0,2.0,1.0,1.0,1.0,4.0,1.0
104,805371992.0,0.0,1.0,1.0,0.0,1.0,1.0,0.0,1.0,0.0,3.0,0.0,2.0,2.0,1.0,6.0,0.0,0.0,1.0,0.0,7.0,2.0,0.0,1.0,3.0,0.0,4.0,5.0,2.0,0.0,13.0,1.0,0.0,0.0,3.0,2.0,5.0,0.0,16.0,1.0,0.0,8.0,2.0,1.0,6.0,10.0,15.0,0.0,1.0,2.0,0.0,1.0,4.0,5.0,6.0,0.0,1.0,0.0,1.0,2.0,0.0,4.0,2.0,0.0,1.0,0.0,0.0,0.0,1.0,2.0,1.0,0.0,3.0,0.0,15.0,0.0,1.0,0.0,0.0,0.0,3.0,2.0,0.0,0.0,0.0,1.0,3.0,1.0,7.0,0.0,8.0,0.0,2.0,4.0,0.0,1.0,1.0,0.0,2.0,1.0,0.0,0.0,11.0,1.0,0.0,1.0,0.0,0.0,1.0,1.0,0.0,1.0,1.0,0.0,0.0
105,8.362709640695316e+17,0.0,5.0,0.0,0.0,1.0,5.0,0.0,0.0,0.0,2.0,3.0,1.0,2.0,1.0,0.0,0.0,0.0,0.0,10.0,8.0,1.0,0.0,1.0,5.0,1.0,3.0,1.0,2.0,0.0,1.0,1.0,0.0,0.0,1.0,0.0,1.0,0.0,1.0,0.0,1.0,1.0,1.0,1.0,1.0,1.0,1.0,0.0,0.0,0.0,4.0,1.0,9.0,2.0,0.0,0.0,0.0,0.0,2.0,0.0,0.0,3.0,0.0,0.0,0.0,0.0,0.0,1.0,1.0,1.0,1.0,0.0,0.0,0.0,1.0,0.0,1.0,0.0,0.0,0.0,1.0,0.0,0.0,0.0,0.0,2.0,0.0,1.0,1.0,1.0,7.0,0.0,1.0,2.0,0.0,1.0,0.0,0.0,1.0,0.0,0.0,0.0,0.0,0.0,1.0,0.0,0.0,0.0,1.0,1.0,1.0,0.0,1.0,0.0,0.0
106,8.422416476855624e+17,1.0,0.0,0.0,3.0,3.0,0.0,1.0,0.0,0.0,0.0,0.0,7.0,4.0,2.0,0.0,0.0,16.0,3.0,0.0,1.0,8.0,0.0,4.0,0.0,0.0,0.0,18.0,0.0,0.0,0.0,0.0,2.0,1.0,8.0,2.0,0.0,6.0,1.0,0.0,4.0,17.0,2.0,0.0,3.0,0.0,0.0,0.0,0.0,0.0,0.0,5.0,0.0,4.0,0.0,0.0,0.0,7.0,0.0,0.0,0.0,2.0,0.0,5.0,0.0,0.0,0.0,5.0,1.0,6.0,22.0,3.0,1.0,0.0,0.0,2.0,1.0,2.0,1.0,0.0,3.0,1.0,0.0,0.0,0.0,4.0,1.0,1.0,0.0,0.0,1.0,0.0,0.0,10.0,0.0,12.0,4.0,2.0,0.0,0.0,1.0,0.0,0.0,0.0,0.0,0.0,0.0,0.0,5.0,1.0,0.0,3.0,12.0,0.0,5.0
107,868454990.0,0.0,0.0,0.0,0.0,0.0,0.0,0.0,4.0,0.0,0.0,0.0,0.0,0.0,0.0,0.0,0.0,0.0,0.0,0.0,0.0,0.0,1.0,0.0,0.0,0.0,0.0,0.0,0.0,0.0,0.0,0.0,0.0,0.0,0.0,0.0,0.0,0.0,0.0,0.0,0.0,0.0,0.0,0.0,0.0,0.0,0.0,0.0,0.0,0.0,1.0,0.0,0.0,0.0,0.0,0.0,0.0,0.0,0.0,0.0,0.0,0.0,0.0,0.0,0.0,0.0,0.0,0.0,0.0,0.0,0.0,0.0,0.0,0.0,0.0,0.0,0.0,0.0,0.0,0.0,0.0,0.0,0.0,0.0,0.0,0.0,3.0,0.0,0.0,0.0,0.0,0.0,0.0,0.0,0.0,0.0,0.0,0.0,0.0,0.0,0.0,0.0,0.0,0.0,0.0,0.0,0.0,0.0,0.0,0.0,0.0,0.0,0.0,0.0,0.0
108,8.72030349034967e+17,0.0,2.0,1.0,3.0,15.0,0.0,5.0,0.0,0.0,1.0,0.0,22.0,14.0,5.0,0.0,0.0,18.0,3.0,0.0,14.0,29.0,0.0,14.0,6.0,1.0,2.0,34.0,5.0,0.0,5.0,1.0,9.0,8.0,30.0,23.0,1.0,5.0,11.0,0.0,11.0,40.0,19.0,2.0,9.0,3.0,6.0,4.0,0.0,1.0,0.0,6.0,4.0,6.0,1.0,0.0,4.0,20.0,4.0,0.0,1.0,6.0,3.0,1.0,3.0,0.0,0.0,4.0,16.0,25.0,31.0,1.0,5.0,0.0,16.0,3.0,5.0,6.0,2.0,0.0,8.0,4.0,1.0,0.0,0.0,8.0,2.0,8.0,2.0,0.0,4.0,0.0,5.0,27.0,0.0,24.0,14.0,13.0,8.0,0.0,2.0,0.0,5.0,2.0,1.0,1.0,5.0,0.0,0.0,5.0,0.0,4.0,18.0,0.0,10.0
109,897521796.0,0.0,7.0,3.0,0.0,4.0,0.0,3.0,0.0,0.0,7.0,0.0,11.0,9.0,2.0,0.0,0.0,5.0,3.0,0.0,11.0,7.0,0.0,5.0,1.0,0.0,3.0,10.0,2.0,0.0,3.0,6.0,4.0,2.0,17.0,12.0,1.0,1.0,9.0,0.0,4.0,15.0,3.0,1.0,8.0,13.0,10.0,0.0,0.0,1.0,0.0,3.0,2.0,3.0,0.0,0.0,2.0,7.0,2.0,2.0,1.0,5.0,3.0,0.0,6.0,0.0,0.0,1.0,8.0,7.0,6.0,0.0,1.0,0.0,16.0,1.0,4.0,1.0,3.0,0.0,5.0,0.0,0.0,0.0,0.0,3.0,4.0,2.0,4.0,0.0,2.0,0.0,4.0,11.0,0.0,9.0,5.0,3.0,3.0,1.0,0.0,0.0,10.0,2.0,1.0,1.0,1.0,0.0,5.0,0.0,0.0,4.0,4.0,1.0,3.0
110,905598776.0,0.0,2.0,0.0,0.0,0.0,0.0,0.0,0.0,0.0,0.0,0.0,2.0,1.0,0.0,1.0,0.0,0.0,0.0,0.0,0.0,0.0,0.0,0.0,0.0,0.0,1.0,0.0,1.0,0.0,5.0,2.0,1.0,0.0,1.0,1.0,0.0,0.0,0.0,0.0,0.0,1.0,0.0,0.0,0.0,4.0,4.0,0.0,4.0,0.0,0.0,0.0,0.0,0.0,0.0,0.0,1.0,1.0,0.0,1.0,0.0,1.0,1.0,0.0,0.0,0.0,0.0,0.0,0.0,0.0,0.0,0.0,0.0,0.0,2.0,0.0,0.0,0.0,0.0,0.0,0.0,0.0,0.0,0.0,0.0,0.0,0.0,0.0,0.0,0.0,0.0,0.0,0.0,0.0,0.0,0.0,0.0,0.0,3.0,0.0,0.0,0.0,1.0,1.0,0.0,1.0,0.0,0.0,0.0,0.0,0.0,0.0,0.0,0.0,0.0
111,92727026.0,0.0,1.0,0.0,1.0,3.0,0.0,2.0,0.0,0.0,3.0,0.0,12.0,6.0,3.0,1.0,0.0,6.0,1.0,0.0,6.0,5.0,0.0,5.0,3.0,0.0,0.0,17.0,0.0,0.0,4.0,1.0,3.0,0.0,13.0,3.0,0.0,2.0,3.0,0.0,4.0,17.0,4.0,0.0,4.0,1.0,5.0,0.0,0.0,0.0,0.0,3.0,4.0,9.0,2.0,0.0,0.0,3.0,1.0,0.0,1.0,2.0,0.0,2.0,5.0,0.0,0.0,5.0,4.0,4.0,11.0,5.0,1.0,0.0,9.0,2.0,4.0,1.0,5.0,0.0,4.0,2.0,0.0,0.0,0.0,5.0,1.0,2.0,6.0,2.0,3.0,0.0,3.0,15.0,0.0,15.0,3.0,2.0,1.0,2.0,2.0,0.0,9.0,1.0,1.0,0.0,3.0,0.0,4.0,4.0,0.0,0.0,4.0,1.0,2.0
112,9.285858497755955e+17,2.0,1.0,1.0,5.0,23.0,0.0,10.0,0.0,0.0,1.0,0.0,25.0,28.0,5.0,0.0,0.0,60.0,4.0,0.0,10.0,47.0,0.0,13.0,6.0,1.0,1.0,75.0,6.0,0.0,5.0,2.0,10.0,18.0,39.0,21.0,2.0,10.0,29.0,0.0,14.0,69.0,30.0,2.0,17.0,4.0,3.0,0.0,0.0,0.0,0.0,7.0,1.0,5.0,0.0,0.0,4.0,32.0,8.0,1.0,0.0,8.0,19.0,2.0,6.0,0.0,0.0,6.0,22.0,35.0,70.0,4.0,8.0,0.0,31.0,2.0,5.0,6.0,3.0,0.0,7.0,2.0,1.0,0.0,0.0,10.0,6.0,5.0,2.0,2.0,5.0,0.0,5.0,30.0,0.0,32.0,12.0,12.0,9.0,0.0,0.0,0.0,9.0,1.0,1.0,1.0,12.0,0.0,18.0,4.0,0.0,4.0,0.0,0.0,21.0
113,93573953.0,0.0,2.0,2.0,0.0,1.0,0.0,0.0,0.0,0.0,1.0,0.0,2.0,2.0,0.0,0.0,0.0,0.0,0.0,0.0,1.0,0.0,0.0,1.0,1.0,0.0,1.0,5.0,0.0,4.0,5.0,3.0,0.0,1.0,4.0,0.0,0.0,0.0,3.0,0.0,1.0,3.0,1.0,0.0,3.0,4.0,5.0,0.0,1.0,0.0,0.0,0.0,2.0,2.0,3.0,0.0,1.0,1.0,1.0,0.0,0.0,2.0,0.0,0.0,2.0,0.0,2.0,1.0,1.0,0.0,1.0,0.0,1.0,0.0,3.0,0.0,0.0,0.0,1.0,0.0,1.0,0.0,0.0,0.0,7.0,0.0,1.0,0.0,2.0,0.0,5.0,0.0,1.0,5.0,0.0,3.0,1.0,1.0,1.0,3.0,1.0,0.0,4.0,4.0,0.0,0.0,0.0,0.0,0.0,1.0,0.0,1.0,0.0,0.0,0.0
114,955147808.0,3.0,0.0,0.0,3.0,18.0,0.0,9.0,0.0,0.0,2.0,0.0,15.0,25.0,3.0,1.0,0.0,31.0,5.0,0.0,10.0,25.0,0.0,10.0,3.0,1.0,0.0,34.0,8.0,0.0,7.0,1.0,11.0,9.0,27.0,23.0,1.0,3.0,13.0,0.0,13.0,44.0,18.0,0.0,12.0,2.0,3.0,0.0,0.0,1.0,0.0,2.0,3.0,3.0,2.0,0.0,5.0,28.0,5.0,0.0,2.0,7.0,8.0,3.0,4.0,0.0,0.0,6.0,11.0,25.0,35.0,1.0,7.0,0.0,14.0,1.0,4.0,4.0,3.0,0.0,8.0,2.0,0.0,0.0,0.0,9.0,2.0,5.0,1.0,1.0,6.0,1.0,6.0,23.0,0.0,20.0,8.0,10.0,9.0,0.0,2.0,0.0,6.0,1.0,0.0,0.0,5.0,0.0,10.0,3.0,0.0,2.0,21.0,0.0,0.0
