,0,1,2,3,4,5,6,7,8,9,10,11,12,13,14,15,16,17,18,19,20,21,22,23,24,25,26,27,28,29,30,31,32,33,34,35,36,37,38,39,40,41,42,43,44,45,46,47,48,49,50,51,52,53,54,55,56,57,58,59,60,61,62,63,64,65,66,67,68,69,70,71,72,73,74,75,76,77,78,79,80,81,82,83,84,85,86,87,88,89,90,91,92,93,94,95,96,97,98,99,100,101,102
0,-1.0,14795451.0,14819764.0,15898695.0,16131860.0,17738439.0,17922765.0,18086309.0,19110628.0,19899344.0,22926126.0,23412516.0,24892031.0,27968690.0,28096651.0,32418585.0,33530023.0,33608790.0,39473395.0,41197792.0,41777879.0,43902958.0,48959778.0,48984831.0,55863784.0,60472240.0,60598920.0,67208397.0,69049211.0,70983758.0,75055396.0,80791048.0,84669536.0,90500352.0,96441830.0,97932395.0,98361818.0,125656811.0,137917421.0,145746533.0,181974796.0,187708847.0,188770102.0,192269050.0,193964230.0,194008664.0,207320806.0,209651406.0,210585182.0,210824047.0,218198233.0,226702557.0,234901189.0,235372141.0,238280331.0,239737598.0,240697075.0,246567300.0,253451653.0,253750066.0,254134082.0,258536563.0,263022323.0,263871572.0,265588700.0,266393576.0,266562398.0,268234891.0,268236675.0,268445390.0,272100932.0,274052325.0,274246546.0,280185619.0,280596525.0,283718439.0,287606184.0,304073939.0,304181609.0,309041796.0,312669043.0,314966426.0,317262357.0,330229987.0,332961270.0,335432912.0,369028288.0,374701668.0,376061066.0,380534956.0,384671106.0,395689000.0,402037439.0,402793210.0,409731314.0,409763432.0,412663554.0,414655886.0,418992848.0,425840443.0,430977521.0,434689597.0,436738033.0
1,14795451.0,0.0,4.0,295.0,172.0,22.0,3.0,231.0,92.0,67.0,26.0,0.0,9.0,245.0,6.0,34.0,3.0,0.0,10.0,2.0,5.0,1.0,54.0,26.0,6.0,28.0,2.0,16.0,14.0,62.0,5.0,69.0,5.0,0.0,18.0,0.0,12.0,108.0,13.0,356.0,11.0,15.0,40.0,21.0,4.0,58.0,121.0,12.0,4.0,10.0,10.0,10.0,21.0,0.0,2.0,35.0,25.0,10.0,75.0,20.0,1.0,98.0,167.0,5.0,2.0,19.0,0.0,3.0,2.0,56.0,1.0,4.0,21.0,34.0,40.0,1.0,5.0,8.0,15.0,22.0,9.0,5.0,1.0,9.0,6.0,17.0,92.0,1.0,9.0,18.0,17.0,8.0,94.0,6.0,0.0,0.0,9.0,2.0,0.0,6.0,0.0,2.0,0.0
2,14819764.0,4.0,0.0,9.0,3.0,1.0,1.0,6.0,3.0,2.0,0.0,0.0,1.0,3.0,2.0,3.0,0.0,0.0,0.0,0.0,1.0,0.0,4.0,2.0,0.0,0.0,0.0,1.0,3.0,3.0,1.0,2.0,0.0,0.0,3.0,0.0,1.0,1.0,0.0,1.0,1.0,3.0,4.0,0.0,1.0,0.0,1.0,1.0,0.0,1.0,0.0,1.0,1.0,0.0,0.0,2.0,5.0,1.0,1.0,0.0,0.0,3.0,4.0,1.0,1.0,2.0,0.0,0.0,0.0,0.0,0.0,0.0,0.0,1.0,0.0,0.0,1.0,1.0,2.0,0.0,1.0,1.0,0.0,1.0,0.0,2.0,0.0,0.0,1.0,0.0,1.0,0.0,2.0,0.0,0.0,0.0,1.0,1.0,0.0,0.0,0.0,0.0,0.0
3,15898695.0,295.0,9.0,0.0,274.0,76.0,20.0,1275.0,186.0,183.0,38.0,0.0,27.0,298.0,26.0,72.0,3.0,0.0,21.0,3.0,11.0,3.0,97.0,38.0,12.0,69.0,0.0,94.0,91.0,163.0,12.0,132.0,15.0,5.0,51.0,0.0,39.0,134.0,28.0,95.0,39.0,41.0,117.0,13.0,30.0,123.0,153.0,18.0,6.0,12.0,19.0,24.0,17.0,0.0,19.0,99.0,154.0,23.0,146.0,21.0,2.0,209.0,327.0,20.0,1.0,30.0,4.0,5.0,4.0,92.0,5.0,7.0,35.0,67.0,40.0,2.0,7.0,14.0,24.0,34.0,13.0,10.0,1.0,31.0,14.0,26.0,129.0,6.0,56.0,13.0,47.0,20.0,134.0,21.0,0.0,0.0,11.0,6.0,6.0,7.0,0.0,8.0,0.0
4,16131860.0,172.0,3.0,274.0,0.0,63.0,18.0,247.0,96.0,103.0,12.0,0.0,12.0,178.0,28.0,66.0,2.0,0.0,14.0,2.0,13.0,3.0,116.0,35.0,6.0,14.0,4.0,33.0,28.0,148.0,13.0,66.0,24.0,2.0,38.0,0.0,34.0,104.0,20.0,92.0,11.0,23.0,40.0,12.0,7.0,94.0,102.0,64.0,138.0,53.0,10.0,41.0,24.0,0.0,23.0,83.0,45.0,66.0,144.0,43.0,25.0,302.0,158.0,18.0,11.0,33.0,10.0,82.0,100.0,157.0,6.0,26.0,55.0,148.0,30.0,4.0,23.0,25.0,43.0,97.0,18.0,17.0,1.0,84.0,15.0,129.0,76.0,9.0,26.0,51.0,103.0,61.0,248.0,1.0,2.0,3.0,16.0,6.0,9.0,6.0,0.0,4.0,1.0
5,17738439.0,22.0,1.0,76.0,63.0,0.0,8.0,40.0,31.0,20.0,1.0,0.0,12.0,29.0,11.0,21.0,1.0,0.0,7.0,1.0,13.0,2.0,34.0,15.0,6.0,9.0,0.0,11.0,13.0,47.0,6.0,26.0,3.0,3.0,15.0,0.0,22.0,16.0,2.0,19.0,5.0,18.0,24.0,17.0,1.0,36.0,19.0,16.0,13.0,5.0,0.0,22.0,8.0,0.0,5.0,31.0,24.0,27.0,37.0,16.0,4.0,58.0,51.0,6.0,3.0,15.0,3.0,12.0,12.0,16.0,3.0,3.0,24.0,25.0,8.0,2.0,10.0,10.0,27.0,17.0,9.0,4.0,1.0,12.0,9.0,26.0,22.0,5.0,12.0,6.0,25.0,17.0,38.0,5.0,0.0,0.0,2.0,4.0,1.0,2.0,0.0,1.0,0.0
6,17922765.0,3.0,1.0,20.0,18.0,8.0,0.0,8.0,12.0,7.0,0.0,0.0,8.0,3.0,1.0,5.0,1.0,0.0,2.0,0.0,2.0,5.0,7.0,4.0,0.0,6.0,0.0,5.0,4.0,21.0,1.0,4.0,122.0,0.0,8.0,0.0,2.0,1.0,5.0,2.0,0.0,0.0,7.0,0.0,0.0,11.0,4.0,10.0,13.0,7.0,0.0,9.0,0.0,0.0,59.0,16.0,7.0,12.0,9.0,2.0,3.0,25.0,9.0,4.0,1.0,5.0,2.0,9.0,11.0,2.0,3.0,2.0,2.0,8.0,6.0,0.0,4.0,4.0,7.0,5.0,1.0,1.0,0.0,7.0,3.0,14.0,8.0,1.0,4.0,4.0,23.0,6.0,6.0,0.0,0.0,0.0,4.0,1.0,0.0,1.0,0.0,1.0,0.0
7,18086309.0,231.0,6.0,1275.0,247.0,40.0,8.0,0.0,125.0,108.0,44.0,0.0,113.0,295.0,24.0,67.0,1.0,0.0,10.0,0.0,7.0,0.0,107.0,39.0,9.0,40.0,0.0,142.0,170.0,74.0,16.0,197.0,11.0,3.0,54.0,0.0,31.0,97.0,36.0,91.0,24.0,21.0,92.0,13.0,48.0,87.0,109.0,14.0,5.0,9.0,17.0,18.0,16.0,0.0,4.0,69.0,138.0,17.0,111.0,24.0,1.0,156.0,249.0,14.0,0.0,33.0,2.0,5.0,2.0,77.0,3.0,3.0,31.0,52.0,26.0,3.0,7.0,17.0,22.0,34.0,14.0,9.0,1.0,23.0,11.0,19.0,154.0,4.0,59.0,14.0,40.0,16.0,119.0,6.0,0.0,0.0,8.0,9.0,4.0,5.0,0.0,7.0,0.0
8,19110628.0,92.0,3.0,186.0,96.0,31.0,12.0,125.0,0.0,40.0,12.0,0.0,12.0,83.0,9.0,26.0,4.0,0.0,9.0,1.0,7.0,3.0,85.0,32.0,16.0,37.0,0.0,21.0,15.0,68.0,12.0,81.0,7.0,2.0,29.0,0.0,22.0,39.0,23.0,40.0,6.0,18.0,36.0,7.0,5.0,79.0,43.0,19.0,3.0,14.0,7.0,44.0,17.0,0.0,3.0,38.0,37.0,9.0,98.0,40.0,0.0,100.0,166.0,33.0,3.0,25.0,1.0,1.0,2.0,33.0,14.0,4.0,25.0,46.0,26.0,3.0,23.0,42.0,37.0,25.0,33.0,6.0,1.0,18.0,13.0,19.0,77.0,12.0,11.0,28.0,24.0,13.0,71.0,0.0,0.0,1.0,9.0,18.0,2.0,6.0,0.0,22.0,0.0
9,19899344.0,67.0,2.0,183.0,103.0,20.0,7.0,108.0,40.0,0.0,2.0,0.0,8.0,37.0,12.0,8.0,0.0,0.0,8.0,1.0,9.0,2.0,44.0,13.0,2.0,30.0,0.0,19.0,11.0,78.0,6.0,28.0,4.0,2.0,21.0,0.0,7.0,22.0,109.0,9.0,7.0,19.0,17.0,3.0,6.0,32.0,39.0,7.0,2.0,3.0,50.0,4.0,16.0,0.0,10.0,26.0,27.0,6.0,47.0,3.0,2.0,61.0,46.0,0.0,2.0,13.0,0.0,2.0,1.0,21.0,0.0,2.0,13.0,10.0,8.0,1.0,0.0,2.0,3.0,5.0,1.0,0.0,0.0,4.0,6.0,10.0,67.0,1.0,23.0,6.0,9.0,10.0,26.0,8.0,0.0,0.0,4.0,1.0,2.0,0.0,0.0,0.0,0.0
10,22926126.0,26.0,0.0,38.0,12.0,1.0,0.0,44.0,12.0,2.0,0.0,0.0,1.0,32.0,0.0,3.0,0.0,0.0,0.0,0.0,0.0,0.0,3.0,2.0,0.0,4.0,0.0,0.0,18.0,4.0,0.0,15.0,1.0,0.0,16.0,0.0,4.0,3.0,3.0,43.0,0.0,5.0,29.0,11.0,3.0,2.0,9.0,0.0,0.0,0.0,0.0,1.0,0.0,0.0,1.0,2.0,1.0,0.0,5.0,1.0,0.0,5.0,25.0,0.0,0.0,1.0,0.0,0.0,0.0,5.0,0.0,0.0,1.0,0.0,25.0,0.0,0.0,0.0,0.0,0.0,0.0,0.0,0.0,1.0,0.0,1.0,11.0,0.0,2.0,0.0,2.0,0.0,4.0,2.0,0.0,0.0,0.0,0.0,1.0,1.0,0.0,0.0,0.0
11,23412516.0,0.0,0.0,0.0,0.0,0.0,0.0,0.0,0.0,0.0,0.0,0.0,0.0,0.0,0.0,0.0,0.0,0.0,0.0,0.0,0.0,0.0,0.0,0.0,0.0,0.0,0.0,0.0,0.0,0.0,0.0,0.0,0.0,0.0,0.0,0.0,0.0,0.0,0.0,0.0,0.0,0.0,0.0,0.0,0.0,0.0,0.0,0.0,0.0,0.0,0.0,0.0,0.0,0.0,0.0,0.0,0.0,0.0,0.0,0.0,0.0,0.0,0.0,0.0,0.0,0.0,0.0,0.0,0.0,0.0,0.0,0.0,0.0,0.0,0.0,0.0,0.0,0.0,0.0,0.0,0.0,0.0,0.0,0.0,0.0,0.0,0.0,0.0,0.0,0.0,0.0,0.0,0.0,0.0,0.0,0.0,0.0,0.0,0.0,0.0,0.0,0.0,0.0
12,24892031.0,9.0,1.0,27.0,12.0,12.0,8.0,113.0,12.0,8.0,1.0,0.0,0.0,7.0,2.0,15.0,1.0,0.0,5.0,1.0,5.0,2.0,8.0,5.0,3.0,9.0,0.0,5.0,42.0,13.0,0.0,12.0,0.0,0.0,7.0,0.0,6.0,3.0,2.0,4.0,1.0,3.0,11.0,1.0,2.0,4.0,8.0,4.0,2.0,1.0,0.0,6.0,2.0,0.0,0.0,8.0,9.0,3.0,8.0,2.0,0.0,12.0,11.0,1.0,0.0,1.0,0.0,0.0,0.0,3.0,0.0,0.0,5.0,3.0,7.0,1.0,1.0,2.0,3.0,1.0,1.0,1.0,1.0,3.0,4.0,5.0,5.0,0.0,8.0,1.0,5.0,3.0,8.0,1.0,0.0,0.0,1.0,1.0,0.0,0.0,0.0,0.0,0.0
13,27968690.0,245.0,3.0,298.0,178.0,29.0,3.0,295.0,83.0,37.0,32.0,0.0,7.0,0.0,11.0,47.0,3.0,0.0,12.0,2.0,7.0,0.0,53.0,33.0,5.0,7.0,0.0,27.0,32.0,64.0,7.0,43.0,3.0,0.0,18.0,0.0,18.0,90.0,6.0,135.0,16.0,12.0,38.0,6.0,5.0,67.0,115.0,15.0,5.0,12.0,9.0,6.0,16.0,0.0,3.0,50.0,30.0,14.0,77.0,14.0,0.0,120.0,150.0,4.0,0.0,17.0,2.0,5.0,4.0,55.0,0.0,3.0,29.0,54.0,27.0,1.0,3.0,4.0,11.0,36.0,13.0,10.0,1.0,19.0,12.0,20.0,30.0,1.0,13.0,9.0,23.0,19.0,77.0,2.0,0.0,1.0,8.0,3.0,3.0,3.0,0.0,1.0,0.0
14,28096651.0,6.0,2.0,26.0,28.0,11.0,1.0,24.0,9.0,12.0,0.0,0.0,2.0,11.0,0.0,19.0,0.0,0.0,3.0,0.0,10.0,0.0,22.0,15.0,0.0,4.0,0.0,12.0,15.0,21.0,10.0,17.0,0.0,1.0,7.0,0.0,4.0,4.0,4.0,4.0,4.0,7.0,17.0,1.0,2.0,10.0,19.0,6.0,0.0,0.0,1.0,4.0,8.0,0.0,1.0,20.0,23.0,6.0,17.0,2.0,0.0,22.0,9.0,0.0,1.0,5.0,0.0,1.0,0.0,3.0,0.0,0.0,9.0,5.0,4.0,1.0,0.0,2.0,6.0,1.0,1.0,0.0,0.0,2.0,6.0,5.0,20.0,0.0,12.0,5.0,3.0,9.0,6.0,0.0,0.0,0.0,1.0,2.0,0.0,1.0,0.0,0.0,0.0
15,32418585.0,34.0,3.0,72.0,66.0,21.0,5.0,67.0,26.0,8.0,3.0,0.0,15.0,47.0,19.0,0.0,2.0,0.0,7.0,0.0,8.0,0.0,35.0,31.0,2.0,8.0,0.0,15.0,42.0,34.0,7.0,38.0,1.0,0.0,20.0,0.0,16.0,21.0,4.0,30.0,9.0,14.0,29.0,3.0,5.0,19.0,23.0,16.0,10.0,13.0,2.0,8.0,9.0,0.0,4.0,29.0,35.0,13.0,20.0,5.0,0.0,62.0,50.0,0.0,0.0,5.0,3.0,4.0,2.0,26.0,0.0,6.0,17.0,26.0,9.0,2.0,1.0,3.0,8.0,24.0,8.0,5.0,1.0,17.0,9.0,18.0,18.0,1.0,19.0,10.0,18.0,7.0,41.0,2.0,2.0,0.0,4.0,2.0,1.0,4.0,0.0,0.0,0.0
16,33530023.0,3.0,0.0,3.0,2.0,1.0,1.0,1.0,4.0,0.0,0.0,0.0,1.0,3.0,0.0,2.0,0.0,4.0,1.0,0.0,0.0,0.0,4.0,3.0,0.0,2.0,0.0,1.0,1.0,2.0,0.0,2.0,1.0,0.0,1.0,0.0,3.0,0.0,0.0,1.0,0.0,0.0,2.0,0.0,0.0,1.0,3.0,1.0,2.0,2.0,0.0,1.0,0.0,0.0,0.0,1.0,1.0,0.0,3.0,0.0,0.0,3.0,3.0,0.0,0.0,1.0,0.0,1.0,2.0,2.0,0.0,1.0,3.0,2.0,0.0,0.0,1.0,1.0,1.0,1.0,0.0,2.0,1.0,3.0,0.0,3.0,1.0,0.0,0.0,1.0,0.0,1.0,4.0,0.0,2.0,0.0,0.0,0.0,0.0,0.0,0.0,0.0,0.0
17,33608790.0,0.0,0.0,0.0,0.0,0.0,0.0,0.0,0.0,0.0,0.0,0.0,0.0,0.0,0.0,0.0,4.0,0.0,0.0,0.0,0.0,0.0,0.0,0.0,0.0,0.0,0.0,0.0,0.0,1.0,0.0,0.0,0.0,0.0,0.0,0.0,0.0,0.0,0.0,0.0,0.0,0.0,0.0,0.0,0.0,0.0,0.0,0.0,0.0,0.0,0.0,0.0,0.0,0.0,0.0,0.0,0.0,0.0,0.0,0.0,0.0,1.0,0.0,0.0,0.0,0.0,0.0,0.0,0.0,0.0,0.0,0.0,0.0,0.0,0.0,0.0,0.0,0.0,0.0,0.0,0.0,0.0,0.0,0.0,0.0,0.0,0.0,0.0,0.0,0.0,0.0,0.0,0.0,0.0,0.0,0.0,0.0,0.0,0.0,0.0,0.0,0.0,0.0
18,39473395.0,10.0,0.0,21.0,14.0,7.0,2.0,10.0,9.0,8.0,0.0,0.0,5.0,12.0,3.0,7.0,1.0,0.0,0.0,1.0,5.0,1.0,10.0,11.0,1.0,4.0,0.0,7.0,3.0,16.0,4.0,6.0,1.0,0.0,3.0,0.0,7.0,4.0,1.0,5.0,1.0,4.0,10.0,0.0,2.0,9.0,14.0,4.0,0.0,0.0,1.0,3.0,4.0,0.0,1.0,15.0,13.0,4.0,9.0,1.0,0.0,14.0,11.0,0.0,1.0,3.0,0.0,0.0,1.0,0.0,0.0,0.0,8.0,2.0,9.0,0.0,1.0,1.0,3.0,1.0,1.0,2.0,1.0,1.0,7.0,7.0,5.0,0.0,9.0,4.0,3.0,3.0,3.0,1.0,0.0,0.0,0.0,0.0,0.0,2.0,0.0,0.0,0.0
19,41197792.0,2.0,0.0,3.0,2.0,1.0,0.0,0.0,1.0,1.0,0.0,0.0,1.0,2.0,0.0,0.0,0.0,0.0,1.0,0.0,1.0,0.0,2.0,0.0,0.0,0.0,0.0,0.0,0.0,2.0,0.0,0.0,0.0,0.0,0.0,0.0,1.0,1.0,0.0,1.0,2.0,2.0,1.0,0.0,0.0,2.0,5.0,0.0,0.0,0.0,0.0,0.0,1.0,0.0,0.0,2.0,2.0,0.0,2.0,0.0,0.0,2.0,3.0,0.0,0.0,0.0,0.0,0.0,0.0,1.0,0.0,0.0,2.0,0.0,0.0,0.0,0.0,0.0,0.0,0.0,0.0,0.0,0.0,0.0,2.0,0.0,1.0,0.0,1.0,0.0,0.0,1.0,0.0,1.0,0.0,0.0,0.0,0.0,0.0,0.0,0.0,0.0,0.0
20,41777879.0,5.0,1.0,11.0,13.0,13.0,2.0,7.0,7.0,9.0,0.0,0.0,5.0,7.0,10.0,8.0,0.0,0.0,5.0,1.0,0.0,1.0,11.0,7.0,1.0,8.0,0.0,7.0,5.0,15.0,5.0,10.0,0.0,9.0,5.0,0.0,11.0,3.0,3.0,1.0,2.0,10.0,11.0,1.0,1.0,5.0,9.0,6.0,2.0,0.0,1.0,7.0,7.0,0.0,1.0,14.0,11.0,5.0,11.0,1.0,0.0,15.0,4.0,0.0,1.0,5.0,0.0,1.0,0.0,2.0,0.0,0.0,6.0,5.0,2.0,2.0,0.0,1.0,6.0,0.0,2.0,1.0,0.0,2.0,8.0,5.0,3.0,0.0,7.0,3.0,4.0,10.0,4.0,1.0,0.0,0.0,1.0,1.0,0.0,0.0,0.0,0.0,0.0
21,43902958.0,1.0,0.0,3.0,3.0,2.0,5.0,0.0,3.0,2.0,0.0,0.0,2.0,0.0,0.0,0.0,0.0,0.0,1.0,0.0,1.0,0.0,0.0,0.0,1.0,2.0,0.0,0.0,0.0,2.0,0.0,4.0,1.0,0.0,0.0,0.0,1.0,0.0,11.0,0.0,0.0,0.0,1.0,0.0,0.0,0.0,1.0,8.0,13.0,3.0,0.0,13.0,0.0,0.0,7.0,2.0,1.0,6.0,38.0,1.0,6.0,5.0,2.0,1.0,9.0,16.0,0.0,3.0,7.0,0.0,2.0,0.0,1.0,0.0,1.0,0.0,2.0,4.0,4.0,0.0,1.0,0.0,0.0,0.0,1.0,9.0,2.0,1.0,0.0,0.0,8.0,2.0,0.0,0.0,0.0,0.0,1.0,0.0,0.0,0.0,0.0,0.0,0.0
22,48959778.0,54.0,4.0,97.0,116.0,34.0,7.0,107.0,85.0,44.0,3.0,0.0,8.0,53.0,22.0,35.0,4.0,0.0,10.0,2.0,11.0,0.0,0.0,38.0,5.0,14.0,0.0,26.0,17.0,60.0,14.0,70.0,3.0,2.0,36.0,0.0,31.0,23.0,12.0,28.0,6.0,17.0,28.0,7.0,5.0,65.0,35.0,28.0,19.0,21.0,2.0,11.0,19.0,0.0,3.0,36.0,29.0,11.0,54.0,16.0,0.0,140.0,109.0,2.0,1.0,18.0,2.0,4.0,5.0,72.0,1.0,12.0,50.0,54.0,17.0,4.0,4.0,7.0,18.0,47.0,10.0,9.0,1.0,46.0,15.0,30.0,58.0,2.0,16.0,23.0,20.0,16.0,127.0,2.0,2.0,1.0,4.0,4.0,6.0,3.0,0.0,2.0,0.0
23,48984831.0,26.0,2.0,38.0,35.0,15.0,4.0,39.0,32.0,13.0,2.0,0.0,5.0,33.0,15.0,31.0,3.0,0.0,11.0,0.0,7.0,0.0,38.0,0.0,3.0,8.0,0.0,18.0,15.0,35.0,9.0,38.0,0.0,1.0,18.0,0.0,12.0,18.0,9.0,31.0,2.0,10.0,35.0,1.0,4.0,25.0,37.0,12.0,3.0,7.0,3.0,9.0,11.0,0.0,1.0,31.0,19.0,6.0,21.0,5.0,0.0,43.0,46.0,2.0,1.0,4.0,0.0,2.0,1.0,5.0,1.0,1.0,15.0,12.0,27.0,1.0,3.0,6.0,13.0,8.0,5.0,3.0,1.0,8.0,14.0,14.0,21.0,2.0,14.0,5.0,7.0,6.0,18.0,0.0,1.0,0.0,2.0,5.0,0.0,4.0,0.0,2.0,0.0
24,55863784.0,6.0,0.0,12.0,6.0,6.0,0.0,9.0,16.0,2.0,0.0,0.0,3.0,5.0,0.0,2.0,0.0,0.0,1.0,0.0,1.0,1.0,5.0,3.0,0.0,1.0,0.0,2.0,1.0,8.0,1.0,14.0,0.0,0.0,0.0,0.0,1.0,3.0,0.0,2.0,0.0,2.0,3.0,0.0,0.0,11.0,4.0,3.0,0.0,0.0,0.0,57.0,2.0,0.0,1.0,3.0,1.0,9.0,19.0,43.0,4.0,6.0,13.0,37.0,1.0,2.0,0.0,0.0,2.0,1.0,32.0,0.0,3.0,2.0,3.0,0.0,49.0,58.0,30.0,1.0,51.0,0.0,0.0,1.0,1.0,3.0,11.0,26.0,2.0,0.0,2.0,1.0,5.0,0.0,0.0,0.0,0.0,34.0,0.0,0.0,0.0,37.0,0.0
25,60472240.0,28.0,0.0,69.0,14.0,9.0,6.0,40.0,37.0,30.0,4.0,0.0,9.0,7.0,4.0,8.0,2.0,0.0,4.0,0.0,8.0,2.0,14.0,8.0,1.0,0.0,0.0,18.0,7.0,20.0,3.0,22.0,2.0,3.0,9.0,0.0,10.0,3.0,7.0,1.0,2.0,9.0,26.0,4.0,0.0,16.0,13.0,7.0,2.0,1.0,0.0,8.0,6.0,0.0,3.0,23.0,26.0,7.0,17.0,5.0,1.0,17.0,37.0,2.0,1.0,9.0,0.0,0.0,0.0,3.0,0.0,0.0,8.0,2.0,7.0,4.0,1.0,3.0,5.0,3.0,1.0,1.0,1.0,1.0,6.0,3.0,94.0,0.0,7.0,7.0,13.0,4.0,7.0,0.0,0.0,0.0,1.0,0.0,0.0,2.0,0.0,1.0,0.0
26,60598920.0,2.0,0.0,0.0,4.0,0.0,0.0,0.0,0.0,0.0,0.0,0.0,0.0,0.0,0.0,0.0,0.0,0.0,0.0,0.0,0.0,0.0,0.0,0.0,0.0,0.0,0.0,0.0,0.0,1.0,0.0,0.0,0.0,0.0,0.0,0.0,0.0,0.0,0.0,0.0,0.0,0.0,0.0,0.0,0.0,0.0,0.0,2.0,0.0,1.0,0.0,0.0,0.0,0.0,0.0,0.0,1.0,0.0,2.0,2.0,0.0,1.0,2.0,0.0,1.0,0.0,0.0,1.0,1.0,0.0,0.0,0.0,0.0,0.0,0.0,0.0,1.0,1.0,0.0,0.0,0.0,0.0,0.0,0.0,0.0,2.0,0.0,0.0,0.0,0.0,1.0,0.0,0.0,0.0,0.0,0.0,0.0,0.0,0.0,0.0,0.0,0.0,0.0
27,67208397.0,16.0,1.0,94.0,33.0,11.0,5.0,142.0,21.0,19.0,0.0,0.0,5.0,27.0,12.0,15.0,1.0,0.0,7.0,0.0,7.0,0.0,26.0,18.0,2.0,18.0,0.0,0.0,15.0,22.0,5.0,28.0,0.0,2.0,9.0,0.0,9.0,8.0,4.0,5.0,1.0,13.0,13.0,0.0,2.0,11.0,20.0,12.0,2.0,0.0,3.0,8.0,12.0,0.0,1.0,20.0,28.0,6.0,20.0,1.0,1.0,30.0,18.0,1.0,1.0,7.0,0.0,1.0,1.0,7.0,0.0,0.0,12.0,7.0,11.0,1.0,2.0,3.0,8.0,2.0,0.0,1.0,1.0,4.0,9.0,10.0,26.0,1.0,13.0,9.0,5.0,7.0,13.0,1.0,0.0,0.0,1.0,2.0,0.0,2.0,0.0,1.0,0.0
28,69049211.0,14.0,3.0,91.0,28.0,13.0,4.0,170.0,15.0,11.0,18.0,0.0,42.0,32.0,15.0,42.0,1.0,0.0,3.0,0.0,5.0,0.0,17.0,15.0,1.0,7.0,0.0,15.0,0.0,13.0,5.0,43.0,4.0,2.0,28.0,0.0,17.0,10.0,2.0,9.0,7.0,9.0,57.0,0.0,8.0,9.0,10.0,4.0,3.0,1.0,0.0,4.0,4.0,0.0,1.0,31.0,32.0,10.0,15.0,2.0,1.0,15.0,23.0,0.0,0.0,14.0,0.0,1.0,0.0,4.0,0.0,0.0,6.0,3.0,4.0,0.0,1.0,2.0,7.0,3.0,0.0,2.0,1.0,3.0,13.0,3.0,26.0,0.0,20.0,3.0,16.0,3.0,9.0,3.0,0.0,0.0,0.0,2.0,0.0,1.0,0.0,0.0,0.0
29,70983758.0,62.0,3.0,163.0,148.0,47.0,21.0,74.0,68.0,78.0,4.0,0.0,13.0,64.0,21.0,34.0,2.0,1.0,16.0,2.0,15.0,2.0,60.0,35.0,8.0,20.0,1.0,22.0,13.0,0.0,10.0,36.0,5.0,0.0,14.0,0.0,29.0,26.0,14.0,40.0,8.0,22.0,42.0,8.0,6.0,66.0,80.0,37.0,37.0,19.0,5.0,35.0,20.0,0.0,12.0,59.0,67.0,32.0,105.0,13.0,4.0,179.0,105.0,7.0,7.0,16.0,1.0,22.0,24.0,29.0,3.0,7.0,44.0,47.0,28.0,3.0,12.0,15.0,33.0,25.0,9.0,9.0,2.0,28.0,20.0,57.0,58.0,3.0,18.0,13.0,36.0,36.0,57.0,3.0,0.0,0.0,11.0,5.0,4.0,5.0,0.0,1.0,0.0
30,75055396.0,5.0,1.0,12.0,13.0,6.0,1.0,16.0,12.0,6.0,0.0,0.0,0.0,7.0,10.0,7.0,0.0,0.0,4.0,0.0,5.0,0.0,14.0,9.0,1.0,3.0,0.0,5.0,5.0,10.0,0.0,11.0,0.0,0.0,3.0,0.0,3.0,2.0,1.0,5.0,1.0,4.0,9.0,1.0,1.0,4.0,8.0,5.0,0.0,0.0,2.0,2.0,5.0,0.0,1.0,9.0,12.0,4.0,11.0,3.0,0.0,11.0,10.0,0.0,1.0,3.0,0.0,1.0,0.0,1.0,0.0,0.0,4.0,3.0,3.0,1.0,0.0,0.0,4.0,2.0,3.0,0.0,0.0,1.0,3.0,5.0,8.0,0.0,6.0,4.0,1.0,3.0,2.0,0.0,0.0,0.0,1.0,1.0,0.0,1.0,0.0,0.0,0.0
31,80791048.0,69.0,2.0,132.0,66.0,26.0,4.0,197.0,81.0,28.0,15.0,0.0,12.0,43.0,17.0,38.0,2.0,0.0,6.0,0.0,10.0,4.0,70.0,38.0,14.0,22.0,0.0,28.0,43.0,36.0,11.0,0.0,3.0,3.0,77.0,0.0,21.0,18.0,38.0,45.0,3.0,23.0,92.0,8.0,6.0,44.0,30.0,19.0,10.0,6.0,3.0,27.0,20.0,0.0,3.0,31.0,28.0,13.0,57.0,35.0,0.0,66.0,109.0,11.0,2.0,22.0,1.0,2.0,2.0,39.0,4.0,6.0,32.0,21.0,17.0,3.0,8.0,21.0,24.0,18.0,19.0,3.0,0.0,13.0,7.0,14.0,92.0,6.0,20.0,14.0,22.0,12.0,48.0,8.0,1.0,1.0,4.0,10.0,2.0,4.0,0.0,12.0,0.0
32,84669536.0,5.0,0.0,15.0,24.0,3.0,122.0,11.0,7.0,4.0,1.0,0.0,0.0,3.0,0.0,1.0,1.0,0.0,1.0,0.0,0.0,1.0,3.0,0.0,0.0,2.0,0.0,0.0,4.0,5.0,0.0,3.0,0.0,0.0,1.0,0.0,1.0,1.0,2.0,1.0,0.0,0.0,0.0,1.0,0.0,5.0,3.0,4.0,6.0,3.0,0.0,4.0,0.0,0.0,77.0,4.0,0.0,12.0,8.0,6.0,1.0,14.0,10.0,4.0,1.0,8.0,3.0,12.0,18.0,5.0,2.0,0.0,3.0,4.0,0.0,0.0,7.0,6.0,9.0,2.0,4.0,0.0,0.0,2.0,0.0,5.0,14.0,2.0,1.0,3.0,38.0,6.0,5.0,0.0,0.0,0.0,0.0,1.0,0.0,0.0,0.0,1.0,0.0
33,90500352.0,0.0,0.0,5.0,2.0,3.0,0.0,3.0,2.0,2.0,0.0,0.0,0.0,0.0,1.0,0.0,0.0,0.0,0.0,0.0,9.0,0.0,2.0,1.0,0.0,3.0,0.0,2.0,2.0,0.0,0.0,3.0,0.0,0.0,0.0,0.0,4.0,0.0,0.0,0.0,0.0,2.0,2.0,0.0,0.0,0.0,0.0,0.0,0.0,0.0,0.0,0.0,3.0,0.0,1.0,4.0,0.0,0.0,2.0,0.0,0.0,3.0,1.0,0.0,0.0,0.0,0.0,0.0,0.0,1.0,0.0,0.0,2.0,0.0,0.0,0.0,0.0,0.0,1.0,0.0,0.0,0.0,0.0,0.0,2.0,1.0,1.0,0.0,1.0,0.0,1.0,1.0,1.0,0.0,0.0,0.0,0.0,0.0,0.0,0.0,0.0,0.0,0.0
34,96441830.0,18.0,3.0,51.0,38.0,15.0,8.0,54.0,29.0,21.0,16.0,0.0,7.0,18.0,7.0,20.0,1.0,0.0,3.0,0.0,5.0,0.0,36.0,18.0,0.0,9.0,0.0,9.0,28.0,14.0,3.0,77.0,1.0,0.0,0.0,0.0,11.0,7.0,7.0,19.0,1.0,14.0,50.0,3.0,3.0,15.0,9.0,3.0,3.0,5.0,1.0,5.0,4.0,0.0,2.0,17.0,11.0,7.0,32.0,5.0,0.0,33.0,23.0,1.0,0.0,5.0,0.0,0.0,0.0,5.0,0.0,2.0,5.0,9.0,10.0,3.0,1.0,5.0,9.0,5.0,2.0,3.0,1.0,6.0,8.0,9.0,41.0,0.0,13.0,2.0,7.0,3.0,13.0,5.0,0.0,0.0,2.0,2.0,1.0,2.0,0.0,0.0,0.0
35,97932395.0,0.0,0.0,0.0,0.0,0.0,0.0,0.0,0.0,0.0,0.0,0.0,0.0,0.0,0.0,0.0,0.0,0.0,0.0,0.0,0.0,0.0,0.0,0.0,0.0,0.0,0.0,0.0,0.0,0.0,0.0,0.0,0.0,0.0,0.0,0.0,0.0,0.0,0.0,0.0,0.0,0.0,0.0,0.0,0.0,0.0,0.0,0.0,0.0,0.0,0.0,0.0,0.0,0.0,0.0,0.0,0.0,0.0,0.0,0.0,0.0,0.0,0.0,0.0,0.0,0.0,0.0,0.0,0.0,0.0,0.0,0.0,0.0,0.0,0.0,0.0,0.0,0.0,0.0,0.0,0.0,0.0,0.0,0.0,0.0,0.0,0.0,0.0,0.0,0.0,0.0,0.0,0.0,0.0,0.0,0.0,0.0,0.0,0.0,0.0,0.0,0.0,0.0
36,98361818.0,12.0,1.0,39.0,34.0,22.0,2.0,31.0,22.0,7.0,4.0,0.0,6.0,18.0,4.0,16.0,3.0,0.0,7.0,1.0,11.0,1.0,31.0,12.0,1.0,10.0,0.0,9.0,17.0,29.0,3.0,21.0,1.0,4.0,11.0,0.0,0.0,9.0,2.0,9.0,2.0,13.0,19.0,1.0,2.0,22.0,12.0,16.0,12.0,13.0,0.0,7.0,8.0,0.0,2.0,39.0,8.0,12.0,27.0,3.0,1.0,76.0,39.0,0.0,0.0,10.0,2.0,7.0,8.0,29.0,0.0,4.0,29.0,37.0,6.0,3.0,3.0,4.0,11.0,48.0,4.0,7.0,1.0,34.0,7.0,25.0,19.0,0.0,6.0,7.0,27.0,14.0,55.0,2.0,3.0,1.0,3.0,2.0,2.0,2.0,0.0,1.0,0.0
37,125656811.0,108.0,1.0,134.0,104.0,16.0,1.0,97.0,39.0,22.0,3.0,0.0,3.0,90.0,4.0,21.0,0.0,0.0,4.0,1.0,3.0,0.0,23.0,18.0,3.0,3.0,0.0,8.0,10.0,26.0,2.0,18.0,1.0,0.0,7.0,0.0,9.0,0.0,4.0,81.0,7.0,7.0,14.0,2.0,1.0,34.0,67.0,6.0,0.0,7.0,8.0,4.0,4.0,0.0,1.0,24.0,8.0,3.0,35.0,13.0,0.0,67.0,63.0,5.0,1.0,4.0,0.0,2.0,0.0,41.0,0.0,3.0,7.0,30.0,13.0,0.0,2.0,2.0,10.0,14.0,3.0,4.0,0.0,7.0,5.0,7.0,16.0,1.0,5.0,5.0,15.0,8.0,49.0,2.0,0.0,0.0,4.0,1.0,2.0,2.0,0.0,2.0,0.0
38,137917421.0,13.0,0.0,28.0,20.0,2.0,5.0,36.0,23.0,109.0,3.0,0.0,2.0,6.0,4.0,4.0,0.0,0.0,1.0,0.0,3.0,11.0,12.0,9.0,0.0,7.0,0.0,4.0,2.0,14.0,1.0,38.0,2.0,0.0,7.0,0.0,2.0,4.0,0.0,8.0,1.0,4.0,5.0,7.0,4.0,3.0,12.0,2.0,1.0,2.0,16.0,2.0,6.0,0.0,0.0,7.0,7.0,0.0,9.0,2.0,0.0,7.0,18.0,0.0,1.0,9.0,0.0,0.0,0.0,8.0,0.0,1.0,3.0,3.0,4.0,1.0,0.0,2.0,3.0,1.0,1.0,0.0,0.0,2.0,2.0,2.0,46.0,1.0,3.0,2.0,1.0,1.0,2.0,0.0,0.0,0.0,0.0,0.0,1.0,2.0,0.0,0.0,0.0
39,145746533.0,356.0,1.0,95.0,92.0,19.0,2.0,91.0,40.0,9.0,43.0,0.0,4.0,135.0,4.0,30.0,1.0,0.0,5.0,1.0,1.0,0.0,28.0,31.0,2.0,1.0,0.0,5.0,9.0,40.0,5.0,45.0,1.0,0.0,19.0,0.0,9.0,81.0,8.0,0.0,0.0,6.0,66.0,6.0,1.0,21.0,101.0,7.0,4.0,3.0,3.0,5.0,6.0,0.0,3.0,35.0,4.0,6.0,29.0,9.0,0.0,58.0,115.0,1.0,2.0,9.0,0.0,1.0,1.0,23.0,0.0,2.0,10.0,12.0,33.0,1.0,0.0,3.0,8.0,17.0,4.0,0.0,0.0,2.0,3.0,9.0,18.0,0.0,3.0,7.0,13.0,0.0,40.0,2.0,0.0,0.0,2.0,4.0,2.0,4.0,0.0,0.0,0.0
40,181974796.0,11.0,1.0,39.0,11.0,5.0,0.0,24.0,6.0,7.0,0.0,0.0,1.0,16.0,4.0,9.0,0.0,0.0,1.0,2.0,2.0,0.0,6.0,2.0,0.0,2.0,0.0,1.0,7.0,8.0,1.0,3.0,0.0,0.0,1.0,0.0,2.0,7.0,1.0,0.0,0.0,5.0,5.0,1.0,0.0,7.0,10.0,2.0,0.0,0.0,1.0,1.0,3.0,0.0,1.0,10.0,13.0,1.0,10.0,2.0,0.0,7.0,10.0,0.0,0.0,1.0,0.0,1.0,0.0,4.0,0.0,0.0,5.0,3.0,2.0,1.0,0.0,0.0,1.0,0.0,1.0,0.0,0.0,1.0,4.0,2.0,2.0,0.0,7.0,1.0,1.0,4.0,4.0,1.0,0.0,0.0,1.0,1.0,1.0,0.0,0.0,0.0,0.0
41,187708847.0,15.0,3.0,41.0,23.0,18.0,0.0,21.0,18.0,19.0,5.0,0.0,3.0,12.0,7.0,14.0,0.0,0.0,4.0,2.0,10.0,0.0,17.0,10.0,2.0,9.0,0.0,13.0,9.0,22.0,4.0,23.0,0.0,2.0,14.0,0.0,13.0,7.0,4.0,6.0,5.0,0.0,29.0,2.0,3.0,14.0,14.0,5.0,0.0,0.0,1.0,6.0,15.0,0.0,1.0,16.0,20.0,5.0,19.0,3.0,0.0,26.0,13.0,0.0,1.0,6.0,0.0,1.0,0.0,3.0,0.0,1.0,13.0,8.0,8.0,3.0,0.0,1.0,6.0,5.0,1.0,1.0,0.0,3.0,5.0,6.0,23.0,0.0,10.0,3.0,1.0,8.0,13.0,5.0,0.0,0.0,1.0,3.0,0.0,1.0,0.0,0.0,0.0
42,188770102.0,40.0,4.0,117.0,40.0,24.0,7.0,92.0,36.0,17.0,29.0,0.0,11.0,38.0,17.0,29.0,2.0,0.0,10.0,1.0,11.0,1.0,28.0,35.0,3.0,26.0,0.0,13.0,57.0,42.0,9.0,92.0,0.0,2.0,50.0,0.0,19.0,14.0,5.0,66.0,5.0,29.0,0.0,2.0,2.0,26.0,43.0,7.0,1.0,1.0,0.0,7.0,13.0,0.0,5.0,42.0,33.0,11.0,15.0,3.0,1.0,45.0,51.0,2.0,0.0,6.0,0.0,0.0,0.0,4.0,0.0,0.0,17.0,2.0,20.0,1.0,1.0,2.0,13.0,9.0,3.0,1.0,1.0,2.0,14.0,7.0,38.0,0.0,15.0,7.0,14.0,5.0,10.0,6.0,0.0,0.0,0.0,2.0,1.0,3.0,0.0,0.0,0.0
43,192269050.0,21.0,0.0,13.0,12.0,17.0,0.0,13.0,7.0,3.0,11.0,0.0,1.0,6.0,1.0,3.0,0.0,0.0,0.0,0.0,1.0,0.0,7.0,1.0,0.0,4.0,0.0,0.0,0.0,8.0,1.0,8.0,1.0,0.0,3.0,0.0,1.0,2.0,7.0,6.0,1.0,2.0,2.0,0.0,0.0,4.0,2.0,1.0,0.0,1.0,2.0,1.0,2.0,0.0,3.0,3.0,2.0,2.0,5.0,1.0,1.0,8.0,20.0,0.0,0.0,4.0,1.0,2.0,2.0,8.0,0.0,0.0,4.0,3.0,5.0,1.0,0.0,1.0,1.0,1.0,1.0,0.0,0.0,2.0,0.0,2.0,12.0,0.0,1.0,3.0,4.0,2.0,8.0,2.0,0.0,0.0,1.0,0.0,0.0,0.0,0.0,0.0,1.0
44,193964230.0,4.0,1.0,30.0,7.0,1.0,0.0,48.0,5.0,6.0,3.0,0.0,2.0,5.0,2.0,5.0,0.0,0.0,2.0,0.0,1.0,0.0,5.0,4.0,0.0,0.0,0.0,2.0,8.0,6.0,1.0,6.0,0.0,0.0,3.0,0.0,2.0,1.0,4.0,1.0,0.0,3.0,2.0,0.0,0.0,2.0,6.0,1.0,1.0,1.0,7.0,1.0,1.0,0.0,0.0,8.0,11.0,1.0,4.0,0.0,0.0,6.0,14.0,0.0,0.0,1.0,0.0,0.0,0.0,3.0,0.0,1.0,0.0,1.0,0.0,0.0,0.0,0.0,1.0,0.0,0.0,0.0,0.0,1.0,0.0,1.0,5.0,0.0,5.0,0.0,1.0,0.0,2.0,0.0,0.0,0.0,0.0,1.0,1.0,0.0,0.0,0.0,0.0
45,194008664.0,58.0,0.0,123.0,94.0,36.0,11.0,87.0,79.0,32.0,2.0,0.0,4.0,67.0,10.0,19.0,1.0,0.0,9.0,2.0,5.0,0.0,65.0,25.0,11.0,16.0,0.0,11.0,9.0,66.0,4.0,44.0,5.0,0.0,15.0,0.0,22.0,34.0,3.0,21.0,7.0,14.0,26.0,4.0,2.0,0.0,34.0,16.0,5.0,5.0,3.0,18.0,9.0,0.0,4.0,41.0,21.0,9.0,79.0,19.0,1.0,93.0,94.0,12.0,1.0,21.0,3.0,4.0,3.0,42.0,6.0,5.0,28.0,47.0,14.0,2.0,11.0,20.0,22.0,27.0,13.0,8.0,1.0,14.0,7.0,20.0,44.0,8.0,11.0,5.0,16.0,15.0,72.0,2.0,0.0,0.0,4.0,9.0,3.0,4.0,0.0,9.0,0.0
46,207320806.0,121.0,1.0,153.0,102.0,19.0,4.0,109.0,43.0,39.0,9.0,0.0,8.0,115.0,19.0,23.0,3.0,0.0,14.0,5.0,9.0,1.0,35.0,37.0,4.0,13.0,0.0,20.0,10.0,80.0,8.0,30.0,3.0,0.0,9.0,0.0,12.0,67.0,12.0,101.0,10.0,14.0,43.0,2.0,6.0,34.0,0.0,10.0,0.0,1.0,4.0,7.0,20.0,0.0,7.0,56.0,36.0,8.0,49.0,7.0,0.0,82.0,101.0,2.0,1.0,7.0,0.0,1.0,0.0,18.0,0.0,0.0,20.0,13.0,29.0,3.0,2.0,3.0,10.0,5.0,2.0,2.0,1.0,3.0,14.0,13.0,29.0,2.0,16.0,3.0,5.0,16.0,20.0,6.0,0.0,0.0,4.0,4.0,1.0,2.0,0.0,1.0,0.0
47,209651406.0,12.0,1.0,18.0,64.0,16.0,10.0,14.0,19.0,7.0,0.0,0.0,4.0,15.0,6.0,16.0,1.0,0.0,4.0,0.0,6.0,8.0,28.0,12.0,3.0,7.0,2.0,12.0,4.0,37.0,5.0,19.0,4.0,0.0,3.0,0.0,16.0,6.0,2.0,7.0,2.0,5.0,7.0,1.0,1.0,16.0,10.0,0.0,107.0,28.0,0.0,21.0,6.0,0.0,18.0,26.0,9.0,46.0,36.0,9.0,36.0,94.0,37.0,6.0,6.0,13.0,1.0,80.0,91.0,16.0,5.0,21.0,27.0,43.0,5.0,1.0,8.0,15.0,18.0,19.0,6.0,7.0,0.0,53.0,2.0,95.0,13.0,5.0,5.0,24.0,89.0,30.0,50.0,0.0,3.0,2.0,6.0,3.0,7.0,1.0,0.0,1.0,0.0
48,210585182.0,4.0,0.0,6.0,138.0,13.0,13.0,5.0,3.0,2.0,0.0,0.0,2.0,5.0,0.0,10.0,2.0,0.0,0.0,0.0,2.0,13.0,19.0,3.0,0.0,2.0,0.0,2.0,3.0,37.0,0.0,10.0,6.0,0.0,3.0,0.0,12.0,0.0,1.0,4.0,0.0,0.0,1.0,0.0,1.0,5.0,0.0,107.0,0.0,63.0,0.0,34.0,0.0,0.0,24.0,19.0,0.0,105.0,68.0,16.0,80.0,177.0,15.0,5.0,13.0,28.0,5.0,203.0,215.0,19.0,4.0,41.0,20.0,85.0,0.0,0.0,7.0,15.0,11.0,40.0,3.0,3.0,0.0,111.0,0.0,177.0,3.0,4.0,0.0,36.0,202.0,33.0,66.0,0.0,4.0,4.0,8.0,3.0,8.0,0.0,0.0,4.0,0.0
49,210824047.0,10.0,1.0,12.0,53.0,5.0,7.0,9.0,14.0,3.0,0.0,0.0,1.0,12.0,0.0,13.0,2.0,0.0,0.0,0.0,0.0,3.0,21.0,7.0,0.0,1.0,1.0,0.0,1.0,19.0,0.0,6.0,3.0,0.0,5.0,0.0,13.0,7.0,2.0,3.0,0.0,0.0,1.0,1.0,1.0,5.0,1.0,28.0,63.0,0.0,2.0,4.0,1.0,0.0,8.0,10.0,2.0,18.0,15.0,1.0,9.0,81.0,27.0,2.0,0.0,2.0,2.0,32.0,42.0,15.0,4.0,10.0,20.0,47.0,1.0,0.0,3.0,3.0,6.0,25.0,3.0,8.0,0.0,57.0,1.0,62.0,2.0,0.0,0.0,15.0,39.0,16.0,39.0,0.0,3.0,2.0,7.0,0.0,6.0,1.0,0.0,1.0,0.0
50,218198233.0,10.0,0.0,19.0,10.0,0.0,0.0,17.0,7.0,50.0,0.0,0.0,0.0,9.0,1.0,2.0,0.0,0.0,1.0,0.0,1.0,0.0,2.0,3.0,0.0,0.0,0.0,3.0,0.0,5.0,2.0,3.0,0.0,0.0,1.0,0.0,0.0,8.0,16.0,3.0,1.0,1.0,0.0,2.0,7.0,3.0,4.0,0.0,0.0,2.0,0.0,0.0,2.0,0.0,0.0,3.0,0.0,1.0,7.0,0.0,0.0,7.0,7.0,1.0,1.0,1.0,0.0,0.0,0.0,4.0,0.0,0.0,0.0,4.0,2.0,0.0,0.0,0.0,1.0,1.0,0.0,2.0,0.0,2.0,0.0,2.0,3.0,0.0,1.0,1.0,0.0,1.0,3.0,0.0,0.0,0.0,0.0,0.0,1.0,0.0,0.0,0.0,0.0
51,226702557.0,10.0,1.0,24.0,41.0,22.0,9.0,18.0,44.0,4.0,1.0,0.0,6.0,6.0,4.0,8.0,1.0,0.0,3.0,0.0,7.0,13.0,11.0,9.0,57.0,8.0,0.0,8.0,4.0,35.0,2.0,27.0,4.0,0.0,5.0,0.0,7.0,4.0,2.0,5.0,1.0,6.0,7.0,1.0,1.0,18.0,7.0,21.0,34.0,4.0,0.0,0.0,6.0,0.0,11.0,18.0,8.0,36.0,109.0,189.0,10.0,47.0,26.0,186.0,15.0,24.0,1.0,16.0,20.0,4.0,222.0,2.0,12.0,12.0,3.0,2.0,219.0,393.0,226.0,4.0,222.0,1.0,1.0,7.0,2.0,35.0,15.0,114.0,4.0,9.0,28.0,16.0,12.0,0.0,0.0,0.0,5.0,145.0,0.0,1.0,0.0,168.0,0.0
52,234901189.0,21.0,1.0,17.0,24.0,8.0,0.0,16.0,17.0,16.0,0.0,0.0,2.0,16.0,8.0,9.0,0.0,0.0,4.0,1.0,7.0,0.0,19.0,11.0,2.0,6.0,0.0,12.0,4.0,20.0,5.0,20.0,0.0,3.0,4.0,0.0,8.0,4.0,6.0,6.0,3.0,15.0,13.0,2.0,1.0,9.0,20.0,6.0,0.0,1.0,2.0,6.0,0.0,0.0,1.0,16.0,9.0,4.0,18.0,0.0,1.0,25.0,13.0,0.0,1.0,3.0,0.0,1.0,0.0,6.0,0.0,0.0,12.0,4.0,6.0,2.0,0.0,1.0,6.0,1.0,2.0,0.0,0.0,0.0,7.0,6.0,17.0,0.0,7.0,5.0,2.0,7.0,6.0,1.0,0.0,0.0,1.0,1.0,1.0,2.0,0.0,0.0,0.0
53,235372141.0,0.0,0.0,0.0,0.0,0.0,0.0,0.0,0.0,0.0,0.0,0.0,0.0,0.0,0.0,0.0,0.0,0.0,0.0,0.0,0.0,0.0,0.0,0.0,0.0,0.0,0.0,0.0,0.0,0.0,0.0,0.0,0.0,0.0,0.0,0.0,0.0,0.0,0.0,0.0,0.0,0.0,0.0,0.0,0.0,0.0,0.0,0.0,0.0,0.0,0.0,0.0,0.0,0.0,0.0,0.0,0.0,0.0,0.0,0.0,0.0,0.0,0.0,0.0,0.0,0.0,0.0,0.0,0.0,0.0,0.0,0.0,0.0,0.0,0.0,0.0,0.0,0.0,0.0,0.0,0.0,0.0,0.0,0.0,0.0,0.0,0.0,0.0,0.0,0.0,0.0,0.0,0.0,0.0,0.0,0.0,0.0,0.0,0.0,0.0,0.0,0.0,0.0
54,238280331.0,2.0,0.0,19.0,23.0,5.0,59.0,4.0,3.0,10.0,1.0,0.0,0.0,3.0,1.0,4.0,0.0,0.0,1.0,0.0,1.0,7.0,3.0,1.0,1.0,3.0,0.0,1.0,1.0,12.0,1.0,3.0,77.0,1.0,2.0,0.0,2.0,1.0,0.0,3.0,1.0,1.0,5.0,3.0,0.0,4.0,7.0,18.0,24.0,8.0,0.0,11.0,1.0,0.0,0.0,19.0,6.0,36.0,15.0,11.0,27.0,17.0,8.0,4.0,1.0,5.0,0.0,31.0,52.0,1.0,4.0,1.0,2.0,4.0,1.0,1.0,2.0,6.0,5.0,0.0,1.0,0.0,0.0,3.0,1.0,18.0,9.0,3.0,1.0,3.0,50.0,5.0,2.0,1.0,0.0,0.0,1.0,0.0,0.0,0.0,0.0,0.0,1.0
55,239737598.0,35.0,2.0,99.0,83.0,31.0,16.0,69.0,38.0,26.0,2.0,0.0,8.0,50.0,20.0,29.0,1.0,0.0,15.0,2.0,14.0,2.0,36.0,31.0,3.0,23.0,0.0,20.0,31.0,59.0,9.0,31.0,4.0,4.0,17.0,0.0,39.0,24.0,7.0,35.0,10.0,16.0,42.0,3.0,8.0,41.0,56.0,26.0,19.0,10.0,3.0,18.0,16.0,0.0,19.0,0.0,42.0,38.0,54.0,6.0,20.0,72.0,54.0,8.0,2.0,21.0,1.0,21.0,24.0,14.0,5.0,4.0,23.0,20.0,20.0,2.0,6.0,14.0,23.0,7.0,4.0,4.0,1.0,10.0,14.0,26.0,34.0,2.0,21.0,8.0,62.0,18.0,25.0,4.0,1.0,0.0,4.0,5.0,2.0,3.0,0.0,0.0,0.0
56,240697075.0,25.0,5.0,154.0,45.0,24.0,7.0,138.0,37.0,27.0,1.0,0.0,9.0,30.0,23.0,35.0,1.0,0.0,13.0,2.0,11.0,1.0,29.0,19.0,1.0,26.0,1.0,28.0,32.0,67.0,12.0,28.0,0.0,0.0,11.0,0.0,8.0,8.0,7.0,4.0,13.0,20.0,33.0,2.0,11.0,21.0,36.0,9.0,0.0,2.0,0.0,8.0,9.0,0.0,6.0,42.0,0.0,8.0,28.0,2.0,0.0,40.0,44.0,0.0,0.0,9.0,0.0,1.0,0.0,8.0,0.0,0.0,13.0,12.0,8.0,2.0,1.0,1.0,9.0,1.0,2.0,2.0,1.0,4.0,14.0,9.0,35.0,0.0,33.0,6.0,7.0,14.0,10.0,2.0,0.0,0.0,2.0,2.0,1.0,0.0,0.0,0.0,0.0
57,246567300.0,10.0,1.0,23.0,66.0,27.0,12.0,17.0,9.0,6.0,0.0,0.0,3.0,14.0,6.0,13.0,0.0,0.0,4.0,0.0,5.0,6.0,11.0,6.0,9.0,7.0,0.0,6.0,10.0,32.0,4.0,13.0,12.0,0.0,7.0,0.0,12.0,3.0,0.0,6.0,1.0,5.0,11.0,2.0,1.0,9.0,8.0,46.0,105.0,18.0,1.0,36.0,4.0,0.0,36.0,38.0,8.0,0.0,54.0,34.0,70.0,72.0,15.0,23.0,8.0,21.0,4.0,104.0,181.0,7.0,9.0,10.0,15.0,36.0,4.0,1.0,20.0,23.0,29.0,15.0,6.0,6.0,1.0,34.0,3.0,72.0,13.0,6.0,5.0,17.0,163.0,25.0,24.0,0.0,0.0,0.0,8.0,3.0,3.0,2.0,0.0,1.0,0.0
58,253451653.0,75.0,1.0,146.0,144.0,37.0,9.0,111.0,98.0,47.0,5.0,0.0,8.0,77.0,17.0,20.0,3.0,0.0,9.0,2.0,11.0,38.0,54.0,21.0,19.0,17.0,2.0,20.0,15.0,105.0,11.0,57.0,8.0,2.0,32.0,0.0,27.0,35.0,9.0,29.0,10.0,19.0,15.0,5.0,4.0,79.0,49.0,36.0,68.0,15.0,7.0,109.0,18.0,0.0,15.0,54.0,28.0,54.0,0.0,49.0,26.0,182.0,121.0,50.0,33.0,103.0,1.0,34.0,51.0,43.0,43.0,4.0,41.0,62.0,12.0,4.0,49.0,71.0,70.0,22.0,52.0,10.0,2.0,30.0,11.0,65.0,90.0,28.0,15.0,11.0,56.0,28.0,64.0,4.0,1.0,2.0,11.0,34.0,3.0,7.0,0.0,39.0,0.0
59,253750066.0,20.0,0.0,21.0,43.0,16.0,2.0,24.0,40.0,3.0,1.0,0.0,2.0,14.0,2.0,5.0,0.0,0.0,1.0,0.0,1.0,1.0,16.0,5.0,43.0,5.0,2.0,1.0,2.0,13.0,3.0,35.0,6.0,0.0,5.0,0.0,3.0,13.0,2.0,9.0,2.0,3.0,3.0,1.0,0.0,19.0,7.0,9.0,16.0,1.0,0.0,189.0,0.0,0.0,11.0,6.0,2.0,34.0,49.0,0.0,7.0,22.0,36.0,100.0,2.0,14.0,0.0,12.0,34.0,7.0,119.0,1.0,9.0,5.0,6.0,1.0,118.0,224.0,126.0,4.0,186.0,0.0,0.0,3.0,1.0,19.0,29.0,86.0,4.0,5.0,29.0,6.0,15.0,0.0,0.0,0.0,0.0,94.0,0.0,3.0,0.0,94.0,1.0
60,254134082.0,1.0,0.0,2.0,25.0,4.0,3.0,1.0,0.0,2.0,0.0,0.0,0.0,0.0,0.0,0.0,0.0,0.0,0.0,0.0,0.0,6.0,0.0,0.0,4.0,1.0,0.0,1.0,1.0,4.0,0.0,0.0,1.0,0.0,0.0,0.0,1.0,0.0,0.0,0.0,0.0,0.0,1.0,1.0,0.0,1.0,0.0,36.0,80.0,9.0,0.0,10.0,1.0,0.0,27.0,20.0,0.0,70.0,26.0,7.0,0.0,21.0,0.0,4.0,4.0,7.0,0.0,60.0,128.0,0.0,3.0,2.0,5.0,8.0,0.0,0.0,3.0,5.0,6.0,0.0,0.0,0.0,0.0,11.0,0.0,23.0,2.0,0.0,0.0,5.0,84.0,7.0,3.0,0.0,0.0,0.0,2.0,0.0,0.0,0.0,0.0,0.0,0.0
61,258536563.0,98.0,3.0,209.0,302.0,58.0,25.0,156.0,100.0,61.0,5.0,0.0,12.0,120.0,22.0,62.0,3.0,1.0,14.0,2.0,15.0,5.0,140.0,43.0,6.0,17.0,1.0,30.0,15.0,179.0,11.0,66.0,14.0,3.0,33.0,0.0,76.0,67.0,7.0,58.0,7.0,26.0,45.0,8.0,6.0,93.0,82.0,94.0,177.0,81.0,7.0,47.0,25.0,0.0,17.0,72.0,40.0,72.0,182.0,22.0,21.0,0.0,195.0,25.0,9.0,20.0,6.0,127.0,149.0,112.0,5.0,34.0,121.0,232.0,29.0,4.0,23.0,29.0,41.0,116.0,22.0,25.0,1.0,197.0,19.0,196.0,66.0,5.0,21.0,39.0,157.0,64.0,232.0,4.0,8.0,7.0,21.0,6.0,19.0,9.0,0.0,4.0,0.0
62,263022323.0,167.0,4.0,327.0,158.0,51.0,9.0,249.0,166.0,46.0,25.0,0.0,11.0,150.0,9.0,50.0,3.0,0.0,11.0,3.0,4.0,2.0,109.0,46.0,13.0,37.0,2.0,18.0,23.0,105.0,10.0,109.0,10.0,1.0,23.0,0.0,39.0,63.0,18.0,115.0,10.0,13.0,51.0,20.0,14.0,94.0,101.0,37.0,15.0,27.0,7.0,26.0,13.0,0.0,8.0,54.0,44.0,15.0,121.0,36.0,0.0,195.0,0.0,18.0,1.0,23.0,4.0,12.0,7.0,97.0,7.0,10.0,38.0,100.0,38.0,1.0,12.0,28.0,31.0,77.0,31.0,14.0,0.0,60.0,9.0,46.0,110.0,6.0,16.0,32.0,38.0,15.0,160.0,1.0,5.0,2.0,11.0,8.0,7.0,8.0,0.0,8.0,0.0
63,263871572.0,5.0,1.0,20.0,18.0,6.0,4.0,14.0,33.0,0.0,0.0,0.0,1.0,4.0,0.0,0.0,0.0,0.0,0.0,0.0,0.0,1.0,2.0,2.0,37.0,2.0,0.0,1.0,0.0,7.0,0.0,11.0,4.0,0.0,1.0,0.0,0.0,5.0,0.0,1.0,0.0,0.0,2.0,0.0,0.0,12.0,2.0,6.0,5.0,2.0,1.0,186.0,0.0,0.0,4.0,8.0,0.0,23.0,50.0,100.0,4.0,25.0,18.0,0.0,3.0,9.0,1.0,9.0,14.0,4.0,113.0,2.0,2.0,10.0,1.0,0.0,124.0,179.0,124.0,4.0,111.0,2.0,0.0,7.0,0.0,11.0,9.0,72.0,0.0,3.0,14.0,3.0,11.0,0.0,0.0,0.0,1.0,92.0,1.0,0.0,0.0,101.0,0.0
64,265588700.0,2.0,1.0,1.0,11.0,3.0,1.0,0.0,3.0,2.0,0.0,0.0,0.0,0.0,1.0,0.0,0.0,0.0,1.0,0.0,1.0,9.0,1.0,1.0,1.0,1.0,1.0,1.0,0.0,7.0,1.0,2.0,1.0,0.0,0.0,0.0,0.0,1.0,1.0,2.0,0.0,1.0,0.0,0.0,0.0,1.0,1.0,6.0,13.0,0.0,1.0,15.0,1.0,0.0,1.0,2.0,0.0,8.0,33.0,2.0,4.0,9.0,1.0,3.0,0.0,17.0,0.0,3.0,4.0,0.0,2.0,0.0,2.0,3.0,0.0,0.0,5.0,8.0,9.0,0.0,5.0,1.0,0.0,1.0,0.0,6.0,2.0,1.0,0.0,4.0,1.0,3.0,1.0,0.0,0.0,0.0,1.0,1.0,0.0,0.0,0.0,1.0,0.0
65,266393576.0,19.0,2.0,30.0,33.0,15.0,5.0,33.0,25.0,13.0,1.0,0.0,1.0,17.0,5.0,5.0,1.0,0.0,3.0,0.0,5.0,16.0,18.0,4.0,2.0,9.0,0.0,7.0,14.0,16.0,3.0,22.0,8.0,0.0,5.0,0.0,10.0,4.0,9.0,9.0,1.0,6.0,6.0,4.0,1.0,21.0,7.0,13.0,28.0,2.0,1.0,24.0,3.0,0.0,5.0,21.0,9.0,21.0,103.0,14.0,7.0,20.0,23.0,9.0,17.0,0.0,0.0,8.0,17.0,12.0,4.0,1.0,9.0,13.0,2.0,3.0,13.0,11.0,16.0,4.0,8.0,1.0,0.0,3.0,0.0,22.0,38.0,3.0,3.0,6.0,15.0,7.0,21.0,0.0,0.0,0.0,2.0,5.0,0.0,2.0,0.0,1.0,1.0
66,266562398.0,0.0,0.0,4.0,10.0,3.0,2.0,2.0,1.0,0.0,0.0,0.0,0.0,2.0,0.0,3.0,0.0,0.0,0.0,0.0,0.0,0.0,2.0,0.0,0.0,0.0,0.0,0.0,0.0,1.0,0.0,1.0,3.0,0.0,0.0,0.0,2.0,0.0,0.0,0.0,0.0,0.0,0.0,1.0,0.0,3.0,0.0,1.0,5.0,2.0,0.0,1.0,0.0,0.0,0.0,1.0,0.0,4.0,1.0,0.0,0.0,6.0,4.0,1.0,0.0,0.0,0.0,6.0,3.0,4.0,1.0,0.0,1.0,8.0,0.0,0.0,0.0,1.0,1.0,6.0,0.0,1.0,0.0,2.0,0.0,5.0,0.0,0.0,0.0,1.0,6.0,4.0,7.0,0.0,0.0,0.0,0.0,0.0,0.0,0.0,0.0,0.0,0.0
67,268234891.0,3.0,0.0,5.0,82.0,12.0,9.0,5.0,1.0,2.0,0.0,0.0,0.0,5.0,1.0,4.0,1.0,0.0,0.0,0.0,1.0,3.0,4.0,2.0,0.0,0.0,1.0,1.0,1.0,22.0,1.0,2.0,12.0,0.0,0.0,0.0,7.0,2.0,0.0,1.0,1.0,1.0,0.0,2.0,0.0,4.0,1.0,80.0,203.0,32.0,0.0,16.0,1.0,0.0,31.0,21.0,1.0,104.0,34.0,12.0,60.0,127.0,12.0,9.0,3.0,8.0,6.0,0.0,256.0,13.0,6.0,23.0,13.0,66.0,0.0,1.0,10.0,15.0,12.0,28.0,4.0,6.0,0.0,65.0,0.0,86.0,1.0,1.0,1.0,19.0,224.0,26.0,44.0,0.0,3.0,2.0,6.0,1.0,9.0,0.0,0.0,1.0,1.0
68,268236675.0,2.0,0.0,4.0,100.0,12.0,11.0,2.0,2.0,1.0,0.0,0.0,0.0,4.0,0.0,2.0,2.0,0.0,1.0,0.0,0.0,7.0,5.0,1.0,2.0,0.0,1.0,1.0,0.0,24.0,0.0,2.0,18.0,0.0,0.0,0.0,8.0,0.0,0.0,1.0,0.0,0.0,0.0,2.0,0.0,3.0,0.0,91.0,215.0,42.0,0.0,20.0,0.0,0.0,52.0,24.0,0.0,181.0,51.0,34.0,128.0,149.0,7.0,14.0,4.0,17.0,3.0,256.0,0.0,8.0,9.0,15.0,22.0,70.0,0.0,0.0,13.0,20.0,12.0,21.0,4.0,4.0,0.0,69.0,0.0,99.0,0.0,4.0,0.0,21.0,284.0,36.0,33.0,0.0,1.0,0.0,5.0,0.0,9.0,0.0,0.0,1.0,1.0
69,268445390.0,56.0,0.0,92.0,157.0,16.0,2.0,77.0,33.0,21.0,5.0,0.0,3.0,55.0,3.0,26.0,2.0,0.0,0.0,1.0,2.0,0.0,72.0,5.0,1.0,3.0,0.0,7.0,4.0,29.0,1.0,39.0,5.0,1.0,5.0,0.0,29.0,41.0,8.0,23.0,4.0,3.0,4.0,8.0,3.0,42.0,18.0,16.0,19.0,15.0,4.0,4.0,6.0,0.0,1.0,14.0,8.0,7.0,43.0,7.0,0.0,112.0,97.0,4.0,0.0,12.0,4.0,13.0,8.0,0.0,1.0,12.0,30.0,84.0,7.0,1.0,4.0,2.0,4.0,73.0,3.0,8.0,0.0,57.0,1.0,26.0,20.0,0.0,5.0,24.0,29.0,15.0,178.0,4.0,5.0,2.0,5.0,0.0,6.0,1.0,0.0,1.0,0.0
70,272100932.0,1.0,0.0,5.0,6.0,3.0,3.0,3.0,14.0,0.0,0.0,0.0,0.0,0.0,0.0,0.0,0.0,0.0,0.0,0.0,0.0,2.0,1.0,1.0,32.0,0.0,0.0,0.0,0.0,3.0,0.0,4.0,2.0,0.0,0.0,0.0,0.0,0.0,0.0,0.0,0.0,0.0,0.0,0.0,0.0,6.0,0.0,5.0,4.0,4.0,0.0,222.0,0.0,0.0,4.0,5.0,0.0,9.0,43.0,119.0,3.0,5.0,7.0,113.0,2.0,4.0,1.0,6.0,9.0,1.0,0.0,0.0,0.0,1.0,0.0,0.0,142.0,236.0,135.0,1.0,159.0,0.0,0.0,1.0,0.0,6.0,4.0,99.0,0.0,0.0,10.0,3.0,2.0,0.0,0.0,0.0,0.0,104.0,0.0,0.0,0.0,109.0,0.0
71,274052325.0,4.0,0.0,7.0,26.0,3.0,2.0,3.0,4.0,2.0,0.0,0.0,0.0,3.0,0.0,6.0,1.0,0.0,0.0,0.0,0.0,0.0,12.0,1.0,0.0,0.0,0.0,0.0,0.0,7.0,0.0,6.0,0.0,0.0,2.0,0.0,4.0,3.0,1.0,2.0,0.0,1.0,0.0,0.0,1.0,5.0,0.0,21.0,41.0,10.0,0.0,2.0,0.0,0.0,1.0,4.0,0.0,10.0,4.0,1.0,2.0,34.0,10.0,2.0,0.0,1.0,0.0,23.0,15.0,12.0,0.0,0.0,7.0,21.0,1.0,0.0,0.0,1.0,3.0,16.0,0.0,3.0,0.0,24.0,0.0,30.0,5.0,0.0,0.0,11.0,18.0,9.0,31.0,0.0,0.0,0.0,2.0,0.0,1.0,0.0,0.0,0.0,0.0
72,274246546.0,21.0,0.0,35.0,55.0,24.0,2.0,31.0,25.0,13.0,1.0,0.0,5.0,29.0,9.0,17.0,3.0,0.0,8.0,2.0,6.0,1.0,50.0,15.0,3.0,8.0,0.0,12.0,6.0,44.0,4.0,32.0,3.0,2.0,5.0,0.0,29.0,7.0,3.0,10.0,5.0,13.0,17.0,4.0,0.0,28.0,20.0,27.0,20.0,20.0,0.0,12.0,12.0,0.0,2.0,23.0,13.0,15.0,41.0,9.0,5.0,121.0,38.0,2.0,2.0,9.0,1.0,13.0,22.0,30.0,0.0,7.0,0.0,45.0,8.0,2.0,4.0,5.0,14.0,28.0,5.0,7.0,1.0,32.0,7.0,32.0,23.0,2.0,9.0,13.0,23.0,23.0,46.0,1.0,1.0,2.0,5.0,2.0,5.0,2.0,0.0,0.0,0.0
73,280185619.0,34.0,1.0,67.0,148.0,25.0,8.0,52.0,46.0,10.0,0.0,0.0,3.0,54.0,5.0,26.0,2.0,0.0,2.0,0.0,5.0,0.0,54.0,12.0,2.0,2.0,0.0,7.0,3.0,47.0,3.0,21.0,4.0,0.0,9.0,0.0,37.0,30.0,3.0,12.0,3.0,8.0,2.0,3.0,1.0,47.0,13.0,43.0,85.0,47.0,4.0,12.0,4.0,0.0,4.0,20.0,12.0,36.0,62.0,5.0,8.0,232.0,100.0,10.0,3.0,13.0,8.0,66.0,70.0,84.0,1.0,21.0,45.0,0.0,3.0,2.0,4.0,10.0,15.0,98.0,8.0,22.0,0.0,107.0,2.0,85.0,11.0,4.0,6.0,29.0,81.0,43.0,164.0,0.0,7.0,5.0,15.0,1.0,15.0,0.0,0.0,1.0,0.0
74,280596525.0,40.0,0.0,40.0,30.0,8.0,6.0,26.0,26.0,8.0,25.0,0.0,7.0,27.0,4.0,9.0,0.0,0.0,9.0,0.0,2.0,1.0,17.0,27.0,3.0,7.0,0.0,11.0,4.0,28.0,3.0,17.0,0.0,0.0,10.0,0.0,6.0,13.0,4.0,33.0,2.0,8.0,20.0,5.0,0.0,14.0,29.0,5.0,0.0,1.0,2.0,3.0,6.0,0.0,1.0,20.0,8.0,4.0,12.0,6.0,0.0,29.0,38.0,1.0,0.0,2.0,0.0,0.0,0.0,7.0,0.0,1.0,8.0,3.0,0.0,0.0,2.0,1.0,5.0,2.0,3.0,0.0,0.0,0.0,7.0,7.0,12.0,1.0,6.0,3.0,3.0,4.0,9.0,2.0,0.0,0.0,0.0,1.0,0.0,4.0,0.0,1.0,0.0
75,283718439.0,1.0,0.0,2.0,4.0,2.0,0.0,3.0,3.0,1.0,0.0,0.0,1.0,1.0,1.0,2.0,0.0,0.0,0.0,0.0,2.0,0.0,4.0,1.0,0.0,4.0,0.0,1.0,0.0,3.0,1.0,3.0,0.0,0.0,3.0,0.0,3.0,0.0,1.0,1.0,1.0,3.0,1.0,1.0,0.0,2.0,3.0,1.0,0.0,0.0,0.0,2.0,2.0,0.0,1.0,2.0,2.0,1.0,4.0,1.0,0.0,4.0,1.0,0.0,0.0,3.0,0.0,1.0,0.0,1.0,0.0,0.0,2.0,2.0,0.0,0.0,0.0,0.0,2.0,0.0,1.0,0.0,0.0,0.0,1.0,2.0,6.0,0.0,2.0,1.0,0.0,2.0,3.0,0.0,0.0,0.0,1.0,0.0,0.0,0.0,0.0,0.0,0.0
76,287606184.0,5.0,1.0,7.0,23.0,10.0,4.0,7.0,23.0,0.0,0.0,0.0,1.0,3.0,0.0,1.0,1.0,0.0,1.0,0.0,0.0,2.0,4.0,3.0,49.0,1.0,1.0,2.0,1.0,12.0,0.0,8.0,7.0,0.0,1.0,0.0,3.0,2.0,0.0,0.0,0.0,0.0,1.0,0.0,0.0,11.0,2.0,8.0,7.0,3.0,0.0,219.0,0.0,0.0,2.0,6.0,1.0,20.0,49.0,118.0,3.0,23.0,12.0,124.0,5.0,13.0,0.0,10.0,13.0,4.0,142.0,0.0,4.0,4.0,2.0,0.0,0.0,232.0,119.0,1.0,151.0,2.0,1.0,3.0,0.0,18.0,8.0,81.0,1.0,2.0,17.0,6.0,6.0,0.0,0.0,0.0,1.0,86.0,0.0,0.0,0.0,125.0,0.0
77,304073939.0,8.0,1.0,14.0,25.0,10.0,4.0,17.0,42.0,2.0,0.0,0.0,2.0,4.0,2.0,3.0,1.0,0.0,1.0,0.0,1.0,4.0,7.0,6.0,58.0,3.0,1.0,3.0,2.0,15.0,0.0,21.0,6.0,0.0,5.0,0.0,4.0,2.0,2.0,3.0,0.0,1.0,2.0,1.0,0.0,20.0,3.0,15.0,15.0,3.0,0.0,393.0,1.0,0.0,6.0,14.0,1.0,23.0,71.0,224.0,5.0,29.0,28.0,179.0,8.0,11.0,1.0,15.0,20.0,2.0,236.0,1.0,5.0,10.0,1.0,0.0,232.0,0.0,221.0,2.0,237.0,3.0,1.0,6.0,0.0,16.0,13.0,116.0,1.0,2.0,25.0,5.0,13.0,1.0,0.0,0.0,0.0,160.0,0.0,0.0,0.0,179.0,1.0
78,304181609.0,15.0,2.0,24.0,43.0,27.0,7.0,22.0,37.0,3.0,0.0,0.0,3.0,11.0,6.0,8.0,1.0,0.0,3.0,0.0,6.0,4.0,18.0,13.0,30.0,5.0,0.0,8.0,7.0,33.0,4.0,24.0,9.0,1.0,9.0,0.0,11.0,10.0,3.0,8.0,1.0,6.0,13.0,1.0,1.0,22.0,10.0,18.0,11.0,6.0,1.0,226.0,6.0,0.0,5.0,23.0,9.0,29.0,70.0,126.0,6.0,41.0,31.0,124.0,9.0,16.0,1.0,12.0,12.0,4.0,135.0,3.0,14.0,15.0,5.0,2.0,119.0,221.0,0.0,6.0,132.0,3.0,1.0,7.0,3.0,25.0,16.0,77.0,5.0,6.0,17.0,14.0,14.0,1.0,0.0,0.0,3.0,86.0,0.0,2.0,0.0,92.0,0.0
79,309041796.0,22.0,0.0,34.0,97.0,17.0,5.0,34.0,25.0,5.0,0.0,0.0,1.0,36.0,1.0,24.0,1.0,0.0,1.0,0.0,0.0,0.0,47.0,8.0,1.0,3.0,0.0,2.0,3.0,25.0,2.0,18.0,2.0,0.0,5.0,0.0,48.0,14.0,1.0,17.0,0.0,5.0,9.0,1.0,0.0,27.0,5.0,19.0,40.0,25.0,1.0,4.0,1.0,0.0,0.0,7.0,1.0,15.0,22.0,4.0,0.0,116.0,77.0,4.0,0.0,4.0,6.0,28.0,21.0,73.0,1.0,16.0,28.0,98.0,2.0,0.0,1.0,2.0,6.0,0.0,3.0,8.0,0.0,55.0,1.0,41.0,16.0,0.0,1.0,27.0,47.0,19.0,150.0,0.0,3.0,1.0,5.0,0.0,9.0,3.0,0.0,0.0,0.0
80,312669043.0,9.0,1.0,13.0,18.0,9.0,1.0,14.0,33.0,1.0,0.0,0.0,1.0,13.0,1.0,8.0,0.0,0.0,1.0,0.0,2.0,1.0,10.0,5.0,51.0,1.0,0.0,0.0,0.0,9.0,3.0,19.0,4.0,0.0,2.0,0.0,4.0,3.0,1.0,4.0,1.0,1.0,3.0,1.0,0.0,13.0,2.0,6.0,3.0,3.0,0.0,222.0,2.0,0.0,1.0,4.0,2.0,6.0,52.0,186.0,0.0,22.0,31.0,111.0,5.0,8.0,0.0,4.0,4.0,3.0,159.0,0.0,5.0,8.0,3.0,1.0,151.0,237.0,132.0,3.0,0.0,2.0,0.0,4.0,0.0,8.0,10.0,105.0,2.0,2.0,4.0,2.0,7.0,0.0,0.0,0.0,2.0,99.0,0.0,3.0,0.0,134.0,0.0
81,314966426.0,5.0,1.0,10.0,17.0,4.0,1.0,9.0,6.0,0.0,0.0,0.0,1.0,10.0,0.0,5.0,2.0,0.0,2.0,0.0,1.0,0.0,9.0,3.0,0.0,1.0,0.0,1.0,2.0,9.0,0.0,3.0,0.0,0.0,3.0,0.0,7.0,4.0,0.0,0.0,0.0,1.0,1.0,0.0,0.0,8.0,2.0,7.0,3.0,8.0,2.0,1.0,0.0,0.0,0.0,4.0,2.0,6.0,10.0,0.0,0.0,25.0,14.0,2.0,1.0,1.0,1.0,6.0,4.0,8.0,0.0,3.0,7.0,22.0,0.0,0.0,2.0,3.0,3.0,8.0,2.0,0.0,1.0,19.0,1.0,11.0,2.0,0.0,0.0,2.0,7.0,6.0,19.0,0.0,4.0,4.0,0.0,0.0,3.0,0.0,0.0,0.0,0.0
82,317262357.0,1.0,0.0,1.0,1.0,1.0,0.0,1.0,1.0,0.0,0.0,0.0,1.0,1.0,0.0,1.0,1.0,0.0,1.0,0.0,0.0,0.0,1.0,1.0,0.0,1.0,0.0,1.0,1.0,2.0,0.0,0.0,0.0,0.0,1.0,0.0,1.0,0.0,0.0,0.0,0.0,0.0,1.0,0.0,0.0,1.0,1.0,0.0,0.0,0.0,0.0,1.0,0.0,0.0,0.0,1.0,1.0,1.0,2.0,0.0,0.0,1.0,0.0,0.0,0.0,0.0,0.0,0.0,0.0,0.0,0.0,0.0,1.0,0.0,0.0,0.0,1.0,1.0,1.0,0.0,0.0,1.0,0.0,1.0,0.0,1.0,0.0,0.0,0.0,0.0,0.0,0.0,1.0,0.0,0.0,0.0,0.0,0.0,0.0,0.0,0.0,0.0,0.0
83,330229987.0,9.0,1.0,31.0,84.0,12.0,7.0,23.0,18.0,4.0,1.0,0.0,3.0,19.0,2.0,17.0,3.0,0.0,1.0,0.0,2.0,0.0,46.0,8.0,1.0,1.0,0.0,4.0,3.0,28.0,1.0,13.0,2.0,0.0,6.0,0.0,34.0,7.0,2.0,2.0,1.0,3.0,2.0,2.0,1.0,14.0,3.0,53.0,111.0,57.0,2.0,7.0,0.0,0.0,3.0,10.0,4.0,34.0,30.0,3.0,11.0,197.0,60.0,7.0,1.0,3.0,2.0,65.0,69.0,57.0,1.0,24.0,32.0,107.0,0.0,0.0,3.0,6.0,7.0,55.0,4.0,19.0,1.0,0.0,2.0,113.0,4.0,0.0,2.0,20.0,80.0,32.0,102.0,0.0,5.0,3.0,8.0,2.0,11.0,0.0,0.0,0.0,0.0
84,332961270.0,6.0,0.0,14.0,15.0,9.0,3.0,11.0,13.0,6.0,0.0,0.0,4.0,12.0,6.0,9.0,0.0,0.0,7.0,2.0,8.0,1.0,15.0,14.0,1.0,6.0,0.0,9.0,13.0,20.0,3.0,7.0,0.0,2.0,8.0,0.0,7.0,5.0,2.0,3.0,4.0,5.0,14.0,0.0,0.0,7.0,14.0,2.0,0.0,1.0,0.0,2.0,7.0,0.0,1.0,14.0,14.0,3.0,11.0,1.0,0.0,19.0,9.0,0.0,0.0,0.0,0.0,0.0,0.0,1.0,0.0,0.0,7.0,2.0,7.0,1.0,0.0,0.0,3.0,1.0,0.0,1.0,0.0,2.0,0.0,6.0,9.0,0.0,9.0,2.0,2.0,7.0,3.0,1.0,0.0,0.0,0.0,0.0,0.0,1.0,0.0,0.0,0.0
85,335432912.0,17.0,2.0,26.0,129.0,26.0,14.0,19.0,19.0,10.0,1.0,0.0,5.0,20.0,5.0,18.0,3.0,0.0,7.0,0.0,5.0,9.0,30.0,14.0,3.0,3.0,2.0,10.0,3.0,57.0,5.0,14.0,5.0,1.0,9.0,0.0,25.0,7.0,2.0,9.0,2.0,6.0,7.0,2.0,1.0,20.0,13.0,95.0,177.0,62.0,2.0,35.0,6.0,0.0,18.0,26.0,9.0,72.0,65.0,19.0,23.0,196.0,46.0,11.0,6.0,22.0,5.0,86.0,99.0,26.0,6.0,30.0,32.0,85.0,7.0,2.0,18.0,16.0,25.0,41.0,8.0,11.0,1.0,113.0,6.0,0.0,9.0,6.0,9.0,20.0,103.0,47.0,80.0,0.0,6.0,1.0,12.0,2.0,9.0,2.0,0.0,0.0,0.0
86,369028288.0,92.0,0.0,129.0,76.0,22.0,8.0,154.0,77.0,67.0,11.0,0.0,5.0,30.0,20.0,18.0,1.0,0.0,5.0,1.0,3.0,2.0,58.0,21.0,11.0,94.0,0.0,26.0,26.0,58.0,8.0,92.0,14.0,1.0,41.0,0.0,19.0,16.0,46.0,18.0,2.0,23.0,38.0,12.0,5.0,44.0,29.0,13.0,3.0,2.0,3.0,15.0,17.0,0.0,9.0,34.0,35.0,13.0,90.0,29.0,2.0,66.0,110.0,9.0,2.0,38.0,0.0,1.0,0.0,20.0,4.0,5.0,23.0,11.0,12.0,6.0,8.0,13.0,16.0,16.0,10.0,2.0,0.0,4.0,9.0,9.0,0.0,3.0,12.0,21.0,33.0,5.0,40.0,8.0,0.0,0.0,4.0,4.0,0.0,16.0,0.0,6.0,0.0
87,374701668.0,1.0,0.0,6.0,9.0,5.0,1.0,4.0,12.0,1.0,0.0,0.0,0.0,1.0,0.0,1.0,0.0,0.0,0.0,0.0,0.0,1.0,2.0,2.0,26.0,0.0,0.0,1.0,0.0,3.0,0.0,6.0,2.0,0.0,0.0,0.0,0.0,1.0,1.0,0.0,0.0,0.0,0.0,0.0,0.0,8.0,2.0,5.0,4.0,0.0,0.0,114.0,0.0,0.0,3.0,2.0,0.0,6.0,28.0,86.0,0.0,5.0,6.0,72.0,1.0,3.0,0.0,1.0,4.0,0.0,99.0,0.0,2.0,4.0,1.0,0.0,81.0,116.0,77.0,0.0,105.0,0.0,0.0,0.0,0.0,6.0,3.0,0.0,0.0,1.0,6.0,2.0,2.0,0.0,0.0,0.0,0.0,66.0,0.0,0.0,0.0,77.0,0.0
88,376061066.0,9.0,1.0,56.0,26.0,12.0,4.0,59.0,11.0,23.0,2.0,0.0,8.0,13.0,12.0,19.0,0.0,0.0,9.0,1.0,7.0,0.0,16.0,14.0,2.0,7.0,0.0,13.0,20.0,18.0,6.0,20.0,1.0,1.0,13.0,0.0,6.0,5.0,3.0,3.0,7.0,10.0,15.0,1.0,5.0,11.0,16.0,5.0,0.0,0.0,1.0,4.0,7.0,0.0,1.0,21.0,33.0,5.0,15.0,4.0,0.0,21.0,16.0,0.0,0.0,3.0,0.0,1.0,0.0,5.0,0.0,0.0,9.0,6.0,6.0,2.0,1.0,1.0,5.0,1.0,2.0,0.0,0.0,2.0,9.0,9.0,12.0,0.0,0.0,4.0,3.0,9.0,10.0,4.0,0.0,0.0,2.0,1.0,0.0,0.0,0.0,0.0,0.0
89,380534956.0,18.0,0.0,13.0,51.0,6.0,4.0,14.0,28.0,6.0,0.0,0.0,1.0,9.0,5.0,10.0,1.0,0.0,4.0,0.0,3.0,0.0,23.0,5.0,0.0,7.0,0.0,9.0,3.0,13.0,4.0,14.0,3.0,0.0,2.0,0.0,7.0,5.0,2.0,7.0,1.0,3.0,7.0,3.0,0.0,5.0,3.0,24.0,36.0,15.0,1.0,9.0,5.0,0.0,3.0,8.0,6.0,17.0,11.0,5.0,5.0,39.0,32.0,3.0,4.0,6.0,1.0,19.0,21.0,24.0,0.0,11.0,13.0,29.0,3.0,1.0,2.0,2.0,6.0,27.0,2.0,2.0,0.0,20.0,2.0,20.0,21.0,1.0,4.0,0.0,26.0,13.0,53.0,1.0,0.0,0.0,3.0,0.0,0.0,0.0,0.0,0.0,0.0
90,384671106.0,17.0,1.0,47.0,103.0,25.0,23.0,40.0,24.0,9.0,2.0,0.0,5.0,23.0,3.0,18.0,0.0,0.0,3.0,0.0,4.0,8.0,20.0,7.0,2.0,13.0,1.0,5.0,16.0,36.0,1.0,22.0,38.0,1.0,7.0,0.0,27.0,15.0,1.0,13.0,1.0,1.0,14.0,4.0,1.0,16.0,5.0,89.0,202.0,39.0,0.0,28.0,2.0,0.0,50.0,62.0,7.0,163.0,56.0,29.0,84.0,157.0,38.0,14.0,1.0,15.0,6.0,224.0,284.0,29.0,10.0,18.0,23.0,81.0,3.0,0.0,17.0,25.0,17.0,47.0,4.0,7.0,0.0,80.0,2.0,103.0,33.0,6.0,3.0,26.0,0.0,25.0,57.0,0.0,1.0,2.0,6.0,2.0,6.0,1.0,0.0,3.0,1.0
91,395689000.0,8.0,0.0,20.0,61.0,17.0,6.0,16.0,13.0,10.0,0.0,0.0,3.0,19.0,9.0,7.0,1.0,0.0,3.0,1.0,10.0,2.0,16.0,6.0,1.0,4.0,0.0,7.0,3.0,36.0,3.0,12.0,6.0,1.0,3.0,0.0,14.0,8.0,1.0,0.0,4.0,8.0,5.0,2.0,0.0,15.0,16.0,30.0,33.0,16.0,1.0,16.0,7.0,0.0,5.0,18.0,14.0,25.0,28.0,6.0,7.0,64.0,15.0,3.0,3.0,7.0,4.0,26.0,36.0,15.0,3.0,9.0,23.0,43.0,4.0,2.0,6.0,5.0,14.0,19.0,2.0,6.0,0.0,32.0,7.0,47.0,5.0,2.0,9.0,13.0,25.0,0.0,31.0,2.0,0.0,1.0,9.0,1.0,5.0,0.0,0.0,0.0,0.0
92,402037439.0,94.0,2.0,134.0,248.0,38.0,6.0,119.0,71.0,26.0,4.0,0.0,8.0,77.0,6.0,41.0,4.0,0.0,3.0,0.0,4.0,0.0,127.0,18.0,5.0,7.0,0.0,13.0,9.0,57.0,2.0,48.0,5.0,1.0,13.0,0.0,55.0,49.0,2.0,40.0,4.0,13.0,10.0,8.0,2.0,72.0,20.0,50.0,66.0,39.0,3.0,12.0,6.0,0.0,2.0,25.0,10.0,24.0,64.0,15.0,3.0,232.0,160.0,11.0,1.0,21.0,7.0,44.0,33.0,178.0,2.0,31.0,46.0,164.0,9.0,3.0,6.0,13.0,14.0,150.0,7.0,19.0,1.0,102.0,3.0,80.0,40.0,2.0,10.0,53.0,57.0,31.0,0.0,3.0,6.0,3.0,11.0,3.0,16.0,1.0,0.0,3.0,1.0
93,402793210.0,6.0,0.0,21.0,1.0,5.0,0.0,6.0,0.0,8.0,2.0,0.0,1.0,2.0,0.0,2.0,0.0,0.0,1.0,1.0,1.0,0.0,2.0,0.0,0.0,0.0,0.0,1.0,3.0,3.0,0.0,8.0,0.0,0.0,5.0,0.0,2.0,2.0,0.0,2.0,1.0,5.0,6.0,2.0,0.0,2.0,6.0,0.0,0.0,0.0,0.0,0.0,1.0,0.0,1.0,4.0,2.0,0.0,4.0,0.0,0.0,4.0,1.0,0.0,0.0,0.0,0.0,0.0,0.0,4.0,0.0,0.0,1.0,0.0,2.0,0.0,0.0,1.0,1.0,0.0,0.0,0.0,0.0,0.0,1.0,0.0,8.0,0.0,4.0,1.0,0.0,2.0,3.0,0.0,0.0,0.0,0.0,0.0,0.0,0.0,0.0,0.0,0.0
94,409731314.0,0.0,0.0,0.0,2.0,0.0,0.0,0.0,0.0,0.0,0.0,0.0,0.0,0.0,0.0,2.0,2.0,0.0,0.0,0.0,0.0,0.0,2.0,1.0,0.0,0.0,0.0,0.0,0.0,0.0,0.0,1.0,0.0,0.0,0.0,0.0,3.0,0.0,0.0,0.0,0.0,0.0,0.0,0.0,0.0,0.0,0.0,3.0,4.0,3.0,0.0,0.0,0.0,0.0,0.0,1.0,0.0,0.0,1.0,0.0,0.0,8.0,5.0,0.0,0.0,0.0,0.0,3.0,1.0,5.0,0.0,0.0,1.0,7.0,0.0,0.0,0.0,0.0,0.0,3.0,0.0,4.0,0.0,5.0,0.0,6.0,0.0,0.0,0.0,0.0,1.0,0.0,6.0,0.0,0.0,4.0,0.0,0.0,0.0,0.0,0.0,0.0,0.0
95,409763432.0,0.0,0.0,0.0,3.0,0.0,0.0,0.0,1.0,0.0,0.0,0.0,0.0,1.0,0.0,0.0,0.0,0.0,0.0,0.0,0.0,0.0,1.0,0.0,0.0,0.0,0.0,0.0,0.0,0.0,0.0,1.0,0.0,0.0,0.0,0.0,1.0,0.0,0.0,0.0,0.0,0.0,0.0,0.0,0.0,0.0,0.0,2.0,4.0,2.0,0.0,0.0,0.0,0.0,0.0,0.0,0.0,0.0,2.0,0.0,0.0,7.0,2.0,0.0,0.0,0.0,0.0,2.0,0.0,2.0,0.0,0.0,2.0,5.0,0.0,0.0,0.0,0.0,0.0,1.0,0.0,4.0,0.0,3.0,0.0,1.0,0.0,0.0,0.0,0.0,2.0,1.0,3.0,0.0,4.0,0.0,0.0,0.0,0.0,0.0,0.0,0.0,0.0
96,412663554.0,9.0,1.0,11.0,16.0,2.0,4.0,8.0,9.0,4.0,0.0,0.0,1.0,8.0,1.0,4.0,0.0,0.0,0.0,0.0,1.0,1.0,4.0,2.0,0.0,1.0,0.0,1.0,0.0,11.0,1.0,4.0,0.0,0.0,2.0,0.0,3.0,4.0,0.0,2.0,1.0,1.0,0.0,1.0,0.0,4.0,4.0,6.0,8.0,7.0,0.0,5.0,1.0,0.0,1.0,4.0,2.0,8.0,11.0,0.0,2.0,21.0,11.0,1.0,1.0,2.0,0.0,6.0,5.0,5.0,0.0,2.0,5.0,15.0,0.0,1.0,1.0,0.0,3.0,5.0,2.0,0.0,0.0,8.0,0.0,12.0,4.0,0.0,2.0,3.0,6.0,9.0,11.0,0.0,0.0,0.0,0.0,0.0,0.0,0.0,0.0,0.0,0.0
97,414655886.0,2.0,1.0,6.0,6.0,4.0,1.0,9.0,18.0,1.0,0.0,0.0,1.0,3.0,2.0,2.0,0.0,0.0,0.0,0.0,1.0,0.0,4.0,5.0,34.0,0.0,0.0,2.0,2.0,5.0,1.0,10.0,1.0,0.0,2.0,0.0,2.0,1.0,0.0,4.0,1.0,3.0,2.0,0.0,1.0,9.0,4.0,3.0,3.0,0.0,0.0,145.0,1.0,0.0,0.0,5.0,2.0,3.0,34.0,94.0,0.0,6.0,8.0,92.0,1.0,5.0,0.0,1.0,0.0,0.0,104.0,0.0,2.0,1.0,1.0,0.0,86.0,160.0,86.0,0.0,99.0,0.0,0.0,2.0,0.0,2.0,4.0,66.0,1.0,0.0,2.0,1.0,3.0,0.0,0.0,0.0,0.0,0.0,0.0,0.0,0.0,90.0,0.0
98,418992848.0,0.0,0.0,6.0,9.0,1.0,0.0,4.0,2.0,2.0,1.0,0.0,0.0,3.0,0.0,1.0,0.0,0.0,0.0,0.0,0.0,0.0,6.0,0.0,0.0,0.0,0.0,0.0,0.0,4.0,0.0,2.0,0.0,0.0,1.0,0.0,2.0,2.0,1.0,2.0,1.0,0.0,1.0,0.0,1.0,3.0,1.0,7.0,8.0,6.0,1.0,0.0,1.0,0.0,0.0,2.0,1.0,3.0,3.0,0.0,0.0,19.0,7.0,1.0,0.0,0.0,0.0,9.0,9.0,6.0,0.0,1.0,5.0,15.0,0.0,0.0,0.0,0.0,0.0,9.0,0.0,3.0,0.0,11.0,0.0,9.0,0.0,0.0,0.0,0.0,6.0,5.0,16.0,0.0,0.0,0.0,0.0,0.0,0.0,0.0,0.0,0.0,0.0
99,425840443.0,6.0,0.0,7.0,6.0,2.0,1.0,5.0,6.0,0.0,1.0,0.0,0.0,3.0,1.0,4.0,0.0,0.0,2.0,0.0,0.0,0.0,3.0,4.0,0.0,2.0,0.0,2.0,1.0,5.0,1.0,4.0,0.0,0.0,2.0,0.0,2.0,2.0,2.0,4.0,0.0,1.0,3.0,0.0,0.0,4.0,2.0,1.0,0.0,1.0,0.0,1.0,2.0,0.0,0.0,3.0,0.0,2.0,7.0,3.0,0.0,9.0,8.0,0.0,0.0,2.0,0.0,0.0,0.0,1.0,0.0,0.0,2.0,0.0,4.0,0.0,0.0,0.0,2.0,3.0,3.0,0.0,0.0,0.0,1.0,2.0,16.0,0.0,0.0,0.0,1.0,0.0,1.0,0.0,0.0,0.0,0.0,0.0,0.0,0.0,0.0,0.0,0.0
100,430977521.0,0.0,0.0,0.0,0.0,0.0,0.0,0.0,0.0,0.0,0.0,0.0,0.0,0.0,0.0,0.0,0.0,0.0,0.0,0.0,0.0,0.0,0.0,0.0,0.0,0.0,0.0,0.0,0.0,0.0,0.0,0.0,0.0,0.0,0.0,0.0,0.0,0.0,0.0,0.0,0.0,0.0,0.0,0.0,0.0,0.0,0.0,0.0,0.0,0.0,0.0,0.0,0.0,0.0,0.0,0.0,0.0,0.0,0.0,0.0,0.0,0.0,0.0,0.0,0.0,0.0,0.0,0.0,0.0,0.0,0.0,0.0,0.0,0.0,0.0,0.0,0.0,0.0,0.0,0.0,0.0,0.0,0.0,0.0,0.0,0.0,0.0,0.0,0.0,0.0,0.0,0.0,0.0,0.0,0.0,0.0,0.0,0.0,0.0,0.0,0.0,0.0,0.0
101,434689597.0,2.0,0.0,8.0,4.0,1.0,1.0,7.0,22.0,0.0,0.0,0.0,0.0,1.0,0.0,0.0,0.0,0.0,0.0,0.0,0.0,0.0,2.0,2.0,37.0,1.0,0.0,1.0,0.0,1.0,0.0,12.0,1.0,0.0,0.0,0.0,1.0,2.0,0.0,0.0,0.0,0.0,0.0,0.0,0.0,9.0,1.0,1.0,4.0,1.0,0.0,168.0,0.0,0.0,0.0,0.0,0.0,1.0,39.0,94.0,0.0,4.0,8.0,101.0,1.0,1.0,0.0,1.0,1.0,1.0,109.0,0.0,0.0,1.0,1.0,0.0,125.0,179.0,92.0,0.0,134.0,0.0,0.0,0.0,0.0,0.0,6.0,77.0,0.0,0.0,3.0,0.0,3.0,0.0,0.0,0.0,0.0,90.0,0.0,0.0,0.0,0.0,0.0
102,436738033.0,0.0,0.0,0.0,1.0,0.0,0.0,0.0,0.0,0.0,0.0,0.0,0.0,0.0,0.0,0.0,0.0,0.0,0.0,0.0,0.0,0.0,0.0,0.0,0.0,0.0,0.0,0.0,0.0,0.0,0.0,0.0,0.0,0.0,0.0,0.0,0.0,0.0,0.0,0.0,0.0,0.0,0.0,1.0,0.0,0.0,0.0,0.0,0.0,0.0,0.0,0.0,0.0,0.0,1.0,0.0,0.0,0.0,0.0,1.0,0.0,0.0,0.0,0.0,0.0,1.0,0.0,1.0,1.0,0.0,0.0,0.0,0.0,0.0,0.0,0.0,0.0,1.0,0.0,0.0,0.0,0.0,0.0,0.0,0.0,0.0,0.0,0.0,0.0,0.0,1.0,0.0,1.0,0.0,0.0,0.0,0.0,0.0,0.0,0.0,0.0,0.0,0.0
