,0,1,2,3,4,5,6,7,8,9,10,11,12,13,14,15,16,17,18,19,20,21,22,23,24,25,26,27,28,29,30,31,32,33,34,35,36,37,38,39,40,41,42,43,44,45,46,47,48,49,50,51,52,53,54,55,56,57,58,59,60,61,62,63,64,65,66,67,68,69,70,71,72,73,74,75,76,77,78,79,80,81,82,83,84,85,86,87,88,89,90,91,92,93,94,95,96,97,98,99,100,101,102,103,104,105,106,107,108,109,110,111,112,113,114,115,116,117,118,119,120,121,122,123,124,125,126,127,128,129,130,131,132,133
0,-1.0,2797701.0,14538960.0,15236350.0,15486485.0,15968617.0,16093403.0,16151235.0,16959340.0,18594520.0,18609566.0,19712559.0,20644763.0,20791292.0,21485514.0,21751900.0,21985529.0,22195472.0,22764187.0,41224717.0,41330546.0,41560467.0,43282075.0,43846591.0,43995095.0,46358909.0,48495906.0,49388157.0,49541109.0,53223847.0,53507617.0,53554114.0,55837229.0,57166994.0,58711646.0,59835403.0,80293889.0,96894552.0,99197604.0,100118234.0,101250325.0,101457389.0,103247646.0,104900245.0,105580789.0,106311646.0,107736469.0,109982213.0,125797024.0,132158439.0,136588759.0,150413331.0,150881077.0,151058995.0,157434563.0,159167229.0,161863994.0,174266535.0,177002568.0,185467042.0,189806241.0,191761809.0,192477353.0,197509029.0,199211047.0,211390583.0,225423130.0,225618759.0,226590372.0,230920600.0,238367325.0,245059632.0,246442148.0,246875675.0,247733964.0,252258284.0,254640843.0,258536563.0,260656699.0,261885661.0,261905897.0,263022323.0,266562398.0,267822363.0,268529448.0,269296241.0,270622245.0,270934983.0,271791007.0,272937332.0,274982664.0,276669698.0,279947636.0,280522436.0,281930659.0,282259323.0,283022885.0,287755830.0,288599704.0,289104235.0,290039931.0,290751321.0,290840403.0,292999669.0,295878517.0,296358688.0,302144631.0,306380299.0,313379422.0,313799444.0,315474461.0,317268919.0,317401345.0,327844651.0,329409390.0,349146547.0,359174134.0,362973396.0,368712590.0,369028288.0,370501016.0,371026175.0,373157754.0,374225825.0,385135079.0,387368241.0,388466657.0,402037439.0,405452697.0,412663554.0,425840443.0,428140124.0,428463995.0,432922414.0
1,2797701.0,0.0,0.0,0.0,122.0,40.0,8.0,7.0,2.0,16.0,0.0,4.0,0.0,47.0,9.0,0.0,3.0,17.0,40.0,4.0,3.0,11.0,10.0,8.0,8.0,11.0,30.0,85.0,0.0,33.0,9.0,0.0,4.0,1.0,29.0,3.0,1.0,0.0,22.0,11.0,4.0,12.0,12.0,12.0,1.0,5.0,15.0,103.0,25.0,8.0,1.0,1.0,47.0,22.0,0.0,0.0,44.0,5.0,67.0,0.0,31.0,12.0,120.0,11.0,0.0,12.0,26.0,34.0,41.0,0.0,51.0,14.0,11.0,7.0,18.0,8.0,4.0,26.0,5.0,44.0,4.0,29.0,1.0,27.0,20.0,11.0,6.0,0.0,5.0,1.0,38.0,30.0,3.0,8.0,0.0,0.0,14.0,20.0,0.0,1.0,31.0,7.0,10.0,0.0,1.0,12.0,4.0,5.0,24.0,52.0,14.0,5.0,47.0,0.0,2.0,6.0,2.0,45.0,5.0,64.0,3.0,2.0,7.0,0.0,7.0,4.0,14.0,10.0,2.0,0.0,8.0,8.0,0.0,2.0
2,14538960.0,0.0,0.0,1.0,15.0,10.0,8.0,3.0,5.0,3.0,0.0,0.0,1.0,4.0,2.0,1.0,10.0,4.0,7.0,2.0,5.0,1.0,5.0,0.0,3.0,6.0,4.0,15.0,1.0,0.0,1.0,0.0,2.0,0.0,5.0,0.0,2.0,0.0,6.0,3.0,0.0,7.0,9.0,11.0,7.0,5.0,4.0,12.0,2.0,2.0,0.0,2.0,8.0,4.0,2.0,0.0,13.0,0.0,12.0,0.0,4.0,5.0,22.0,0.0,0.0,4.0,7.0,6.0,9.0,0.0,10.0,4.0,3.0,2.0,2.0,3.0,2.0,8.0,2.0,7.0,3.0,9.0,0.0,12.0,2.0,2.0,2.0,0.0,5.0,1.0,8.0,10.0,1.0,1.0,0.0,0.0,2.0,5.0,0.0,1.0,9.0,1.0,1.0,0.0,5.0,6.0,0.0,2.0,8.0,1.0,3.0,2.0,9.0,0.0,2.0,2.0,5.0,9.0,0.0,7.0,0.0,5.0,2.0,0.0,2.0,2.0,5.0,2.0,6.0,1.0,0.0,1.0,0.0,0.0
3,15236350.0,0.0,1.0,0.0,34.0,3.0,3.0,3.0,2.0,1.0,0.0,0.0,0.0,2.0,23.0,0.0,1.0,1.0,4.0,0.0,3.0,0.0,0.0,0.0,0.0,5.0,8.0,4.0,1.0,2.0,0.0,1.0,2.0,0.0,3.0,0.0,0.0,0.0,1.0,0.0,0.0,0.0,3.0,7.0,9.0,0.0,2.0,6.0,1.0,3.0,0.0,0.0,1.0,1.0,0.0,0.0,5.0,0.0,8.0,0.0,6.0,2.0,5.0,1.0,0.0,1.0,8.0,2.0,2.0,0.0,2.0,0.0,2.0,0.0,0.0,1.0,0.0,1.0,0.0,4.0,4.0,8.0,0.0,1.0,1.0,0.0,1.0,0.0,2.0,0.0,2.0,1.0,0.0,0.0,0.0,0.0,1.0,3.0,0.0,0.0,4.0,2.0,0.0,0.0,6.0,2.0,4.0,0.0,2.0,0.0,3.0,1.0,5.0,0.0,1.0,0.0,4.0,1.0,0.0,4.0,0.0,1.0,0.0,0.0,1.0,3.0,1.0,2.0,1.0,0.0,0.0,0.0,1.0,0.0
4,15486485.0,122.0,15.0,34.0,0.0,643.0,239.0,53.0,110.0,56.0,2.0,4.0,23.0,219.0,143.0,1.0,65.0,212.0,149.0,115.0,32.0,64.0,101.0,0.0,11.0,268.0,356.0,999.0,5.0,121.0,23.0,6.0,28.0,15.0,377.0,57.0,9.0,0.0,234.0,136.0,25.0,57.0,194.0,326.0,239.0,40.0,109.0,574.0,259.0,89.0,11.0,11.0,247.0,430.0,49.0,0.0,672.0,26.0,569.0,0.0,714.0,82.0,1230.0,30.0,1.0,185.0,193.0,384.0,517.0,0.0,459.0,97.0,99.0,75.0,111.0,48.0,150.0,184.0,29.0,430.0,33.0,410.0,1.0,242.0,201.0,48.0,42.0,0.0,202.0,74.0,277.0,147.0,29.0,59.0,0.0,0.0,128.0,155.0,0.0,25.0,306.0,42.0,61.0,7.0,53.0,208.0,38.0,33.0,210.0,56.0,88.0,61.0,308.0,3.0,55.0,36.0,47.0,429.0,10.0,255.0,4.0,25.0,123.0,6.0,50.0,181.0,74.0,166.0,132.0,9.0,10.0,120.0,9.0,22.0
5,15968617.0,40.0,10.0,3.0,643.0,0.0,107.0,40.0,38.0,20.0,1.0,0.0,9.0,107.0,100.0,0.0,36.0,107.0,101.0,74.0,33.0,38.0,97.0,9.0,9.0,147.0,262.0,1743.0,5.0,88.0,10.0,3.0,30.0,9.0,260.0,9.0,11.0,0.0,214.0,84.0,26.0,35.0,264.0,148.0,59.0,69.0,85.0,255.0,151.0,49.0,9.0,3.0,114.0,154.0,27.0,0.0,428.0,26.0,475.0,0.0,635.0,79.0,1491.0,29.0,0.0,111.0,108.0,273.0,233.0,0.0,206.0,99.0,90.0,67.0,404.0,38.0,108.0,175.0,19.0,314.0,21.0,410.0,4.0,202.0,131.0,44.0,37.0,0.0,73.0,55.0,224.0,87.0,33.0,57.0,0.0,0.0,90.0,149.0,0.0,20.0,279.0,33.0,77.0,7.0,9.0,187.0,9.0,22.0,106.0,52.0,82.0,35.0,229.0,0.0,32.0,37.0,21.0,251.0,7.0,169.0,3.0,19.0,51.0,0.0,33.0,240.0,77.0,145.0,16.0,9.0,5.0,107.0,6.0,22.0
6,16093403.0,8.0,8.0,3.0,239.0,107.0,0.0,25.0,28.0,8.0,1.0,0.0,4.0,44.0,36.0,1.0,19.0,36.0,35.0,29.0,14.0,21.0,28.0,1.0,5.0,39.0,56.0,156.0,2.0,7.0,0.0,0.0,7.0,4.0,82.0,5.0,8.0,0.0,64.0,34.0,8.0,15.0,78.0,66.0,40.0,14.0,27.0,85.0,28.0,11.0,3.0,1.0,25.0,48.0,14.0,0.0,161.0,11.0,106.0,0.0,108.0,16.0,170.0,4.0,1.0,61.0,36.0,95.0,121.0,0.0,58.0,11.0,28.0,27.0,5.0,21.0,41.0,55.0,8.0,97.0,13.0,83.0,1.0,62.0,34.0,22.0,17.0,0.0,47.0,16.0,61.0,43.0,7.0,14.0,0.0,0.0,21.0,44.0,0.0,10.0,61.0,11.0,15.0,1.0,10.0,67.0,1.0,4.0,32.0,3.0,20.0,18.0,72.0,2.0,21.0,14.0,11.0,74.0,2.0,28.0,0.0,10.0,4.0,0.0,21.0,31.0,29.0,35.0,19.0,6.0,2.0,24.0,4.0,4.0
7,16151235.0,7.0,3.0,3.0,53.0,40.0,25.0,0.0,6.0,2.0,0.0,0.0,0.0,21.0,16.0,0.0,6.0,18.0,21.0,19.0,11.0,7.0,15.0,0.0,5.0,16.0,19.0,63.0,3.0,1.0,0.0,0.0,4.0,1.0,15.0,1.0,5.0,0.0,32.0,13.0,3.0,10.0,41.0,28.0,14.0,11.0,18.0,31.0,13.0,9.0,1.0,1.0,11.0,11.0,5.0,0.0,44.0,10.0,34.0,0.0,20.0,11.0,63.0,2.0,0.0,17.0,38.0,33.0,46.0,0.0,16.0,3.0,14.0,15.0,2.0,10.0,19.0,37.0,1.0,41.0,14.0,25.0,0.0,27.0,5.0,11.0,9.0,0.0,8.0,14.0,27.0,12.0,4.0,6.0,0.0,0.0,2.0,25.0,0.0,3.0,27.0,7.0,8.0,1.0,4.0,25.0,4.0,1.0,18.0,0.0,11.0,5.0,37.0,0.0,4.0,14.0,5.0,22.0,2.0,16.0,1.0,9.0,2.0,0.0,11.0,19.0,17.0,9.0,3.0,1.0,1.0,8.0,2.0,1.0
8,16959340.0,2.0,5.0,2.0,110.0,38.0,28.0,6.0,0.0,3.0,0.0,0.0,1.0,8.0,5.0,0.0,10.0,0.0,12.0,1.0,3.0,2.0,9.0,0.0,2.0,6.0,15.0,117.0,1.0,5.0,0.0,1.0,2.0,0.0,19.0,10.0,0.0,0.0,9.0,3.0,3.0,6.0,59.0,91.0,70.0,2.0,1.0,28.0,7.0,3.0,1.0,1.0,3.0,4.0,2.0,0.0,35.0,0.0,9.0,0.0,39.0,5.0,69.0,4.0,0.0,49.0,2.0,18.0,9.0,0.0,14.0,8.0,3.0,4.0,3.0,0.0,17.0,8.0,3.0,14.0,2.0,30.0,0.0,8.0,10.0,5.0,1.0,0.0,38.0,2.0,10.0,6.0,3.0,3.0,0.0,0.0,6.0,8.0,0.0,2.0,20.0,5.0,3.0,0.0,8.0,10.0,1.0,3.0,5.0,1.0,6.0,4.0,12.0,0.0,22.0,0.0,6.0,21.0,2.0,19.0,0.0,5.0,7.0,1.0,1.0,13.0,4.0,7.0,16.0,0.0,1.0,1.0,0.0,5.0
9,18594520.0,16.0,3.0,1.0,56.0,20.0,8.0,2.0,3.0,0.0,0.0,2.0,0.0,25.0,18.0,0.0,6.0,13.0,24.0,10.0,2.0,10.0,8.0,0.0,2.0,5.0,16.0,21.0,0.0,2.0,1.0,0.0,5.0,0.0,21.0,1.0,1.0,0.0,18.0,9.0,4.0,10.0,8.0,14.0,8.0,6.0,7.0,52.0,18.0,2.0,0.0,3.0,33.0,28.0,2.0,0.0,31.0,3.0,19.0,0.0,21.0,10.0,31.0,7.0,0.0,13.0,12.0,29.0,46.0,0.0,38.0,10.0,15.0,6.0,0.0,16.0,4.0,28.0,3.0,37.0,4.0,15.0,0.0,36.0,23.0,5.0,4.0,0.0,7.0,7.0,12.0,18.0,5.0,11.0,0.0,0.0,7.0,13.0,0.0,4.0,23.0,3.0,7.0,0.0,3.0,22.0,5.0,5.0,17.0,0.0,13.0,8.0,30.0,0.0,5.0,11.0,4.0,23.0,5.0,38.0,2.0,9.0,4.0,0.0,7.0,2.0,17.0,16.0,4.0,1.0,3.0,10.0,0.0,2.0
10,18609566.0,0.0,0.0,0.0,2.0,1.0,1.0,0.0,0.0,0.0,0.0,0.0,0.0,0.0,0.0,0.0,0.0,3.0,3.0,2.0,1.0,0.0,0.0,0.0,0.0,2.0,2.0,1.0,0.0,0.0,0.0,0.0,0.0,0.0,0.0,0.0,1.0,0.0,2.0,2.0,0.0,2.0,1.0,0.0,0.0,0.0,0.0,1.0,1.0,0.0,0.0,0.0,3.0,1.0,0.0,0.0,2.0,0.0,3.0,0.0,1.0,0.0,1.0,0.0,0.0,0.0,6.0,1.0,4.0,0.0,2.0,0.0,1.0,1.0,0.0,2.0,0.0,2.0,0.0,4.0,0.0,0.0,0.0,2.0,2.0,1.0,0.0,0.0,0.0,0.0,2.0,1.0,0.0,0.0,0.0,0.0,0.0,1.0,0.0,0.0,1.0,0.0,0.0,0.0,0.0,1.0,0.0,0.0,1.0,0.0,1.0,0.0,4.0,0.0,0.0,1.0,0.0,2.0,0.0,3.0,0.0,0.0,0.0,0.0,1.0,0.0,1.0,1.0,0.0,0.0,0.0,1.0,0.0,0.0
11,19712559.0,4.0,0.0,0.0,4.0,0.0,0.0,0.0,0.0,2.0,0.0,0.0,0.0,0.0,3.0,0.0,1.0,0.0,1.0,1.0,0.0,1.0,0.0,0.0,0.0,0.0,0.0,2.0,0.0,4.0,0.0,0.0,0.0,0.0,2.0,0.0,0.0,0.0,1.0,1.0,2.0,1.0,0.0,1.0,0.0,0.0,0.0,23.0,0.0,1.0,0.0,4.0,29.0,2.0,0.0,0.0,2.0,1.0,1.0,0.0,3.0,1.0,0.0,0.0,0.0,0.0,1.0,0.0,1.0,0.0,4.0,1.0,0.0,0.0,0.0,0.0,1.0,0.0,0.0,1.0,0.0,1.0,0.0,3.0,1.0,1.0,0.0,0.0,1.0,1.0,1.0,9.0,0.0,1.0,0.0,0.0,1.0,1.0,0.0,1.0,2.0,3.0,0.0,0.0,0.0,0.0,28.0,0.0,2.0,0.0,4.0,0.0,2.0,0.0,0.0,0.0,0.0,4.0,0.0,28.0,10.0,0.0,0.0,0.0,1.0,2.0,0.0,1.0,0.0,0.0,1.0,2.0,0.0,0.0
12,20644763.0,0.0,1.0,0.0,23.0,9.0,4.0,0.0,1.0,0.0,0.0,0.0,0.0,0.0,3.0,0.0,7.0,2.0,1.0,3.0,3.0,0.0,0.0,0.0,0.0,1.0,1.0,13.0,1.0,0.0,0.0,1.0,2.0,0.0,2.0,0.0,0.0,0.0,3.0,0.0,0.0,0.0,6.0,8.0,5.0,1.0,1.0,5.0,0.0,1.0,0.0,0.0,2.0,1.0,2.0,0.0,5.0,0.0,6.0,0.0,8.0,1.0,19.0,0.0,0.0,3.0,2.0,4.0,3.0,0.0,2.0,0.0,2.0,0.0,0.0,2.0,5.0,1.0,1.0,3.0,0.0,4.0,0.0,3.0,0.0,0.0,1.0,0.0,4.0,1.0,3.0,1.0,0.0,0.0,0.0,0.0,1.0,0.0,0.0,0.0,3.0,0.0,0.0,0.0,0.0,6.0,0.0,1.0,0.0,0.0,0.0,2.0,6.0,0.0,1.0,0.0,0.0,5.0,1.0,4.0,0.0,0.0,1.0,0.0,1.0,5.0,3.0,1.0,1.0,0.0,0.0,0.0,0.0,0.0
13,20791292.0,47.0,4.0,2.0,219.0,107.0,44.0,21.0,8.0,25.0,0.0,0.0,0.0,0.0,31.0,0.0,3.0,51.0,38.0,26.0,7.0,15.0,30.0,1.0,7.0,46.0,99.0,111.0,3.0,19.0,6.0,0.0,11.0,5.0,94.0,1.0,3.0,0.0,78.0,79.0,5.0,17.0,31.0,31.0,11.0,11.0,72.0,112.0,63.0,19.0,3.0,1.0,36.0,84.0,7.0,0.0,126.0,7.0,124.0,0.0,58.0,13.0,150.0,8.0,0.0,28.0,85.0,140.0,116.0,0.0,110.0,18.0,25.0,25.0,8.0,10.0,25.0,81.0,3.0,162.0,14.0,136.0,0.0,71.0,49.0,16.0,6.0,0.0,13.0,37.0,57.0,61.0,4.0,12.0,0.0,0.0,24.0,58.0,0.0,3.0,86.0,9.0,26.0,1.0,5.0,54.0,4.0,15.0,57.0,2.0,19.0,32.0,64.0,0.0,3.0,20.0,5.0,95.0,2.0,35.0,0.0,6.0,7.0,0.0,16.0,13.0,23.0,45.0,2.0,5.0,7.0,32.0,1.0,3.0
14,21485514.0,9.0,2.0,23.0,143.0,100.0,36.0,16.0,5.0,18.0,0.0,3.0,3.0,31.0,0.0,0.0,14.0,35.0,49.0,22.0,23.0,12.0,111.0,4.0,5.0,29.0,155.0,54.0,6.0,9.0,11.0,1.0,58.0,3.0,64.0,0.0,8.0,0.0,183.0,31.0,121.0,40.0,26.0,25.0,13.0,85.0,40.0,112.0,145.0,30.0,44.0,1.0,33.0,99.0,7.0,0.0,147.0,40.0,97.0,0.0,22.0,20.0,99.0,30.0,0.0,12.0,35.0,103.0,84.0,1.0,150.0,59.0,124.0,95.0,2.0,27.0,5.0,175.0,3.0,163.0,14.0,106.0,11.0,202.0,172.0,84.0,32.0,0.0,9.0,63.0,42.0,41.0,59.0,153.0,0.0,0.0,83.0,118.0,0.0,55.0,222.0,81.0,81.0,10.0,1.0,65.0,9.0,12.0,23.0,4.0,161.0,11.0,145.0,5.0,10.0,42.0,10.0,61.0,37.0,32.0,4.0,7.0,28.0,2.0,19.0,9.0,77.0,151.0,5.0,10.0,4.0,63.0,5.0,37.0
15,21751900.0,0.0,1.0,0.0,1.0,0.0,1.0,0.0,0.0,0.0,0.0,0.0,0.0,0.0,0.0,0.0,1.0,0.0,0.0,0.0,5.0,0.0,1.0,0.0,0.0,0.0,0.0,0.0,0.0,0.0,0.0,0.0,0.0,0.0,0.0,0.0,0.0,0.0,0.0,0.0,0.0,0.0,4.0,0.0,0.0,0.0,1.0,0.0,0.0,1.0,0.0,0.0,0.0,0.0,2.0,0.0,1.0,0.0,0.0,0.0,2.0,0.0,1.0,0.0,0.0,0.0,0.0,0.0,2.0,0.0,0.0,0.0,0.0,0.0,0.0,0.0,0.0,0.0,0.0,0.0,0.0,0.0,0.0,0.0,0.0,0.0,0.0,0.0,0.0,0.0,0.0,1.0,0.0,0.0,0.0,0.0,0.0,0.0,0.0,0.0,0.0,0.0,1.0,0.0,0.0,1.0,0.0,0.0,1.0,0.0,0.0,0.0,0.0,0.0,0.0,0.0,0.0,0.0,0.0,0.0,0.0,0.0,0.0,0.0,0.0,0.0,0.0,0.0,0.0,0.0,0.0,0.0,0.0,0.0
16,21985529.0,3.0,10.0,1.0,65.0,36.0,19.0,6.0,10.0,6.0,0.0,1.0,7.0,3.0,14.0,1.0,0.0,15.0,10.0,8.0,12.0,3.0,11.0,0.0,3.0,13.0,6.0,39.0,1.0,1.0,0.0,2.0,2.0,0.0,8.0,1.0,2.0,0.0,14.0,10.0,1.0,9.0,23.0,35.0,30.0,6.0,14.0,17.0,6.0,9.0,1.0,2.0,9.0,6.0,3.0,0.0,30.0,2.0,39.0,0.0,35.0,7.0,45.0,0.0,0.0,19.0,15.0,12.0,27.0,0.0,12.0,2.0,11.0,5.0,5.0,10.0,15.0,12.0,9.0,16.0,3.0,17.0,0.0,23.0,8.0,5.0,9.0,0.0,11.0,4.0,14.0,11.0,2.0,2.0,0.0,0.0,4.0,8.0,0.0,2.0,9.0,1.0,2.0,0.0,3.0,19.0,2.0,2.0,13.0,3.0,3.0,5.0,20.0,0.0,11.0,6.0,11.0,33.0,0.0,11.0,0.0,3.0,1.0,0.0,14.0,12.0,8.0,7.0,4.0,1.0,1.0,6.0,2.0,0.0
17,22195472.0,17.0,4.0,1.0,212.0,107.0,36.0,18.0,0.0,13.0,3.0,0.0,2.0,51.0,35.0,0.0,15.0,0.0,45.0,45.0,16.0,12.0,24.0,7.0,6.0,43.0,58.0,101.0,0.0,3.0,1.0,1.0,12.0,2.0,66.0,0.0,7.0,0.0,74.0,32.0,6.0,16.0,34.0,33.0,10.0,28.0,37.0,76.0,71.0,25.0,1.0,3.0,46.0,81.0,15.0,0.0,129.0,13.0,177.0,0.0,48.0,10.0,203.0,4.0,0.0,18.0,75.0,90.0,137.0,0.0,127.0,11.0,51.0,26.0,6.0,35.0,26.0,79.0,2.0,151.0,8.0,85.0,1.0,131.0,33.0,16.0,10.0,0.0,8.0,27.0,56.0,37.0,7.0,16.0,0.0,0.0,23.0,59.0,0.0,6.0,96.0,9.0,15.0,2.0,1.0,48.0,4.0,5.0,35.0,0.0,23.0,17.0,81.0,1.0,5.0,22.0,8.0,71.0,1.0,33.0,0.0,9.0,8.0,0.0,22.0,32.0,42.0,48.0,4.0,6.0,4.0,47.0,5.0,1.0
18,22764187.0,40.0,7.0,4.0,149.0,101.0,35.0,21.0,12.0,24.0,3.0,1.0,1.0,38.0,49.0,0.0,10.0,45.0,0.0,29.0,16.0,36.0,45.0,7.0,6.0,21.0,79.0,57.0,0.0,12.0,4.0,0.0,31.0,1.0,93.0,2.0,9.0,0.0,79.0,31.0,27.0,53.0,34.0,37.0,12.0,42.0,30.0,102.0,75.0,18.0,7.0,3.0,48.0,58.0,14.0,0.0,114.0,29.0,78.0,0.0,29.0,15.0,101.0,9.0,0.0,13.0,61.0,81.0,71.0,0.0,86.0,56.0,54.0,49.0,7.0,59.0,11.0,94.0,4.0,109.0,26.0,73.0,4.0,162.0,77.0,54.0,96.0,0.0,18.0,26.0,50.0,32.0,12.0,41.0,0.0,0.0,33.0,57.0,0.0,16.0,96.0,20.0,23.0,2.0,5.0,66.0,1.0,14.0,26.0,1.0,53.0,12.0,102.0,3.0,6.0,49.0,16.0,81.0,27.0,45.0,1.0,11.0,9.0,1.0,18.0,15.0,59.0,32.0,6.0,5.0,4.0,30.0,3.0,8.0
19,41224717.0,4.0,2.0,0.0,115.0,74.0,29.0,19.0,1.0,10.0,2.0,1.0,3.0,26.0,22.0,0.0,8.0,45.0,29.0,0.0,12.0,8.0,10.0,7.0,4.0,58.0,35.0,95.0,1.0,5.0,1.0,0.0,3.0,1.0,16.0,0.0,9.0,0.0,54.0,41.0,4.0,11.0,48.0,30.0,13.0,29.0,34.0,72.0,45.0,68.0,0.0,11.0,41.0,34.0,15.0,0.0,76.0,17.0,667.0,0.0,31.0,12.0,108.0,1.0,0.0,20.0,72.0,47.0,98.0,0.0,65.0,3.0,23.0,15.0,7.0,22.0,32.0,43.0,4.0,89.0,6.0,48.0,0.0,71.0,22.0,11.0,20.0,0.0,5.0,20.0,54.0,22.0,4.0,5.0,0.0,0.0,7.0,32.0,0.0,6.0,39.0,6.0,10.0,1.0,3.0,41.0,7.0,2.0,42.0,0.0,13.0,7.0,55.0,0.0,4.0,10.0,4.0,58.0,2.0,62.0,2.0,11.0,4.0,0.0,22.0,24.0,28.0,21.0,1.0,2.0,2.0,15.0,2.0,1.0
20,41330546.0,3.0,5.0,3.0,32.0,33.0,14.0,11.0,3.0,2.0,1.0,0.0,3.0,7.0,23.0,5.0,12.0,16.0,16.0,12.0,0.0,6.0,15.0,0.0,9.0,14.0,15.0,48.0,4.0,1.0,0.0,6.0,3.0,0.0,10.0,0.0,7.0,0.0,32.0,21.0,3.0,24.0,58.0,30.0,3.0,14.0,25.0,11.0,5.0,10.0,1.0,1.0,12.0,4.0,1.0,0.0,37.0,6.0,72.0,0.0,21.0,8.0,66.0,0.0,0.0,15.0,25.0,20.0,59.0,0.0,16.0,3.0,12.0,11.0,1.0,14.0,15.0,42.0,6.0,33.0,5.0,10.0,0.0,32.0,6.0,12.0,14.0,0.0,4.0,8.0,36.0,8.0,5.0,6.0,0.0,0.0,0.0,23.0,0.0,4.0,18.0,4.0,7.0,1.0,2.0,36.0,1.0,6.0,29.0,1.0,11.0,3.0,29.0,0.0,4.0,15.0,1.0,38.0,2.0,11.0,0.0,4.0,0.0,0.0,23.0,11.0,12.0,12.0,2.0,2.0,1.0,10.0,5.0,0.0
21,41560467.0,11.0,1.0,0.0,64.0,38.0,21.0,7.0,2.0,10.0,0.0,1.0,0.0,15.0,12.0,0.0,3.0,12.0,36.0,8.0,6.0,0.0,16.0,0.0,3.0,8.0,25.0,26.0,0.0,7.0,0.0,0.0,1.0,1.0,35.0,0.0,3.0,0.0,19.0,9.0,2.0,8.0,7.0,17.0,2.0,4.0,11.0,33.0,34.0,7.0,1.0,0.0,14.0,25.0,3.0,0.0,44.0,5.0,32.0,0.0,16.0,16.0,56.0,2.0,0.0,12.0,19.0,30.0,56.0,0.0,39.0,15.0,16.0,14.0,2.0,7.0,4.0,23.0,2.0,41.0,4.0,33.0,0.0,29.0,22.0,12.0,12.0,0.0,10.0,15.0,22.0,12.0,5.0,7.0,0.0,0.0,13.0,15.0,0.0,1.0,36.0,7.0,10.0,0.0,1.0,24.0,1.0,5.0,14.0,1.0,7.0,6.0,34.0,0.0,5.0,9.0,1.0,28.0,1.0,16.0,1.0,6.0,7.0,0.0,11.0,6.0,12.0,13.0,0.0,1.0,0.0,5.0,2.0,4.0
22,43282075.0,10.0,5.0,0.0,101.0,97.0,28.0,15.0,9.0,8.0,0.0,0.0,0.0,30.0,111.0,1.0,11.0,24.0,45.0,10.0,15.0,16.0,0.0,0.0,12.0,9.0,178.0,53.0,1.0,14.0,13.0,0.0,98.0,5.0,84.0,2.0,5.0,0.0,242.0,32.0,109.0,20.0,31.0,30.0,19.0,81.0,36.0,111.0,143.0,16.0,84.0,1.0,22.0,71.0,4.0,0.0,164.0,25.0,52.0,0.0,33.0,32.0,88.0,41.0,0.0,12.0,29.0,102.0,64.0,3.0,99.0,77.0,88.0,100.0,18.0,14.0,16.0,268.0,1.0,174.0,12.0,127.0,6.0,154.0,142.0,131.0,17.0,0.0,17.0,43.0,56.0,55.0,123.0,169.0,0.0,0.0,66.0,216.0,0.0,76.0,269.0,76.0,129.0,11.0,5.0,50.0,5.0,23.0,22.0,3.0,241.0,15.0,188.0,12.0,18.0,63.0,14.0,72.0,57.0,35.0,0.0,10.0,23.0,3.0,13.0,12.0,70.0,171.0,10.0,15.0,2.0,36.0,2.0,68.0
23,43846591.0,8.0,0.0,0.0,0.0,9.0,1.0,0.0,0.0,0.0,0.0,0.0,0.0,1.0,4.0,0.0,0.0,7.0,7.0,7.0,0.0,0.0,0.0,0.0,0.0,2.0,3.0,3.0,0.0,0.0,0.0,0.0,0.0,0.0,2.0,0.0,1.0,0.0,6.0,2.0,1.0,0.0,4.0,5.0,0.0,7.0,4.0,10.0,4.0,25.0,0.0,0.0,2.0,2.0,1.0,0.0,7.0,4.0,55.0,0.0,0.0,2.0,13.0,0.0,0.0,0.0,3.0,4.0,9.0,0.0,7.0,0.0,4.0,3.0,1.0,2.0,0.0,3.0,0.0,14.0,0.0,5.0,0.0,13.0,3.0,0.0,1.0,0.0,0.0,2.0,4.0,3.0,1.0,2.0,0.0,0.0,5.0,5.0,0.0,0.0,7.0,1.0,2.0,0.0,0.0,0.0,0.0,0.0,1.0,1.0,2.0,0.0,2.0,0.0,0.0,0.0,0.0,4.0,0.0,5.0,0.0,1.0,1.0,0.0,2.0,0.0,8.0,3.0,0.0,1.0,0.0,9.0,0.0,1.0
24,43995095.0,8.0,3.0,0.0,11.0,9.0,5.0,5.0,2.0,2.0,0.0,0.0,0.0,7.0,5.0,0.0,3.0,6.0,6.0,4.0,9.0,3.0,12.0,0.0,0.0,2.0,6.0,18.0,1.0,1.0,5.0,0.0,2.0,0.0,7.0,0.0,2.0,0.0,9.0,3.0,2.0,2.0,12.0,10.0,4.0,7.0,4.0,15.0,10.0,0.0,1.0,1.0,6.0,6.0,3.0,0.0,15.0,2.0,11.0,0.0,12.0,4.0,28.0,8.0,0.0,7.0,4.0,14.0,10.0,0.0,10.0,3.0,4.0,6.0,3.0,5.0,4.0,9.0,1.0,13.0,3.0,5.0,0.0,10.0,3.0,5.0,7.0,0.0,3.0,3.0,8.0,10.0,2.0,6.0,0.0,0.0,2.0,9.0,0.0,4.0,11.0,8.0,5.0,2.0,2.0,12.0,2.0,6.0,9.0,0.0,6.0,1.0,17.0,0.0,1.0,1.0,1.0,8.0,3.0,19.0,2.0,4.0,3.0,0.0,3.0,5.0,6.0,5.0,2.0,1.0,0.0,4.0,1.0,2.0
25,46358909.0,11.0,6.0,5.0,268.0,147.0,39.0,16.0,6.0,5.0,2.0,0.0,1.0,46.0,29.0,0.0,13.0,43.0,21.0,58.0,14.0,8.0,9.0,2.0,2.0,0.0,27.0,225.0,7.0,3.0,1.0,2.0,4.0,1.0,25.0,2.0,4.0,0.0,50.0,61.0,1.0,5.0,64.0,71.0,20.0,9.0,52.0,66.0,32.0,22.0,0.0,1.0,35.0,32.0,14.0,0.0,97.0,1.0,206.0,0.0,133.0,14.0,282.0,1.0,0.0,76.0,146.0,49.0,103.0,0.0,57.0,1.0,15.0,9.0,20.0,21.0,65.0,21.0,1.0,91.0,2.0,97.0,0.0,39.0,15.0,2.0,25.0,0.0,15.0,13.0,56.0,19.0,1.0,2.0,0.0,0.0,7.0,21.0,0.0,1.0,39.0,9.0,1.0,0.0,4.0,44.0,0.0,2.0,53.0,24.0,5.0,13.0,62.0,0.0,5.0,10.0,5.0,50.0,1.0,44.0,0.0,7.0,8.0,0.0,25.0,37.0,17.0,10.0,2.0,1.0,2.0,5.0,1.0,0.0
26,48495906.0,30.0,4.0,8.0,356.0,262.0,56.0,19.0,15.0,16.0,2.0,0.0,1.0,99.0,155.0,0.0,6.0,58.0,79.0,35.0,15.0,25.0,178.0,3.0,6.0,27.0,0.0,166.0,2.0,102.0,20.0,0.0,69.0,8.0,235.0,2.0,5.0,0.0,247.0,87.0,76.0,32.0,34.0,34.0,26.0,62.0,52.0,238.0,252.0,54.0,56.0,1.0,73.0,213.0,10.0,0.0,356.0,24.0,245.0,0.0,49.0,44.0,261.0,46.0,0.0,25.0,75.0,258.0,120.0,4.0,347.0,155.0,121.0,99.0,37.0,29.0,24.0,275.0,0.0,385.0,30.0,266.0,6.0,223.0,236.0,100.0,16.0,0.0,22.0,102.0,127.0,104.0,98.0,127.0,0.0,0.0,149.0,217.0,0.0,61.0,418.0,86.0,140.0,12.0,3.0,113.0,6.0,32.0,52.0,2.0,219.0,31.0,260.0,9.0,16.0,52.0,27.0,172.0,28.0,77.0,1.0,10.0,69.0,3.0,21.0,29.0,76.0,304.0,9.0,14.0,9.0,157.0,4.0,66.0
27,49388157.0,85.0,15.0,4.0,999.0,1743.0,156.0,63.0,117.0,21.0,1.0,2.0,13.0,111.0,54.0,0.0,39.0,101.0,57.0,95.0,48.0,26.0,53.0,3.0,18.0,225.0,166.0,0.0,6.0,107.0,6.0,3.0,15.0,0.0,115.0,34.0,9.0,0.0,192.0,84.0,5.0,20.0,744.0,392.0,177.0,52.0,70.0,361.0,76.0,59.0,1.0,7.0,128.0,98.0,33.0,0.0,482.0,24.0,458.0,0.0,2141.0,53.0,3058.0,5.0,0.0,285.0,134.0,233.0,235.0,0.0,123.0,17.0,54.0,37.0,1017.0,32.0,317.0,145.0,21.0,231.0,13.0,374.0,0.0,166.0,56.0,24.0,33.0,0.0,144.0,42.0,302.0,99.0,7.0,14.0,0.0,0.0,31.0,110.0,0.0,11.0,193.0,17.0,30.0,1.0,24.0,156.0,10.0,10.0,144.0,125.0,35.0,45.0,270.0,0.0,49.0,26.0,24.0,244.0,2.0,271.0,3.0,23.0,46.0,0.0,42.0,507.0,74.0,50.0,37.0,5.0,8.0,30.0,5.0,2.0
28,49541109.0,0.0,1.0,1.0,5.0,5.0,2.0,3.0,1.0,0.0,0.0,0.0,1.0,3.0,6.0,0.0,1.0,0.0,0.0,1.0,4.0,0.0,1.0,0.0,1.0,7.0,2.0,6.0,0.0,0.0,0.0,1.0,2.0,0.0,4.0,0.0,0.0,0.0,3.0,1.0,1.0,1.0,3.0,6.0,0.0,1.0,2.0,2.0,1.0,3.0,0.0,0.0,1.0,1.0,0.0,0.0,4.0,0.0,10.0,0.0,2.0,1.0,16.0,0.0,0.0,4.0,3.0,2.0,4.0,0.0,3.0,0.0,2.0,2.0,0.0,2.0,3.0,3.0,0.0,3.0,0.0,11.0,0.0,2.0,0.0,1.0,2.0,0.0,1.0,2.0,1.0,0.0,0.0,1.0,0.0,0.0,0.0,2.0,0.0,1.0,5.0,0.0,1.0,1.0,0.0,1.0,0.0,0.0,4.0,1.0,1.0,2.0,6.0,0.0,1.0,1.0,0.0,2.0,0.0,2.0,0.0,0.0,0.0,0.0,2.0,2.0,1.0,1.0,1.0,0.0,0.0,1.0,1.0,0.0
29,53223847.0,33.0,0.0,2.0,121.0,88.0,7.0,1.0,5.0,2.0,0.0,4.0,0.0,19.0,9.0,0.0,1.0,3.0,12.0,5.0,1.0,7.0,14.0,0.0,1.0,3.0,102.0,107.0,0.0,0.0,3.0,0.0,2.0,0.0,42.0,2.0,0.0,0.0,15.0,8.0,5.0,3.0,1.0,14.0,4.0,4.0,8.0,61.0,19.0,7.0,4.0,5.0,63.0,9.0,1.0,0.0,32.0,4.0,35.0,0.0,30.0,14.0,150.0,3.0,0.0,11.0,9.0,37.0,21.0,0.0,33.0,14.0,5.0,16.0,33.0,3.0,0.0,25.0,5.0,36.0,4.0,70.0,1.0,22.0,19.0,12.0,3.0,0.0,14.0,7.0,21.0,10.0,7.0,10.0,0.0,0.0,16.0,20.0,0.0,4.0,39.0,7.0,10.0,0.0,3.0,12.0,6.0,6.0,17.0,8.0,15.0,7.0,21.0,2.0,3.0,2.0,4.0,53.0,1.0,40.0,0.0,1.0,6.0,0.0,2.0,4.0,4.0,15.0,2.0,1.0,2.0,9.0,0.0,2.0
30,53507617.0,9.0,1.0,0.0,23.0,10.0,0.0,0.0,0.0,1.0,0.0,0.0,0.0,6.0,11.0,0.0,0.0,1.0,4.0,1.0,0.0,0.0,13.0,0.0,5.0,1.0,20.0,6.0,0.0,3.0,0.0,0.0,3.0,0.0,8.0,2.0,0.0,0.0,17.0,0.0,5.0,1.0,0.0,4.0,1.0,6.0,0.0,26.0,65.0,0.0,3.0,0.0,6.0,10.0,2.0,0.0,19.0,4.0,3.0,0.0,6.0,6.0,8.0,20.0,0.0,1.0,1.0,10.0,3.0,0.0,28.0,11.0,4.0,5.0,0.0,2.0,0.0,12.0,1.0,18.0,0.0,7.0,0.0,14.0,23.0,5.0,3.0,0.0,1.0,5.0,4.0,12.0,8.0,13.0,0.0,0.0,13.0,10.0,0.0,2.0,21.0,9.0,12.0,3.0,0.0,11.0,0.0,11.0,6.0,1.0,16.0,0.0,22.0,1.0,0.0,0.0,0.0,17.0,3.0,9.0,1.0,1.0,11.0,0.0,0.0,0.0,4.0,15.0,0.0,1.0,1.0,9.0,0.0,5.0
31,53554114.0,0.0,0.0,1.0,6.0,3.0,0.0,0.0,1.0,0.0,0.0,0.0,1.0,0.0,1.0,0.0,2.0,1.0,0.0,0.0,6.0,0.0,0.0,0.0,0.0,2.0,0.0,3.0,1.0,0.0,0.0,0.0,0.0,0.0,0.0,1.0,0.0,0.0,1.0,1.0,0.0,0.0,2.0,1.0,1.0,0.0,2.0,3.0,1.0,1.0,0.0,0.0,1.0,0.0,1.0,0.0,1.0,0.0,1.0,0.0,1.0,0.0,1.0,0.0,0.0,2.0,1.0,1.0,2.0,0.0,3.0,0.0,1.0,0.0,0.0,1.0,2.0,0.0,0.0,2.0,0.0,1.0,0.0,2.0,0.0,0.0,0.0,0.0,0.0,0.0,0.0,0.0,0.0,0.0,0.0,0.0,0.0,0.0,0.0,0.0,0.0,0.0,0.0,0.0,0.0,1.0,0.0,0.0,0.0,0.0,0.0,0.0,2.0,0.0,1.0,0.0,1.0,2.0,0.0,1.0,0.0,0.0,0.0,0.0,1.0,0.0,0.0,0.0,0.0,0.0,0.0,0.0,1.0,0.0
32,55837229.0,4.0,2.0,2.0,28.0,30.0,7.0,4.0,2.0,5.0,0.0,0.0,2.0,11.0,58.0,0.0,2.0,12.0,31.0,3.0,3.0,1.0,98.0,0.0,2.0,4.0,69.0,15.0,2.0,2.0,3.0,0.0,0.0,0.0,20.0,0.0,2.0,0.0,154.0,8.0,100.0,11.0,9.0,10.0,7.0,54.0,23.0,41.0,72.0,7.0,107.0,0.0,4.0,21.0,6.0,0.0,46.0,20.0,19.0,0.0,8.0,6.0,38.0,12.0,0.0,5.0,8.0,34.0,23.0,2.0,32.0,22.0,57.0,47.0,16.0,17.0,5.0,189.0,0.0,57.0,4.0,38.0,3.0,134.0,70.0,142.0,11.0,0.0,3.0,21.0,10.0,16.0,75.0,131.0,0.0,0.0,20.0,107.0,0.0,56.0,122.0,30.0,60.0,6.0,1.0,27.0,2.0,5.0,6.0,1.0,213.0,4.0,90.0,5.0,3.0,45.0,6.0,14.0,63.0,7.0,0.0,1.0,7.0,1.0,5.0,8.0,59.0,72.0,4.0,9.0,2.0,11.0,2.0,28.0
33,57166994.0,1.0,0.0,0.0,15.0,9.0,4.0,1.0,0.0,0.0,0.0,0.0,0.0,5.0,3.0,0.0,0.0,2.0,1.0,1.0,0.0,1.0,5.0,0.0,0.0,1.0,8.0,0.0,0.0,0.0,0.0,0.0,0.0,0.0,13.0,0.0,0.0,0.0,2.0,2.0,1.0,0.0,3.0,1.0,0.0,0.0,4.0,6.0,3.0,1.0,1.0,0.0,2.0,8.0,1.0,0.0,11.0,1.0,5.0,0.0,3.0,1.0,5.0,1.0,0.0,1.0,8.0,6.0,8.0,0.0,4.0,2.0,1.0,5.0,0.0,0.0,0.0,6.0,0.0,13.0,2.0,12.0,1.0,2.0,3.0,4.0,1.0,0.0,0.0,0.0,2.0,2.0,1.0,2.0,0.0,0.0,3.0,6.0,0.0,0.0,5.0,1.0,2.0,0.0,0.0,5.0,2.0,0.0,0.0,0.0,3.0,1.0,4.0,0.0,0.0,2.0,1.0,2.0,0.0,0.0,0.0,0.0,0.0,0.0,0.0,0.0,0.0,4.0,0.0,0.0,2.0,2.0,0.0,0.0
34,58711646.0,29.0,5.0,3.0,377.0,260.0,82.0,15.0,19.0,21.0,0.0,2.0,2.0,94.0,64.0,0.0,8.0,66.0,93.0,16.0,10.0,35.0,84.0,2.0,7.0,25.0,235.0,115.0,4.0,42.0,8.0,0.0,20.0,13.0,0.0,2.0,3.0,0.0,102.0,63.0,22.0,25.0,29.0,44.0,21.0,18.0,52.0,154.0,139.0,18.0,16.0,6.0,73.0,205.0,9.0,0.0,352.0,12.0,146.0,0.0,92.0,43.0,199.0,17.0,0.0,31.0,63.0,250.0,202.0,0.0,182.0,154.0,62.0,58.0,31.0,24.0,27.0,127.0,1.0,418.0,16.0,234.0,3.0,107.0,130.0,46.0,13.0,0.0,30.0,38.0,109.0,69.0,32.0,49.0,0.0,0.0,85.0,109.0,0.0,20.0,186.0,32.0,51.0,8.0,4.0,221.0,13.0,31.0,38.0,4.0,66.0,32.0,132.0,3.0,22.0,28.0,9.0,142.0,8.0,67.0,2.0,7.0,30.0,1.0,13.0,24.0,42.0,149.0,15.0,10.0,7.0,105.0,3.0,24.0
35,59835403.0,3.0,0.0,0.0,57.0,9.0,5.0,1.0,10.0,1.0,0.0,0.0,0.0,1.0,0.0,0.0,1.0,0.0,2.0,0.0,0.0,0.0,2.0,0.0,0.0,2.0,2.0,34.0,0.0,2.0,2.0,1.0,0.0,0.0,2.0,0.0,0.0,0.0,5.0,0.0,0.0,0.0,12.0,17.0,15.0,0.0,0.0,11.0,2.0,1.0,0.0,0.0,2.0,0.0,1.0,0.0,6.0,0.0,1.0,0.0,21.0,3.0,27.0,0.0,0.0,5.0,0.0,2.0,0.0,0.0,4.0,0.0,1.0,0.0,2.0,0.0,6.0,0.0,0.0,0.0,0.0,2.0,0.0,1.0,3.0,0.0,0.0,0.0,11.0,0.0,1.0,4.0,0.0,0.0,0.0,0.0,2.0,0.0,0.0,0.0,1.0,0.0,0.0,0.0,2.0,1.0,0.0,0.0,0.0,0.0,0.0,0.0,4.0,0.0,1.0,0.0,1.0,6.0,0.0,5.0,0.0,0.0,1.0,0.0,1.0,3.0,0.0,1.0,5.0,0.0,1.0,0.0,0.0,0.0
36,80293889.0,1.0,2.0,0.0,9.0,11.0,8.0,5.0,0.0,1.0,1.0,0.0,0.0,3.0,8.0,0.0,2.0,7.0,9.0,9.0,7.0,3.0,5.0,1.0,2.0,4.0,5.0,9.0,0.0,0.0,0.0,0.0,2.0,0.0,3.0,0.0,0.0,0.0,11.0,4.0,3.0,7.0,10.0,6.0,0.0,7.0,9.0,8.0,5.0,3.0,0.0,0.0,4.0,3.0,1.0,0.0,10.0,3.0,8.0,0.0,1.0,4.0,12.0,0.0,0.0,3.0,10.0,6.0,12.0,0.0,9.0,1.0,12.0,8.0,1.0,7.0,3.0,14.0,0.0,13.0,3.0,5.0,0.0,17.0,4.0,5.0,3.0,0.0,1.0,5.0,7.0,3.0,2.0,3.0,0.0,0.0,1.0,11.0,0.0,2.0,8.0,4.0,3.0,0.0,1.0,7.0,1.0,1.0,4.0,0.0,5.0,0.0,9.0,0.0,2.0,4.0,0.0,7.0,1.0,2.0,1.0,6.0,0.0,0.0,6.0,2.0,9.0,4.0,1.0,2.0,0.0,4.0,2.0,0.0
37,96894552.0,0.0,0.0,0.0,0.0,0.0,0.0,0.0,0.0,0.0,0.0,0.0,0.0,0.0,0.0,0.0,0.0,0.0,0.0,0.0,0.0,0.0,0.0,0.0,0.0,0.0,0.0,0.0,0.0,0.0,0.0,0.0,0.0,0.0,0.0,0.0,0.0,0.0,0.0,0.0,0.0,0.0,0.0,0.0,0.0,0.0,0.0,0.0,0.0,0.0,0.0,0.0,0.0,0.0,0.0,0.0,0.0,0.0,0.0,0.0,0.0,0.0,0.0,0.0,0.0,0.0,0.0,0.0,0.0,0.0,0.0,0.0,0.0,0.0,0.0,0.0,0.0,0.0,0.0,0.0,0.0,0.0,0.0,0.0,0.0,0.0,0.0,0.0,0.0,0.0,0.0,0.0,0.0,0.0,0.0,0.0,0.0,0.0,0.0,0.0,0.0,0.0,0.0,0.0,0.0,0.0,0.0,0.0,0.0,0.0,0.0,0.0,0.0,0.0,0.0,0.0,0.0,0.0,0.0,0.0,0.0,0.0,0.0,0.0,0.0,0.0,0.0,0.0,0.0,0.0,0.0,0.0,0.0,0.0
38,99197604.0,22.0,6.0,1.0,234.0,214.0,64.0,32.0,9.0,18.0,2.0,1.0,3.0,78.0,183.0,0.0,14.0,74.0,79.0,54.0,32.0,19.0,242.0,6.0,9.0,50.0,247.0,192.0,3.0,15.0,17.0,1.0,154.0,2.0,102.0,5.0,11.0,0.0,0.0,66.0,194.0,31.0,76.0,57.0,35.0,151.0,67.0,225.0,269.0,31.0,142.0,2.0,61.0,140.0,26.0,0.0,294.0,70.0,173.0,0.0,74.0,42.0,273.0,50.0,0.0,40.0,77.0,164.0,170.0,2.0,213.0,72.0,172.0,141.0,27.0,45.0,58.0,396.0,2.0,273.0,21.0,161.0,7.0,384.0,246.0,179.0,29.0,0.0,17.0,101.0,120.0,97.0,126.0,303.0,0.0,0.0,109.0,246.0,0.0,110.0,448.0,80.0,178.0,10.0,4.0,152.0,3.0,18.0,60.0,2.0,394.0,24.0,317.0,13.0,15.0,85.0,15.0,145.0,107.0,52.0,1.0,13.0,47.0,4.0,37.0,51.0,140.0,256.0,8.0,24.0,3.0,78.0,5.0,61.0
39,100118234.0,11.0,3.0,0.0,136.0,84.0,34.0,13.0,3.0,9.0,2.0,1.0,0.0,79.0,31.0,0.0,10.0,32.0,31.0,41.0,21.0,9.0,32.0,2.0,3.0,61.0,87.0,84.0,1.0,8.0,0.0,1.0,8.0,2.0,63.0,0.0,4.0,0.0,66.0,0.0,9.0,13.0,33.0,29.0,10.0,22.0,47.0,61.0,59.0,13.0,2.0,2.0,50.0,88.0,12.0,0.0,131.0,12.0,145.0,0.0,29.0,17.0,117.0,4.0,0.0,18.0,108.0,110.0,102.0,0.0,91.0,16.0,35.0,29.0,5.0,21.0,18.0,90.0,3.0,181.0,11.0,99.0,0.0,81.0,45.0,14.0,15.0,0.0,7.0,19.0,98.0,47.0,15.0,20.0,0.0,0.0,23.0,62.0,0.0,9.0,87.0,13.0,22.0,3.0,2.0,49.0,3.0,5.0,49.0,8.0,34.0,14.0,65.0,0.0,3.0,25.0,5.0,108.0,0.0,42.0,2.0,3.0,8.0,1.0,23.0,11.0,31.0,57.0,3.0,8.0,0.0,41.0,2.0,8.0
40,101250325.0,4.0,0.0,0.0,25.0,26.0,8.0,3.0,3.0,4.0,0.0,2.0,0.0,5.0,121.0,0.0,1.0,6.0,27.0,4.0,3.0,2.0,109.0,1.0,2.0,1.0,76.0,5.0,1.0,5.0,5.0,0.0,100.0,1.0,22.0,0.0,3.0,0.0,194.0,9.0,0.0,13.0,4.0,4.0,2.0,90.0,16.0,76.0,113.0,10.0,96.0,0.0,6.0,28.0,2.0,0.0,52.0,46.0,14.0,0.0,1.0,9.0,20.0,18.0,0.0,0.0,5.0,38.0,16.0,1.0,47.0,35.0,76.0,77.0,4.0,15.0,0.0,204.0,0.0,74.0,6.0,40.0,7.0,208.0,130.0,116.0,6.0,0.0,2.0,31.0,10.0,21.0,77.0,238.0,0.0,0.0,32.0,91.0,0.0,85.0,150.0,61.0,73.0,7.0,1.0,21.0,2.0,7.0,2.0,1.0,226.0,0.0,98.0,9.0,4.0,53.0,4.0,14.0,96.0,2.0,1.0,2.0,16.0,5.0,2.0,2.0,77.0,99.0,3.0,8.0,1.0,21.0,3.0,41.0
41,101457389.0,12.0,7.0,0.0,57.0,35.0,15.0,10.0,6.0,10.0,2.0,1.0,0.0,17.0,40.0,0.0,9.0,16.0,53.0,11.0,24.0,8.0,20.0,0.0,2.0,5.0,32.0,20.0,1.0,3.0,1.0,0.0,11.0,0.0,25.0,0.0,7.0,0.0,31.0,13.0,13.0,0.0,11.0,16.0,6.0,25.0,19.0,35.0,24.0,6.0,3.0,4.0,20.0,22.0,4.0,0.0,54.0,17.0,43.0,0.0,13.0,11.0,56.0,4.0,0.0,5.0,17.0,35.0,28.0,0.0,34.0,15.0,32.0,24.0,1.0,32.0,5.0,42.0,4.0,34.0,12.0,22.0,4.0,65.0,34.0,21.0,16.0,0.0,7.0,8.0,21.0,10.0,7.0,30.0,0.0,0.0,10.0,25.0,0.0,11.0,34.0,12.0,9.0,0.0,4.0,39.0,2.0,8.0,19.0,0.0,25.0,6.0,38.0,2.0,4.0,18.0,3.0,34.0,14.0,19.0,0.0,4.0,3.0,1.0,14.0,3.0,17.0,18.0,4.0,3.0,4.0,13.0,2.0,3.0
42,103247646.0,12.0,9.0,3.0,194.0,264.0,78.0,41.0,59.0,8.0,1.0,0.0,6.0,31.0,26.0,4.0,23.0,34.0,34.0,48.0,58.0,7.0,31.0,4.0,12.0,64.0,34.0,744.0,3.0,1.0,0.0,2.0,9.0,3.0,29.0,12.0,10.0,0.0,76.0,33.0,4.0,11.0,0.0,286.0,154.0,34.0,43.0,95.0,18.0,26.0,1.0,0.0,26.0,19.0,14.0,0.0,183.0,19.0,129.0,0.0,254.0,18.0,480.0,1.0,0.0,81.0,63.0,78.0,118.0,0.0,44.0,8.0,23.0,17.0,67.0,22.0,104.0,84.0,3.0,110.0,9.0,101.0,0.0,63.0,12.0,15.0,16.0,0.0,66.0,16.0,82.0,30.0,6.0,5.0,0.0,0.0,4.0,51.0,0.0,6.0,59.0,7.0,14.0,1.0,16.0,73.0,2.0,3.0,44.0,32.0,20.0,9.0,115.0,0.0,23.0,11.0,6.0,80.0,3.0,96.0,1.0,16.0,5.0,0.0,28.0,69.0,37.0,18.0,36.0,3.0,2.0,12.0,4.0,1.0
43,104900245.0,12.0,11.0,7.0,326.0,148.0,66.0,28.0,91.0,14.0,0.0,1.0,8.0,31.0,25.0,0.0,35.0,33.0,37.0,30.0,30.0,17.0,30.0,5.0,10.0,71.0,34.0,392.0,6.0,14.0,4.0,1.0,10.0,1.0,44.0,17.0,6.0,0.0,57.0,29.0,4.0,16.0,286.0,0.0,262.0,20.0,43.0,117.0,20.0,68.0,2.0,3.0,44.0,18.0,15.0,0.0,149.0,7.0,135.0,0.0,228.0,19.0,393.0,3.0,0.0,92.0,58.0,60.0,105.0,0.0,44.0,11.0,20.0,18.0,10.0,17.0,58.0,58.0,11.0,82.0,6.0,106.0,0.0,60.0,18.0,13.0,23.0,0.0,87.0,15.0,64.0,29.0,8.0,6.0,0.0,0.0,17.0,47.0,0.0,5.0,56.0,8.0,8.0,1.0,33.0,45.0,12.0,6.0,56.0,12.0,16.0,16.0,97.0,0.0,23.0,16.0,16.0,96.0,5.0,162.0,1.0,18.0,20.0,0.0,24.0,33.0,27.0,15.0,59.0,3.0,1.0,9.0,4.0,5.0
44,105580789.0,1.0,7.0,9.0,239.0,59.0,40.0,14.0,70.0,8.0,0.0,0.0,5.0,11.0,13.0,0.0,30.0,10.0,12.0,13.0,3.0,2.0,19.0,0.0,4.0,20.0,26.0,177.0,0.0,4.0,1.0,1.0,7.0,0.0,21.0,15.0,0.0,0.0,35.0,10.0,2.0,6.0,154.0,262.0,0.0,8.0,7.0,91.0,13.0,7.0,1.0,2.0,16.0,10.0,12.0,0.0,95.0,3.0,27.0,0.0,115.0,10.0,156.0,3.0,0.0,22.0,11.0,39.0,35.0,0.0,23.0,6.0,5.0,5.0,5.0,6.0,69.0,15.0,5.0,24.0,3.0,41.0,0.0,30.0,12.0,4.0,7.0,0.0,50.0,7.0,50.0,20.0,5.0,4.0,0.0,0.0,5.0,15.0,0.0,1.0,28.0,6.0,6.0,1.0,24.0,36.0,7.0,3.0,16.0,1.0,9.0,7.0,65.0,0.0,24.0,2.0,12.0,32.0,0.0,48.0,0.0,9.0,12.0,0.0,7.0,51.0,16.0,8.0,45.0,0.0,0.0,1.0,1.0,5.0
45,106311646.0,5.0,5.0,0.0,40.0,69.0,14.0,11.0,2.0,6.0,0.0,0.0,1.0,11.0,85.0,0.0,6.0,28.0,42.0,29.0,14.0,4.0,81.0,7.0,7.0,9.0,62.0,52.0,1.0,4.0,6.0,0.0,54.0,0.0,18.0,0.0,7.0,0.0,151.0,22.0,90.0,25.0,34.0,20.0,8.0,0.0,29.0,63.0,84.0,22.0,35.0,0.0,22.0,43.0,13.0,0.0,83.0,56.0,68.0,0.0,11.0,14.0,70.0,14.0,0.0,11.0,21.0,50.0,66.0,0.0,59.0,22.0,62.0,64.0,8.0,35.0,10.0,142.0,0.0,102.0,7.0,54.0,3.0,188.0,73.0,60.0,9.0,0.0,3.0,32.0,33.0,27.0,43.0,102.0,0.0,0.0,32.0,90.0,0.0,61.0,128.0,38.0,60.0,8.0,3.0,42.0,2.0,6.0,16.0,2.0,126.0,5.0,98.0,8.0,6.0,45.0,5.0,35.0,49.0,17.0,0.0,7.0,18.0,1.0,17.0,12.0,93.0,76.0,5.0,9.0,1.0,27.0,3.0,21.0
46,107736469.0,15.0,4.0,2.0,109.0,85.0,27.0,18.0,1.0,7.0,0.0,0.0,1.0,72.0,40.0,1.0,14.0,37.0,30.0,34.0,25.0,11.0,36.0,4.0,4.0,52.0,52.0,70.0,2.0,8.0,0.0,2.0,23.0,4.0,52.0,0.0,9.0,0.0,67.0,47.0,16.0,19.0,43.0,43.0,7.0,29.0,0.0,50.0,35.0,23.0,7.0,0.0,18.0,39.0,7.0,0.0,101.0,11.0,116.0,0.0,36.0,11.0,120.0,3.0,0.0,31.0,89.0,73.0,152.0,0.0,61.0,16.0,37.0,28.0,5.0,20.0,12.0,94.0,0.0,129.0,10.0,89.0,1.0,78.0,29.0,31.0,15.0,0.0,3.0,21.0,49.0,19.0,21.0,23.0,0.0,0.0,17.0,68.0,0.0,15.0,65.0,13.0,27.0,2.0,4.0,42.0,4.0,7.0,31.0,15.0,36.0,13.0,62.0,0.0,4.0,32.0,5.0,70.0,4.0,23.0,0.0,11.0,3.0,0.0,30.0,13.0,28.0,27.0,3.0,4.0,6.0,34.0,4.0,10.0
47,109982213.0,103.0,12.0,6.0,574.0,255.0,85.0,31.0,28.0,52.0,1.0,23.0,5.0,112.0,112.0,0.0,17.0,76.0,102.0,72.0,11.0,33.0,111.0,10.0,15.0,66.0,238.0,361.0,2.0,61.0,26.0,3.0,41.0,6.0,154.0,11.0,8.0,0.0,225.0,61.0,76.0,35.0,95.0,117.0,91.0,63.0,50.0,0.0,224.0,35.0,26.0,23.0,338.0,144.0,31.0,0.0,315.0,39.0,185.0,0.0,532.0,62.0,370.0,49.0,1.0,92.0,98.0,205.0,154.0,2.0,299.0,85.0,87.0,64.0,29.0,38.0,110.0,184.0,18.0,224.0,20.0,205.0,5.0,233.0,170.0,75.0,26.0,0.0,62.0,89.0,112.0,143.0,57.0,82.0,0.0,0.0,97.0,132.0,0.0,35.0,291.0,56.0,87.0,6.0,9.0,143.0,68.0,33.0,135.0,2.0,132.0,33.0,287.0,7.0,14.0,46.0,18.0,186.0,30.0,386.0,26.0,17.0,58.0,3.0,28.0,75.0,106.0,189.0,29.0,7.0,11.0,91.0,3.0,38.0
48,125797024.0,25.0,2.0,1.0,259.0,151.0,28.0,13.0,7.0,18.0,1.0,0.0,0.0,63.0,145.0,0.0,6.0,71.0,75.0,45.0,5.0,34.0,143.0,4.0,10.0,32.0,252.0,76.0,1.0,19.0,65.0,1.0,72.0,3.0,139.0,2.0,5.0,0.0,269.0,59.0,113.0,24.0,18.0,20.0,13.0,84.0,35.0,224.0,0.0,20.0,66.0,1.0,77.0,232.0,29.0,0.0,224.0,64.0,142.0,0.0,36.0,43.0,165.0,47.0,0.0,14.0,73.0,164.0,135.0,3.0,476.0,77.0,142.0,95.0,7.0,51.0,19.0,216.0,2.0,251.0,11.0,158.0,7.0,417.0,244.0,87.0,21.0,0.0,7.0,168.0,72.0,57.0,87.0,207.0,0.0,0.0,167.0,144.0,0.0,63.0,419.0,61.0,105.0,8.0,1.0,103.0,3.0,20.0,65.0,0.0,196.0,26.0,212.0,7.0,7.0,39.0,8.0,112.0,62.0,49.0,1.0,7.0,79.0,4.0,19.0,18.0,107.0,267.0,4.0,9.0,3.0,90.0,2.0,41.0
49,132158439.0,8.0,2.0,3.0,89.0,49.0,11.0,9.0,3.0,2.0,0.0,1.0,1.0,19.0,30.0,1.0,9.0,25.0,18.0,68.0,10.0,7.0,16.0,25.0,0.0,22.0,54.0,59.0,3.0,7.0,0.0,1.0,7.0,1.0,18.0,1.0,3.0,0.0,31.0,13.0,10.0,6.0,26.0,68.0,7.0,22.0,23.0,35.0,20.0,0.0,2.0,0.0,12.0,14.0,7.0,0.0,47.0,9.0,802.0,0.0,17.0,12.0,112.0,4.0,0.0,18.0,24.0,24.0,64.0,0.0,29.0,13.0,18.0,12.0,10.0,13.0,8.0,35.0,2.0,74.0,4.0,41.0,0.0,57.0,23.0,11.0,7.0,0.0,6.0,9.0,21.0,12.0,5.0,8.0,0.0,0.0,8.0,27.0,0.0,9.0,39.0,9.0,13.0,0.0,0.0,22.0,3.0,2.0,17.0,23.0,22.0,3.0,36.0,2.0,2.0,10.0,3.0,35.0,3.0,30.0,0.0,6.0,6.0,0.0,9.0,7.0,22.0,20.0,2.0,1.0,0.0,15.0,4.0,7.0
50,136588759.0,1.0,0.0,0.0,11.0,9.0,3.0,1.0,1.0,0.0,0.0,0.0,0.0,3.0,44.0,0.0,1.0,1.0,7.0,0.0,1.0,1.0,84.0,0.0,1.0,0.0,56.0,1.0,0.0,4.0,3.0,0.0,107.0,1.0,16.0,0.0,0.0,0.0,142.0,2.0,96.0,3.0,1.0,2.0,1.0,35.0,7.0,26.0,66.0,2.0,0.0,0.0,0.0,10.0,2.0,0.0,27.0,20.0,5.0,0.0,0.0,2.0,8.0,7.0,0.0,0.0,1.0,16.0,3.0,2.0,15.0,19.0,43.0,50.0,9.0,1.0,0.0,154.0,1.0,42.0,3.0,21.0,1.0,91.0,74.0,105.0,3.0,0.0,2.0,13.0,5.0,3.0,93.0,146.0,0.0,0.0,19.0,72.0,0.0,51.0,104.0,35.0,50.0,5.0,0.0,6.0,0.0,5.0,2.0,1.0,202.0,2.0,60.0,6.0,1.0,21.0,7.0,5.0,67.0,3.0,0.0,1.0,3.0,3.0,1.0,0.0,32.0,50.0,2.0,5.0,0.0,5.0,1.0,23.0
51,150413331.0,1.0,2.0,0.0,11.0,3.0,1.0,1.0,1.0,3.0,0.0,4.0,0.0,1.0,1.0,0.0,2.0,3.0,3.0,11.0,1.0,0.0,1.0,0.0,1.0,1.0,1.0,7.0,0.0,5.0,0.0,0.0,0.0,0.0,6.0,0.0,0.0,0.0,2.0,2.0,0.0,4.0,0.0,3.0,2.0,0.0,0.0,23.0,1.0,0.0,0.0,0.0,30.0,1.0,0.0,0.0,7.0,0.0,5.0,0.0,7.0,3.0,8.0,0.0,0.0,0.0,6.0,2.0,6.0,0.0,9.0,0.0,0.0,0.0,1.0,1.0,0.0,7.0,2.0,11.0,0.0,5.0,0.0,10.0,0.0,0.0,2.0,0.0,1.0,0.0,7.0,5.0,0.0,0.0,0.0,0.0,1.0,2.0,0.0,0.0,3.0,0.0,0.0,0.0,1.0,1.0,34.0,1.0,5.0,0.0,0.0,1.0,2.0,0.0,0.0,1.0,1.0,11.0,0.0,78.0,14.0,0.0,0.0,0.0,1.0,1.0,1.0,1.0,4.0,0.0,5.0,1.0,0.0,0.0
52,150881077.0,47.0,8.0,1.0,247.0,114.0,25.0,11.0,3.0,33.0,3.0,29.0,2.0,36.0,33.0,0.0,9.0,46.0,48.0,41.0,12.0,14.0,22.0,2.0,6.0,35.0,73.0,128.0,1.0,63.0,6.0,1.0,4.0,2.0,73.0,2.0,4.0,0.0,61.0,50.0,6.0,20.0,26.0,44.0,16.0,22.0,18.0,338.0,77.0,12.0,0.0,30.0,0.0,82.0,16.0,0.0,136.0,4.0,144.0,0.0,132.0,39.0,175.0,12.0,0.0,22.0,74.0,82.0,80.0,0.0,143.0,15.0,41.0,23.0,18.0,23.0,20.0,69.0,8.0,123.0,4.0,69.0,2.0,100.0,63.0,17.0,13.0,0.0,10.0,36.0,68.0,85.0,6.0,18.0,0.0,0.0,31.0,46.0,0.0,4.0,91.0,10.0,13.0,0.0,5.0,50.0,83.0,6.0,93.0,24.0,28.0,18.0,111.0,0.0,3.0,22.0,17.0,108.0,1.0,291.0,19.0,4.0,14.0,0.0,11.0,24.0,30.0,58.0,10.0,2.0,12.0,35.0,1.0,4.0
53,151058995.0,22.0,4.0,1.0,430.0,154.0,48.0,11.0,4.0,28.0,1.0,2.0,1.0,84.0,99.0,0.0,6.0,81.0,58.0,34.0,4.0,25.0,71.0,2.0,6.0,32.0,213.0,98.0,1.0,9.0,10.0,0.0,21.0,8.0,205.0,0.0,3.0,0.0,140.0,88.0,28.0,22.0,19.0,18.0,10.0,43.0,39.0,144.0,232.0,14.0,10.0,1.0,82.0,0.0,18.0,0.0,266.0,17.0,173.0,0.0,42.0,18.0,149.0,14.0,0.0,14.0,56.0,177.0,202.0,0.0,318.0,48.0,97.0,66.0,4.0,32.0,16.0,132.0,1.0,327.0,14.0,134.0,1.0,207.0,155.0,34.0,9.0,0.0,11.0,96.0,96.0,89.0,34.0,65.0,0.0,0.0,131.0,108.0,0.0,29.0,265.0,25.0,65.0,7.0,0.0,73.0,6.0,12.0,43.0,0.0,89.0,20.0,138.0,0.0,10.0,28.0,8.0,118.0,5.0,39.0,2.0,6.0,42.0,3.0,16.0,17.0,55.0,199.0,14.0,9.0,2.0,109.0,3.0,22.0
54,157434563.0,0.0,2.0,0.0,49.0,27.0,14.0,5.0,2.0,2.0,0.0,0.0,2.0,7.0,7.0,2.0,3.0,15.0,14.0,15.0,1.0,3.0,4.0,1.0,3.0,14.0,10.0,33.0,0.0,1.0,2.0,1.0,6.0,1.0,9.0,1.0,1.0,0.0,26.0,12.0,2.0,4.0,14.0,15.0,12.0,13.0,7.0,31.0,29.0,7.0,2.0,0.0,16.0,18.0,0.0,0.0,27.0,11.0,24.0,0.0,22.0,3.0,43.0,1.0,0.0,4.0,13.0,24.0,29.0,0.0,23.0,1.0,19.0,10.0,3.0,6.0,16.0,18.0,0.0,22.0,2.0,8.0,0.0,35.0,12.0,6.0,4.0,0.0,8.0,11.0,22.0,13.0,1.0,2.0,0.0,0.0,8.0,11.0,0.0,0.0,22.0,3.0,4.0,0.0,1.0,24.0,0.0,2.0,8.0,0.0,9.0,1.0,38.0,0.0,1.0,3.0,2.0,14.0,2.0,10.0,0.0,2.0,1.0,0.0,4.0,17.0,11.0,6.0,0.0,0.0,0.0,3.0,0.0,0.0
55,159167229.0,0.0,0.0,0.0,0.0,0.0,0.0,0.0,0.0,0.0,0.0,0.0,0.0,0.0,0.0,0.0,0.0,0.0,0.0,0.0,0.0,0.0,0.0,0.0,0.0,0.0,0.0,0.0,0.0,0.0,0.0,0.0,0.0,0.0,0.0,0.0,0.0,0.0,0.0,0.0,0.0,0.0,0.0,0.0,0.0,0.0,0.0,0.0,0.0,0.0,0.0,0.0,0.0,0.0,0.0,0.0,0.0,0.0,0.0,0.0,0.0,0.0,0.0,0.0,0.0,0.0,0.0,0.0,0.0,0.0,0.0,0.0,0.0,0.0,0.0,0.0,0.0,0.0,0.0,0.0,0.0,0.0,0.0,0.0,0.0,0.0,0.0,0.0,0.0,0.0,0.0,0.0,0.0,0.0,0.0,0.0,0.0,0.0,0.0,0.0,0.0,0.0,0.0,0.0,0.0,0.0,0.0,0.0,0.0,0.0,0.0,0.0,0.0,0.0,0.0,0.0,0.0,0.0,0.0,0.0,0.0,0.0,0.0,0.0,0.0,0.0,0.0,0.0,0.0,0.0,0.0,0.0,0.0,0.0
56,161863994.0,44.0,13.0,5.0,672.0,428.0,161.0,44.0,35.0,31.0,2.0,2.0,5.0,126.0,147.0,1.0,30.0,129.0,114.0,76.0,37.0,44.0,164.0,7.0,15.0,97.0,356.0,482.0,4.0,32.0,19.0,1.0,46.0,11.0,352.0,6.0,10.0,0.0,294.0,131.0,52.0,54.0,183.0,149.0,95.0,83.0,101.0,315.0,224.0,47.0,27.0,7.0,136.0,266.0,27.0,0.0,0.0,38.0,390.0,0.0,212.0,57.0,560.0,40.0,0.0,87.0,147.0,375.0,389.0,2.0,318.0,154.0,113.0,92.0,50.0,50.0,116.0,289.0,9.0,530.0,28.0,312.0,7.0,290.0,207.0,71.0,33.0,0.0,74.0,90.0,273.0,143.0,70.0,108.0,0.0,0.0,149.0,217.0,0.0,41.0,342.0,61.0,115.0,14.0,13.0,210.0,10.0,32.0,95.0,14.0,151.0,40.0,350.0,6.0,30.0,50.0,24.0,287.0,14.0,146.0,3.0,22.0,65.0,4.0,43.0,109.0,101.0,269.0,30.0,14.0,7.0,175.0,8.0,53.0
57,174266535.0,5.0,0.0,0.0,26.0,26.0,11.0,10.0,0.0,3.0,0.0,1.0,0.0,7.0,40.0,0.0,2.0,13.0,29.0,17.0,6.0,5.0,25.0,4.0,2.0,1.0,24.0,24.0,0.0,4.0,4.0,0.0,20.0,1.0,12.0,0.0,3.0,0.0,70.0,12.0,46.0,17.0,19.0,7.0,3.0,56.0,11.0,39.0,64.0,9.0,20.0,0.0,4.0,17.0,11.0,0.0,38.0,0.0,19.0,0.0,7.0,5.0,27.0,7.0,0.0,5.0,8.0,26.0,22.0,0.0,34.0,6.0,29.0,50.0,2.0,27.0,7.0,58.0,0.0,44.0,9.0,15.0,3.0,170.0,55.0,29.0,7.0,0.0,1.0,24.0,17.0,14.0,12.0,55.0,0.0,0.0,21.0,37.0,0.0,22.0,65.0,19.0,26.0,2.0,1.0,26.0,1.0,5.0,10.0,0.0,54.0,1.0,45.0,4.0,1.0,13.0,1.0,15.0,35.0,4.0,0.0,3.0,7.0,0.0,7.0,7.0,61.0,39.0,1.0,3.0,1.0,9.0,2.0,9.0
58,177002568.0,67.0,12.0,8.0,569.0,475.0,106.0,34.0,9.0,19.0,3.0,1.0,6.0,124.0,97.0,0.0,39.0,177.0,78.0,667.0,72.0,32.0,52.0,55.0,11.0,206.0,245.0,458.0,10.0,35.0,3.0,1.0,19.0,5.0,146.0,1.0,8.0,0.0,173.0,145.0,14.0,43.0,129.0,135.0,27.0,68.0,116.0,185.0,142.0,802.0,5.0,5.0,144.0,173.0,24.0,0.0,390.0,19.0,0.0,0.0,184.0,70.0,769.0,7.0,0.0,58.0,228.0,213.0,372.0,0.0,229.0,39.0,94.0,54.0,58.0,58.0,67.0,195.0,14.0,409.0,17.0,227.0,2.0,239.0,101.0,23.0,53.0,0.0,26.0,62.0,238.0,74.0,14.0,43.0,0.0,0.0,55.0,128.0,0.0,18.0,189.0,27.0,43.0,6.0,4.0,156.0,11.0,9.0,163.0,146.0,53.0,31.0,160.0,2.0,14.0,42.0,10.0,290.0,7.0,196.0,2.0,14.0,30.0,0.0,52.0,54.0,68.0,111.0,8.0,9.0,6.0,129.0,5.0,5.0
59,185467042.0,0.0,0.0,0.0,0.0,0.0,0.0,0.0,0.0,0.0,0.0,0.0,0.0,0.0,0.0,0.0,0.0,0.0,0.0,0.0,0.0,0.0,0.0,0.0,0.0,0.0,0.0,0.0,0.0,0.0,0.0,0.0,0.0,0.0,0.0,0.0,0.0,0.0,0.0,0.0,0.0,0.0,0.0,0.0,0.0,0.0,0.0,0.0,0.0,0.0,0.0,0.0,0.0,0.0,0.0,0.0,0.0,0.0,0.0,0.0,0.0,0.0,0.0,0.0,0.0,0.0,0.0,0.0,0.0,0.0,0.0,0.0,0.0,0.0,0.0,0.0,0.0,0.0,0.0,0.0,0.0,0.0,0.0,0.0,0.0,0.0,0.0,0.0,0.0,0.0,0.0,0.0,0.0,0.0,0.0,0.0,0.0,0.0,0.0,0.0,0.0,0.0,0.0,0.0,0.0,0.0,0.0,0.0,0.0,0.0,0.0,0.0,0.0,0.0,0.0,0.0,0.0,0.0,0.0,0.0,0.0,0.0,0.0,0.0,0.0,0.0,0.0,0.0,0.0,0.0,0.0,0.0,0.0,0.0
60,189806241.0,31.0,4.0,6.0,714.0,635.0,108.0,20.0,39.0,21.0,1.0,3.0,8.0,58.0,22.0,2.0,35.0,48.0,29.0,31.0,21.0,16.0,33.0,0.0,12.0,133.0,49.0,2141.0,2.0,30.0,6.0,1.0,8.0,3.0,92.0,21.0,1.0,0.0,74.0,29.0,1.0,13.0,254.0,228.0,115.0,11.0,36.0,532.0,36.0,17.0,0.0,7.0,132.0,42.0,22.0,0.0,212.0,7.0,184.0,0.0,0.0,35.0,1067.0,7.0,0.0,233.0,78.0,125.0,112.0,0.0,83.0,13.0,21.0,15.0,129.0,10.0,178.0,55.0,14.0,80.0,8.0,202.0,0.0,54.0,37.0,11.0,16.0,0.0,75.0,13.0,75.0,46.0,4.0,9.0,0.0,0.0,19.0,43.0,0.0,4.0,63.0,9.0,17.0,1.0,8.0,76.0,7.0,9.0,99.0,31.0,15.0,19.0,148.0,0.0,35.0,9.0,9.0,113.0,1.0,204.0,4.0,12.0,27.0,0.0,10.0,107.0,35.0,20.0,28.0,4.0,2.0,15.0,2.0,1.0
61,191761809.0,12.0,5.0,2.0,82.0,79.0,16.0,11.0,5.0,10.0,0.0,1.0,1.0,13.0,20.0,0.0,7.0,10.0,15.0,12.0,8.0,16.0,32.0,2.0,4.0,14.0,44.0,53.0,1.0,14.0,6.0,0.0,6.0,1.0,43.0,3.0,4.0,0.0,42.0,17.0,9.0,11.0,18.0,19.0,10.0,14.0,11.0,62.0,43.0,12.0,2.0,3.0,39.0,18.0,3.0,0.0,57.0,5.0,70.0,0.0,35.0,0.0,114.0,13.0,0.0,8.0,20.0,41.0,27.0,0.0,38.0,30.0,17.0,20.0,26.0,7.0,5.0,37.0,12.0,52.0,9.0,54.0,1.0,56.0,38.0,14.0,11.0,0.0,10.0,12.0,40.0,23.0,17.0,11.0,0.0,0.0,20.0,32.0,0.0,8.0,51.0,11.0,21.0,0.0,4.0,31.0,3.0,10.0,28.0,13.0,31.0,6.0,48.0,1.0,6.0,9.0,3.0,60.0,5.0,43.0,2.0,7.0,17.0,0.0,5.0,13.0,15.0,37.0,7.0,7.0,0.0,17.0,2.0,9.0
62,192477353.0,120.0,22.0,5.0,1230.0,1491.0,170.0,63.0,69.0,31.0,1.0,0.0,19.0,150.0,99.0,1.0,45.0,203.0,101.0,108.0,66.0,56.0,88.0,13.0,28.0,282.0,261.0,3058.0,16.0,150.0,8.0,1.0,38.0,5.0,199.0,27.0,12.0,0.0,273.0,117.0,20.0,56.0,480.0,393.0,156.0,70.0,120.0,370.0,165.0,112.0,8.0,8.0,175.0,149.0,43.0,0.0,560.0,27.0,769.0,0.0,1067.0,114.0,0.0,15.0,0.0,229.0,249.0,315.0,365.0,2.0,338.0,59.0,97.0,57.0,1032.0,48.0,243.0,220.0,28.0,327.0,27.0,555.0,2.0,254.0,84.0,38.0,53.0,0.0,129.0,69.0,386.0,112.0,16.0,43.0,0.0,0.0,63.0,177.0,0.0,21.0,331.0,29.0,61.0,5.0,23.0,176.0,14.0,16.0,185.0,502.0,71.0,57.0,327.0,3.0,47.0,49.0,22.0,362.0,6.0,306.0,5.0,24.0,85.0,1.0,57.0,497.0,90.0,95.0,40.0,9.0,9.0,71.0,5.0,11.0
63,197509029.0,11.0,0.0,1.0,30.0,29.0,4.0,2.0,4.0,7.0,0.0,0.0,0.0,8.0,30.0,0.0,0.0,4.0,9.0,1.0,0.0,2.0,41.0,0.0,8.0,1.0,46.0,5.0,0.0,3.0,20.0,0.0,12.0,1.0,17.0,0.0,0.0,0.0,50.0,4.0,18.0,4.0,1.0,3.0,3.0,14.0,3.0,49.0,47.0,4.0,7.0,0.0,12.0,14.0,1.0,0.0,40.0,7.0,7.0,0.0,7.0,13.0,15.0,0.0,0.0,3.0,3.0,24.0,8.0,0.0,29.0,29.0,24.0,25.0,4.0,2.0,1.0,28.0,1.0,33.0,4.0,27.0,3.0,32.0,42.0,18.0,4.0,0.0,5.0,17.0,6.0,17.0,28.0,34.0,0.0,0.0,30.0,29.0,0.0,16.0,57.0,25.0,36.0,5.0,2.0,18.0,1.0,5.0,9.0,0.0,55.0,2.0,50.0,2.0,4.0,7.0,5.0,17.0,6.0,13.0,1.0,2.0,15.0,1.0,1.0,1.0,11.0,51.0,1.0,3.0,1.0,16.0,1.0,20.0
64,199211047.0,0.0,0.0,0.0,1.0,0.0,1.0,0.0,0.0,0.0,0.0,0.0,0.0,0.0,0.0,0.0,0.0,0.0,0.0,0.0,0.0,0.0,0.0,0.0,0.0,0.0,0.0,0.0,0.0,0.0,0.0,0.0,0.0,0.0,0.0,0.0,0.0,0.0,0.0,0.0,0.0,0.0,0.0,0.0,0.0,0.0,0.0,1.0,0.0,0.0,0.0,0.0,0.0,0.0,0.0,0.0,0.0,0.0,0.0,0.0,0.0,0.0,0.0,0.0,0.0,0.0,0.0,0.0,0.0,0.0,0.0,0.0,0.0,0.0,0.0,0.0,0.0,0.0,0.0,0.0,0.0,0.0,0.0,0.0,0.0,0.0,0.0,0.0,0.0,0.0,0.0,0.0,0.0,0.0,0.0,0.0,0.0,0.0,0.0,0.0,0.0,0.0,0.0,0.0,0.0,0.0,0.0,0.0,0.0,0.0,0.0,0.0,0.0,0.0,0.0,0.0,0.0,0.0,0.0,0.0,0.0,0.0,0.0,0.0,0.0,0.0,0.0,0.0,0.0,0.0,0.0,0.0,0.0,0.0
65,211390583.0,12.0,4.0,1.0,185.0,111.0,61.0,17.0,49.0,13.0,0.0,0.0,3.0,28.0,12.0,0.0,19.0,18.0,13.0,20.0,15.0,12.0,12.0,0.0,7.0,76.0,25.0,285.0,4.0,11.0,1.0,2.0,5.0,1.0,31.0,5.0,3.0,0.0,40.0,18.0,0.0,5.0,81.0,92.0,22.0,11.0,31.0,92.0,14.0,18.0,0.0,0.0,22.0,14.0,4.0,0.0,87.0,5.0,58.0,0.0,233.0,8.0,229.0,3.0,0.0,0.0,51.0,49.0,67.0,0.0,35.0,3.0,13.0,8.0,13.0,13.0,67.0,34.0,2.0,43.0,3.0,105.0,0.0,26.0,12.0,6.0,16.0,0.0,47.0,9.0,33.0,22.0,0.0,1.0,0.0,0.0,2.0,26.0,0.0,2.0,25.0,6.0,7.0,0.0,3.0,33.0,4.0,4.0,28.0,10.0,8.0,16.0,56.0,0.0,14.0,8.0,6.0,71.0,0.0,60.0,0.0,11.0,6.0,0.0,16.0,32.0,16.0,8.0,8.0,1.0,2.0,6.0,2.0,1.0
66,225423130.0,26.0,7.0,8.0,193.0,108.0,36.0,38.0,2.0,12.0,6.0,1.0,2.0,85.0,35.0,0.0,15.0,75.0,61.0,72.0,25.0,19.0,29.0,3.0,4.0,146.0,75.0,134.0,3.0,9.0,1.0,1.0,8.0,8.0,63.0,0.0,10.0,0.0,77.0,108.0,5.0,17.0,63.0,58.0,11.0,21.0,89.0,98.0,73.0,24.0,1.0,6.0,74.0,56.0,13.0,0.0,147.0,8.0,228.0,0.0,78.0,20.0,249.0,3.0,0.0,51.0,0.0,96.0,211.0,0.0,101.0,16.0,37.0,26.0,2.0,28.0,31.0,117.0,4.0,175.0,21.0,167.0,1.0,88.0,28.0,13.0,19.0,0.0,14.0,31.0,104.0,42.0,7.0,10.0,0.0,0.0,11.0,66.0,0.0,4.0,78.0,13.0,12.0,1.0,4.0,74.0,7.0,4.0,73.0,4.0,24.0,25.0,99.0,0.0,6.0,36.0,15.0,139.0,3.0,78.0,1.0,13.0,7.0,0.0,39.0,15.0,27.0,27.0,9.0,5.0,7.0,20.0,4.0,2.0
67,225618759.0,34.0,6.0,2.0,384.0,273.0,95.0,33.0,18.0,29.0,1.0,0.0,4.0,140.0,103.0,0.0,12.0,90.0,81.0,47.0,20.0,30.0,102.0,4.0,14.0,49.0,258.0,233.0,2.0,37.0,10.0,1.0,34.0,6.0,250.0,2.0,6.0,0.0,164.0,110.0,38.0,35.0,78.0,60.0,39.0,50.0,73.0,205.0,164.0,24.0,16.0,2.0,82.0,177.0,24.0,0.0,375.0,26.0,213.0,0.0,125.0,41.0,315.0,24.0,0.0,49.0,96.0,0.0,166.0,1.0,231.0,112.0,89.0,67.0,19.0,31.0,60.0,180.0,3.0,330.0,25.0,233.0,4.0,166.0,146.0,53.0,24.0,0.0,38.0,62.0,150.0,102.0,52.0,75.0,0.0,0.0,84.0,146.0,0.0,33.0,230.0,43.0,81.0,9.0,3.0,114.0,7.0,30.0,62.0,3.0,96.0,27.0,205.0,2.0,24.0,36.0,16.0,211.0,7.0,79.0,1.0,15.0,38.0,1.0,28.0,69.0,66.0,175.0,13.0,10.0,6.0,121.0,5.0,34.0
68,226590372.0,41.0,9.0,2.0,517.0,233.0,121.0,46.0,9.0,46.0,4.0,1.0,3.0,116.0,84.0,2.0,27.0,137.0,71.0,98.0,59.0,56.0,64.0,9.0,10.0,103.0,120.0,235.0,4.0,21.0,3.0,2.0,23.0,8.0,202.0,0.0,12.0,0.0,170.0,102.0,16.0,28.0,118.0,105.0,35.0,66.0,152.0,154.0,135.0,64.0,3.0,6.0,80.0,202.0,29.0,0.0,389.0,22.0,372.0,0.0,112.0,27.0,365.0,8.0,0.0,67.0,211.0,166.0,0.0,0.0,227.0,26.0,66.0,45.0,9.0,59.0,68.0,220.0,5.0,408.0,23.0,167.0,0.0,226.0,72.0,32.0,32.0,0.0,26.0,52.0,217.0,67.0,13.0,34.0,0.0,0.0,42.0,141.0,0.0,15.0,156.0,19.0,45.0,4.0,5.0,139.0,9.0,19.0,93.0,5.0,54.0,27.0,179.0,0.0,20.0,47.0,14.0,178.0,2.0,83.0,1.0,26.0,18.0,0.0,81.0,48.0,69.0,83.0,7.0,7.0,7.0,66.0,6.0,4.0
69,230920600.0,0.0,0.0,0.0,0.0,0.0,0.0,0.0,0.0,0.0,0.0,0.0,0.0,0.0,1.0,0.0,0.0,0.0,0.0,0.0,0.0,0.0,3.0,0.0,0.0,0.0,4.0,0.0,0.0,0.0,0.0,0.0,2.0,0.0,0.0,0.0,0.0,0.0,2.0,0.0,1.0,0.0,0.0,0.0,0.0,0.0,0.0,2.0,3.0,0.0,2.0,0.0,0.0,0.0,0.0,0.0,2.0,0.0,0.0,0.0,0.0,0.0,2.0,0.0,0.0,0.0,0.0,1.0,0.0,0.0,0.0,2.0,2.0,1.0,1.0,1.0,0.0,6.0,0.0,0.0,0.0,2.0,0.0,1.0,2.0,3.0,0.0,0.0,0.0,0.0,0.0,0.0,4.0,2.0,0.0,0.0,0.0,6.0,0.0,1.0,5.0,1.0,3.0,1.0,0.0,0.0,0.0,0.0,0.0,0.0,4.0,0.0,5.0,1.0,0.0,0.0,0.0,0.0,1.0,0.0,0.0,0.0,0.0,0.0,0.0,0.0,1.0,5.0,0.0,0.0,0.0,1.0,0.0,1.0
70,238367325.0,51.0,10.0,2.0,459.0,206.0,58.0,16.0,14.0,38.0,2.0,4.0,2.0,110.0,150.0,0.0,12.0,127.0,86.0,65.0,16.0,39.0,99.0,7.0,10.0,57.0,347.0,123.0,3.0,33.0,28.0,3.0,32.0,4.0,182.0,4.0,9.0,0.0,213.0,91.0,47.0,34.0,44.0,44.0,23.0,59.0,61.0,299.0,476.0,29.0,15.0,9.0,143.0,318.0,23.0,0.0,318.0,34.0,229.0,0.0,83.0,38.0,338.0,29.0,0.0,35.0,101.0,231.0,227.0,0.0,0.0,67.0,141.0,82.0,5.0,46.0,29.0,191.0,7.0,347.0,19.0,219.0,5.0,316.0,207.0,43.0,19.0,0.0,23.0,161.0,126.0,98.0,45.0,93.0,0.0,0.0,184.0,155.0,0.0,28.0,455.0,36.0,90.0,10.0,4.0,98.0,9.0,23.0,78.0,0.0,117.0,38.0,230.0,2.0,13.0,42.0,16.0,176.0,11.0,105.0,3.0,14.0,88.0,2.0,35.0,29.0,90.0,276.0,13.0,10.0,8.0,137.0,4.0,19.0
71,245059632.0,14.0,4.0,0.0,97.0,99.0,11.0,3.0,8.0,10.0,0.0,1.0,0.0,18.0,59.0,0.0,2.0,11.0,56.0,3.0,3.0,15.0,77.0,0.0,3.0,1.0,155.0,17.0,0.0,14.0,11.0,0.0,22.0,2.0,154.0,0.0,1.0,0.0,72.0,16.0,35.0,15.0,8.0,11.0,6.0,22.0,16.0,85.0,77.0,13.0,19.0,0.0,15.0,48.0,1.0,0.0,154.0,6.0,39.0,0.0,13.0,30.0,59.0,29.0,0.0,3.0,16.0,112.0,26.0,2.0,67.0,0.0,37.0,33.0,18.0,3.0,1.0,79.0,0.0,138.0,11.0,119.0,3.0,56.0,81.0,45.0,6.0,0.0,17.0,26.0,34.0,36.0,50.0,63.0,0.0,0.0,54.0,74.0,0.0,25.0,121.0,38.0,60.0,6.0,3.0,55.0,2.0,24.0,11.0,1.0,76.0,4.0,95.0,3.0,10.0,11.0,10.0,61.0,9.0,23.0,2.0,8.0,30.0,2.0,2.0,1.0,22.0,108.0,3.0,4.0,1.0,46.0,1.0,35.0
72,246442148.0,11.0,3.0,2.0,99.0,90.0,28.0,14.0,3.0,15.0,1.0,0.0,2.0,25.0,124.0,0.0,11.0,51.0,54.0,23.0,12.0,16.0,88.0,4.0,4.0,15.0,121.0,54.0,2.0,5.0,4.0,1.0,57.0,1.0,62.0,1.0,12.0,0.0,172.0,35.0,76.0,32.0,23.0,20.0,5.0,62.0,37.0,87.0,142.0,18.0,43.0,0.0,41.0,97.0,19.0,0.0,113.0,29.0,94.0,0.0,21.0,17.0,97.0,24.0,0.0,13.0,37.0,89.0,66.0,2.0,141.0,37.0,0.0,77.0,6.0,39.0,13.0,163.0,3.0,138.0,9.0,96.0,7.0,207.0,140.0,76.0,27.0,0.0,7.0,63.0,37.0,31.0,48.0,126.0,0.0,0.0,74.0,111.0,0.0,46.0,209.0,42.0,75.0,6.0,1.0,58.0,2.0,4.0,25.0,1.0,177.0,15.0,120.0,3.0,5.0,42.0,7.0,52.0,40.0,24.0,0.0,6.0,21.0,4.0,15.0,7.0,69.0,125.0,3.0,10.0,2.0,52.0,3.0,28.0
73,246875675.0,7.0,2.0,0.0,75.0,67.0,27.0,15.0,4.0,6.0,1.0,0.0,0.0,25.0,95.0,0.0,5.0,26.0,49.0,15.0,11.0,14.0,100.0,3.0,6.0,9.0,99.0,37.0,2.0,16.0,5.0,0.0,47.0,5.0,58.0,0.0,8.0,0.0,141.0,29.0,77.0,24.0,17.0,18.0,5.0,64.0,28.0,64.0,95.0,12.0,50.0,0.0,23.0,66.0,10.0,0.0,92.0,50.0,54.0,0.0,15.0,20.0,57.0,25.0,0.0,8.0,26.0,67.0,45.0,1.0,82.0,33.0,77.0,0.0,12.0,33.0,6.0,143.0,1.0,119.0,11.0,77.0,8.0,163.0,108.0,74.0,18.0,0.0,5.0,46.0,40.0,26.0,53.0,99.0,0.0,0.0,58.0,104.0,0.0,46.0,142.0,52.0,70.0,8.0,2.0,47.0,3.0,9.0,19.0,2.0,128.0,10.0,104.0,5.0,8.0,36.0,6.0,42.0,33.0,15.0,0.0,7.0,17.0,2.0,14.0,8.0,63.0,84.0,3.0,10.0,3.0,27.0,3.0,25.0
74,247733964.0,18.0,2.0,0.0,111.0,404.0,5.0,2.0,3.0,0.0,0.0,0.0,0.0,8.0,2.0,0.0,5.0,6.0,7.0,7.0,1.0,2.0,18.0,1.0,3.0,20.0,37.0,1017.0,0.0,33.0,0.0,0.0,16.0,0.0,31.0,2.0,1.0,0.0,27.0,5.0,4.0,1.0,67.0,10.0,5.0,8.0,5.0,29.0,7.0,10.0,9.0,1.0,18.0,4.0,3.0,0.0,50.0,2.0,58.0,0.0,129.0,26.0,1032.0,4.0,0.0,13.0,2.0,19.0,9.0,1.0,5.0,18.0,6.0,12.0,0.0,0.0,16.0,33.0,2.0,31.0,0.0,86.0,1.0,25.0,8.0,11.0,2.0,0.0,12.0,3.0,66.0,8.0,6.0,4.0,0.0,0.0,9.0,28.0,0.0,4.0,63.0,4.0,16.0,0.0,4.0,16.0,2.0,1.0,11.0,75.0,20.0,1.0,51.0,1.0,7.0,2.0,1.0,25.0,1.0,37.0,1.0,1.0,6.0,0.0,1.0,617.0,9.0,29.0,1.0,2.0,2.0,2.0,0.0,4.0
75,252258284.0,8.0,3.0,1.0,48.0,38.0,21.0,10.0,0.0,16.0,2.0,0.0,2.0,10.0,27.0,0.0,10.0,35.0,59.0,22.0,14.0,7.0,14.0,2.0,5.0,21.0,29.0,32.0,2.0,3.0,2.0,1.0,17.0,0.0,24.0,0.0,7.0,0.0,45.0,21.0,15.0,32.0,22.0,17.0,6.0,35.0,20.0,38.0,51.0,13.0,1.0,1.0,23.0,32.0,6.0,0.0,50.0,27.0,58.0,0.0,10.0,7.0,48.0,2.0,0.0,13.0,28.0,31.0,59.0,1.0,46.0,3.0,39.0,33.0,0.0,0.0,8.0,63.0,1.0,55.0,10.0,23.0,3.0,133.0,24.0,17.0,34.0,0.0,2.0,23.0,33.0,17.0,3.0,24.0,0.0,0.0,12.0,32.0,0.0,9.0,37.0,7.0,11.0,1.0,3.0,45.0,0.0,1.0,32.0,0.0,34.0,4.0,36.0,2.0,5.0,29.0,2.0,45.0,30.0,16.0,0.0,4.0,3.0,0.0,22.0,10.0,43.0,23.0,2.0,4.0,1.0,14.0,3.0,1.0
76,254640843.0,4.0,2.0,0.0,150.0,108.0,41.0,19.0,17.0,4.0,0.0,1.0,5.0,25.0,5.0,0.0,15.0,26.0,11.0,32.0,15.0,4.0,16.0,0.0,4.0,65.0,24.0,317.0,3.0,0.0,0.0,2.0,5.0,0.0,27.0,6.0,3.0,0.0,58.0,18.0,0.0,5.0,104.0,58.0,69.0,10.0,12.0,110.0,19.0,8.0,0.0,0.0,20.0,16.0,16.0,0.0,116.0,7.0,67.0,0.0,178.0,5.0,243.0,1.0,0.0,67.0,31.0,60.0,68.0,0.0,29.0,1.0,13.0,6.0,16.0,8.0,0.0,28.0,0.0,48.0,1.0,63.0,0.0,36.0,13.0,5.0,8.0,0.0,24.0,14.0,53.0,30.0,2.0,4.0,0.0,0.0,2.0,20.0,0.0,3.0,33.0,3.0,7.0,1.0,1.0,40.0,0.0,3.0,24.0,2.0,3.0,5.0,83.0,0.0,7.0,3.0,5.0,36.0,3.0,39.0,0.0,6.0,5.0,0.0,10.0,73.0,17.0,7.0,2.0,2.0,0.0,3.0,1.0,0.0
77,258536563.0,26.0,8.0,1.0,184.0,175.0,55.0,37.0,8.0,28.0,2.0,0.0,1.0,81.0,175.0,0.0,12.0,79.0,94.0,43.0,42.0,23.0,268.0,3.0,9.0,21.0,275.0,145.0,3.0,25.0,12.0,0.0,189.0,6.0,127.0,0.0,14.0,0.0,396.0,90.0,204.0,42.0,84.0,58.0,15.0,142.0,94.0,184.0,216.0,35.0,154.0,7.0,69.0,132.0,18.0,0.0,289.0,58.0,195.0,0.0,55.0,37.0,220.0,28.0,0.0,34.0,117.0,180.0,220.0,6.0,191.0,79.0,163.0,143.0,33.0,63.0,28.0,0.0,3.0,374.0,27.0,195.0,6.0,398.0,198.0,253.0,28.0,0.0,12.0,80.0,127.0,81.0,150.0,258.0,0.0,0.0,88.0,354.0,0.0,106.0,443.0,83.0,202.0,14.0,5.0,114.0,17.0,23.0,64.0,2.0,454.0,26.0,287.0,17.0,12.0,133.0,14.0,136.0,105.0,66.0,2.0,18.0,18.0,3.0,38.0,24.0,140.0,232.0,12.0,21.0,9.0,76.0,5.0,64.0
78,260656699.0,5.0,2.0,0.0,29.0,19.0,8.0,1.0,3.0,3.0,0.0,0.0,1.0,3.0,3.0,0.0,9.0,2.0,4.0,4.0,6.0,2.0,1.0,0.0,1.0,1.0,0.0,21.0,0.0,5.0,1.0,0.0,0.0,0.0,1.0,0.0,0.0,0.0,2.0,3.0,0.0,4.0,3.0,11.0,5.0,0.0,0.0,18.0,2.0,2.0,1.0,2.0,8.0,1.0,0.0,0.0,9.0,0.0,14.0,0.0,14.0,12.0,28.0,1.0,0.0,2.0,4.0,3.0,5.0,0.0,7.0,0.0,3.0,1.0,2.0,1.0,0.0,3.0,0.0,4.0,0.0,3.0,0.0,10.0,2.0,2.0,7.0,0.0,4.0,1.0,5.0,4.0,0.0,0.0,0.0,0.0,0.0,2.0,0.0,0.0,5.0,1.0,0.0,0.0,2.0,6.0,2.0,2.0,12.0,2.0,2.0,1.0,4.0,0.0,0.0,2.0,1.0,8.0,1.0,23.0,0.0,1.0,1.0,0.0,1.0,3.0,4.0,1.0,2.0,0.0,0.0,0.0,0.0,0.0
79,261885661.0,44.0,7.0,4.0,430.0,314.0,97.0,41.0,14.0,37.0,4.0,1.0,3.0,162.0,163.0,0.0,16.0,151.0,109.0,89.0,33.0,41.0,174.0,14.0,13.0,91.0,385.0,231.0,3.0,36.0,18.0,2.0,57.0,13.0,418.0,0.0,13.0,0.0,273.0,181.0,74.0,34.0,110.0,82.0,24.0,102.0,129.0,224.0,251.0,74.0,42.0,11.0,123.0,327.0,22.0,0.0,530.0,44.0,409.0,0.0,80.0,52.0,327.0,33.0,0.0,43.0,175.0,330.0,408.0,0.0,347.0,138.0,138.0,119.0,31.0,55.0,48.0,374.0,4.0,0.0,25.0,317.0,5.0,330.0,220.0,93.0,29.0,0.0,20.0,82.0,209.0,126.0,87.0,120.0,0.0,0.0,144.0,267.0,0.0,52.0,403.0,75.0,136.0,12.0,6.0,171.0,21.0,31.0,89.0,5.0,193.0,36.0,289.0,8.0,18.0,68.0,16.0,249.0,29.0,119.0,7.0,18.0,46.0,5.0,45.0,41.0,112.0,305.0,16.0,15.0,7.0,200.0,8.0,52.0
80,261905897.0,4.0,3.0,4.0,33.0,21.0,13.0,14.0,2.0,4.0,0.0,0.0,0.0,14.0,14.0,0.0,3.0,8.0,26.0,6.0,5.0,4.0,12.0,0.0,3.0,2.0,30.0,13.0,0.0,4.0,0.0,0.0,4.0,2.0,16.0,0.0,3.0,0.0,21.0,11.0,6.0,12.0,9.0,6.0,3.0,7.0,10.0,20.0,11.0,4.0,3.0,0.0,4.0,14.0,2.0,0.0,28.0,9.0,17.0,0.0,8.0,9.0,27.0,4.0,0.0,3.0,21.0,25.0,23.0,0.0,19.0,11.0,9.0,11.0,0.0,10.0,1.0,27.0,0.0,25.0,0.0,20.0,1.0,19.0,16.0,12.0,8.0,0.0,6.0,9.0,17.0,14.0,6.0,7.0,0.0,0.0,7.0,23.0,0.0,3.0,23.0,6.0,9.0,1.0,1.0,16.0,1.0,2.0,7.0,0.0,13.0,6.0,18.0,1.0,3.0,11.0,4.0,20.0,2.0,6.0,0.0,3.0,0.0,0.0,7.0,3.0,8.0,14.0,2.0,1.0,1.0,10.0,1.0,2.0
81,263022323.0,29.0,9.0,8.0,410.0,410.0,83.0,25.0,30.0,15.0,0.0,1.0,4.0,136.0,106.0,0.0,17.0,85.0,73.0,48.0,10.0,33.0,127.0,5.0,5.0,97.0,266.0,374.0,11.0,70.0,7.0,1.0,38.0,12.0,234.0,2.0,5.0,0.0,161.0,99.0,40.0,22.0,101.0,106.0,41.0,54.0,89.0,205.0,158.0,41.0,21.0,5.0,69.0,134.0,8.0,0.0,312.0,15.0,227.0,0.0,202.0,54.0,555.0,27.0,0.0,105.0,167.0,233.0,167.0,2.0,219.0,119.0,96.0,77.0,86.0,23.0,63.0,195.0,3.0,317.0,20.0,0.0,4.0,159.0,131.0,53.0,22.0,0.0,63.0,50.0,132.0,75.0,50.0,73.0,0.0,0.0,84.0,170.0,0.0,33.0,270.0,47.0,94.0,8.0,14.0,103.0,14.0,21.0,73.0,11.0,120.0,40.0,186.0,3.0,25.0,39.0,23.0,173.0,16.0,110.0,1.0,14.0,35.0,3.0,27.0,44.0,68.0,160.0,20.0,11.0,8.0,97.0,2.0,42.0
82,266562398.0,1.0,0.0,0.0,1.0,4.0,1.0,0.0,0.0,0.0,0.0,0.0,0.0,0.0,11.0,0.0,0.0,1.0,4.0,0.0,0.0,0.0,6.0,0.0,0.0,0.0,6.0,0.0,0.0,1.0,0.0,0.0,3.0,1.0,3.0,0.0,0.0,0.0,7.0,0.0,7.0,4.0,0.0,0.0,0.0,3.0,1.0,5.0,7.0,0.0,1.0,0.0,2.0,1.0,0.0,0.0,7.0,3.0,2.0,0.0,0.0,1.0,2.0,3.0,0.0,0.0,1.0,4.0,0.0,0.0,5.0,3.0,7.0,8.0,1.0,3.0,0.0,6.0,0.0,5.0,1.0,4.0,0.0,8.0,12.0,7.0,2.0,0.0,0.0,3.0,0.0,1.0,6.0,10.0,0.0,0.0,6.0,6.0,0.0,6.0,9.0,7.0,3.0,0.0,1.0,4.0,0.0,2.0,0.0,0.0,13.0,0.0,8.0,1.0,0.0,0.0,1.0,2.0,3.0,0.0,0.0,0.0,3.0,0.0,0.0,0.0,1.0,7.0,0.0,0.0,0.0,1.0,0.0,3.0
83,267822363.0,27.0,12.0,1.0,242.0,202.0,62.0,27.0,8.0,36.0,2.0,3.0,3.0,71.0,202.0,0.0,23.0,131.0,162.0,71.0,32.0,29.0,154.0,13.0,10.0,39.0,223.0,166.0,2.0,22.0,14.0,2.0,134.0,2.0,107.0,1.0,17.0,0.0,384.0,81.0,208.0,65.0,63.0,60.0,30.0,188.0,78.0,233.0,417.0,57.0,91.0,10.0,100.0,207.0,35.0,0.0,290.0,170.0,239.0,0.0,54.0,56.0,254.0,32.0,0.0,26.0,88.0,166.0,226.0,1.0,316.0,56.0,207.0,163.0,25.0,133.0,36.0,398.0,10.0,330.0,19.0,159.0,8.0,0.0,233.0,157.0,47.0,0.0,14.0,126.0,117.0,68.0,78.0,328.0,0.0,0.0,122.0,210.0,0.0,84.0,397.0,53.0,124.0,11.0,7.0,153.0,13.0,22.0,75.0,0.0,268.0,21.0,266.0,11.0,7.0,102.0,13.0,137.0,180.0,90.0,2.0,15.0,60.0,4.0,38.0,36.0,261.0,262.0,9.0,17.0,4.0,122.0,6.0,34.0
84,268529448.0,20.0,2.0,1.0,201.0,131.0,34.0,5.0,10.0,23.0,2.0,1.0,0.0,49.0,172.0,0.0,8.0,33.0,77.0,22.0,6.0,22.0,142.0,3.0,3.0,15.0,236.0,56.0,0.0,19.0,23.0,0.0,70.0,3.0,130.0,3.0,4.0,0.0,246.0,45.0,130.0,34.0,12.0,18.0,12.0,73.0,29.0,170.0,244.0,23.0,74.0,0.0,63.0,155.0,12.0,0.0,207.0,55.0,101.0,0.0,37.0,38.0,84.0,42.0,0.0,12.0,28.0,146.0,72.0,2.0,207.0,81.0,140.0,108.0,8.0,24.0,13.0,198.0,2.0,220.0,16.0,131.0,12.0,233.0,0.0,108.0,16.0,0.0,18.0,77.0,62.0,84.0,93.0,200.0,0.0,0.0,140.0,149.0,0.0,63.0,309.0,87.0,103.0,8.0,3.0,82.0,8.0,19.0,30.0,0.0,234.0,20.0,199.0,5.0,13.0,34.0,13.0,105.0,64.0,70.0,2.0,9.0,51.0,5.0,11.0,9.0,74.0,221.0,8.0,11.0,5.0,88.0,4.0,53.0
85,269296241.0,11.0,2.0,0.0,48.0,44.0,22.0,11.0,5.0,5.0,1.0,1.0,0.0,16.0,84.0,0.0,5.0,16.0,54.0,11.0,12.0,12.0,131.0,0.0,5.0,2.0,100.0,24.0,1.0,12.0,5.0,0.0,142.0,4.0,46.0,0.0,5.0,0.0,179.0,14.0,116.0,21.0,15.0,13.0,4.0,60.0,31.0,75.0,87.0,11.0,105.0,0.0,17.0,34.0,6.0,0.0,71.0,29.0,23.0,0.0,11.0,14.0,38.0,18.0,0.0,6.0,13.0,53.0,32.0,3.0,43.0,45.0,76.0,74.0,11.0,17.0,5.0,253.0,2.0,93.0,12.0,53.0,7.0,157.0,108.0,0.0,22.0,0.0,3.0,32.0,26.0,27.0,91.0,154.0,0.0,0.0,33.0,123.0,0.0,62.0,168.0,54.0,87.0,6.0,1.0,33.0,4.0,8.0,15.0,2.0,228.0,4.0,124.0,11.0,5.0,56.0,7.0,37.0,74.0,16.0,1.0,7.0,5.0,2.0,9.0,7.0,73.0,85.0,2.0,10.0,2.0,21.0,4.0,35.0
86,270622245.0,6.0,2.0,1.0,42.0,37.0,17.0,9.0,1.0,4.0,0.0,0.0,1.0,6.0,32.0,0.0,9.0,10.0,96.0,20.0,14.0,12.0,17.0,1.0,7.0,25.0,16.0,33.0,2.0,3.0,3.0,0.0,11.0,1.0,13.0,0.0,3.0,0.0,29.0,15.0,6.0,16.0,16.0,23.0,7.0,9.0,15.0,26.0,21.0,7.0,3.0,2.0,13.0,9.0,4.0,0.0,33.0,7.0,53.0,0.0,16.0,11.0,53.0,4.0,0.0,16.0,19.0,24.0,32.0,0.0,19.0,6.0,27.0,18.0,2.0,34.0,8.0,28.0,7.0,29.0,8.0,22.0,2.0,47.0,16.0,22.0,0.0,0.0,5.0,8.0,25.0,17.0,2.0,17.0,0.0,0.0,4.0,19.0,0.0,5.0,22.0,16.0,3.0,1.0,3.0,39.0,1.0,4.0,30.0,4.0,20.0,5.0,28.0,1.0,3.0,13.0,4.0,33.0,25.0,33.0,0.0,4.0,1.0,0.0,17.0,13.0,17.0,12.0,3.0,2.0,1.0,6.0,3.0,2.0
87,270934983.0,0.0,0.0,0.0,0.0,0.0,0.0,0.0,0.0,0.0,0.0,0.0,0.0,0.0,0.0,0.0,0.0,0.0,0.0,0.0,0.0,0.0,0.0,0.0,0.0,0.0,0.0,0.0,0.0,0.0,0.0,0.0,0.0,0.0,0.0,0.0,0.0,0.0,0.0,0.0,0.0,0.0,0.0,0.0,0.0,0.0,0.0,0.0,0.0,0.0,0.0,0.0,0.0,0.0,0.0,0.0,0.0,0.0,0.0,0.0,0.0,0.0,0.0,0.0,0.0,0.0,0.0,0.0,0.0,0.0,0.0,0.0,0.0,0.0,0.0,0.0,0.0,0.0,0.0,0.0,0.0,0.0,0.0,0.0,0.0,0.0,0.0,0.0,0.0,0.0,0.0,0.0,0.0,0.0,0.0,1.0,0.0,0.0,0.0,0.0,0.0,0.0,0.0,0.0,0.0,0.0,0.0,0.0,0.0,0.0,0.0,0.0,0.0,0.0,0.0,0.0,0.0,0.0,0.0,0.0,0.0,0.0,0.0,0.0,0.0,0.0,0.0,0.0,0.0,0.0,0.0,0.0,0.0,0.0
88,271791007.0,5.0,5.0,2.0,202.0,73.0,47.0,8.0,38.0,7.0,0.0,1.0,4.0,13.0,9.0,0.0,11.0,8.0,18.0,5.0,4.0,10.0,17.0,0.0,3.0,15.0,22.0,144.0,1.0,14.0,1.0,0.0,3.0,0.0,30.0,11.0,1.0,0.0,17.0,7.0,2.0,7.0,66.0,87.0,50.0,3.0,3.0,62.0,7.0,6.0,2.0,1.0,10.0,11.0,8.0,0.0,74.0,1.0,26.0,0.0,75.0,10.0,129.0,5.0,0.0,47.0,14.0,38.0,26.0,0.0,23.0,17.0,7.0,5.0,12.0,2.0,24.0,12.0,4.0,20.0,6.0,63.0,0.0,14.0,18.0,3.0,5.0,0.0,0.0,3.0,23.0,19.0,4.0,5.0,0.0,0.0,11.0,11.0,0.0,3.0,22.0,4.0,4.0,2.0,13.0,22.0,2.0,4.0,12.0,3.0,9.0,13.0,29.0,0.0,27.0,2.0,12.0,48.0,2.0,50.0,0.0,6.0,4.0,0.0,7.0,19.0,8.0,8.0,28.0,0.0,0.0,6.0,1.0,6.0
89,272937332.0,1.0,1.0,0.0,74.0,55.0,16.0,14.0,2.0,7.0,0.0,1.0,1.0,37.0,63.0,0.0,4.0,27.0,26.0,20.0,8.0,15.0,43.0,2.0,3.0,13.0,102.0,42.0,2.0,7.0,5.0,0.0,21.0,0.0,38.0,0.0,5.0,0.0,101.0,19.0,31.0,8.0,16.0,15.0,7.0,32.0,21.0,89.0,168.0,9.0,13.0,0.0,36.0,96.0,11.0,0.0,90.0,24.0,62.0,0.0,13.0,12.0,69.0,17.0,0.0,9.0,31.0,62.0,52.0,0.0,161.0,26.0,63.0,46.0,3.0,23.0,14.0,80.0,1.0,82.0,9.0,50.0,3.0,126.0,77.0,32.0,8.0,0.0,3.0,0.0,40.0,32.0,21.0,45.0,0.0,0.0,63.0,49.0,0.0,24.0,165.0,24.0,43.0,8.0,1.0,40.0,2.0,6.0,27.0,1.0,59.0,11.0,87.0,0.0,4.0,17.0,1.0,52.0,16.0,22.0,1.0,5.0,21.0,1.0,12.0,14.0,43.0,95.0,3.0,2.0,1.0,43.0,2.0,8.0
90,274982664.0,38.0,8.0,2.0,277.0,224.0,61.0,27.0,10.0,12.0,2.0,1.0,3.0,57.0,42.0,0.0,14.0,56.0,50.0,54.0,36.0,22.0,56.0,4.0,8.0,56.0,127.0,302.0,1.0,21.0,4.0,0.0,10.0,2.0,109.0,1.0,7.0,0.0,120.0,98.0,10.0,21.0,82.0,64.0,50.0,33.0,49.0,112.0,72.0,21.0,5.0,7.0,68.0,96.0,22.0,0.0,273.0,17.0,238.0,0.0,75.0,40.0,386.0,6.0,0.0,33.0,104.0,150.0,217.0,0.0,126.0,34.0,37.0,40.0,66.0,33.0,53.0,127.0,5.0,209.0,17.0,132.0,0.0,117.0,62.0,26.0,25.0,0.0,23.0,40.0,0.0,81.0,17.0,27.0,0.0,0.0,37.0,88.0,0.0,11.0,124.0,18.0,27.0,5.0,10.0,97.0,12.0,13.0,72.0,74.0,47.0,24.0,162.0,1.0,9.0,28.0,9.0,160.0,4.0,99.0,3.0,14.0,24.0,0.0,46.0,78.0,42.0,71.0,7.0,6.0,3.0,53.0,3.0,8.0
91,276669698.0,30.0,10.0,1.0,147.0,87.0,43.0,12.0,6.0,18.0,1.0,9.0,1.0,61.0,41.0,1.0,11.0,37.0,32.0,22.0,8.0,12.0,55.0,3.0,10.0,19.0,104.0,99.0,0.0,10.0,12.0,0.0,16.0,2.0,69.0,4.0,3.0,0.0,97.0,47.0,21.0,10.0,30.0,29.0,20.0,27.0,19.0,143.0,57.0,12.0,3.0,5.0,85.0,89.0,13.0,0.0,143.0,14.0,74.0,0.0,46.0,23.0,112.0,17.0,0.0,22.0,42.0,102.0,67.0,0.0,98.0,36.0,31.0,26.0,8.0,17.0,30.0,81.0,4.0,126.0,14.0,75.0,1.0,68.0,84.0,27.0,17.0,0.0,19.0,32.0,81.0,0.0,23.0,26.0,0.0,0.0,41.0,75.0,0.0,20.0,112.0,17.0,44.0,5.0,5.0,59.0,28.0,19.0,34.0,0.0,58.0,16.0,124.0,2.0,8.0,21.0,12.0,82.0,5.0,76.0,9.0,9.0,12.0,1.0,13.0,30.0,38.0,79.0,7.0,6.0,5.0,47.0,3.0,19.0
92,279947636.0,3.0,1.0,0.0,29.0,33.0,7.0,4.0,3.0,5.0,0.0,0.0,0.0,4.0,59.0,0.0,2.0,7.0,12.0,4.0,5.0,5.0,123.0,1.0,2.0,1.0,98.0,7.0,0.0,7.0,8.0,0.0,75.0,1.0,32.0,0.0,2.0,0.0,126.0,15.0,77.0,7.0,6.0,8.0,5.0,43.0,21.0,57.0,87.0,5.0,93.0,0.0,6.0,34.0,1.0,0.0,70.0,12.0,14.0,0.0,4.0,17.0,16.0,28.0,0.0,0.0,7.0,52.0,13.0,4.0,45.0,50.0,48.0,53.0,6.0,3.0,2.0,150.0,0.0,87.0,6.0,50.0,6.0,78.0,93.0,91.0,2.0,0.0,4.0,21.0,17.0,23.0,0.0,120.0,0.0,0.0,42.0,103.0,0.0,50.0,138.0,60.0,73.0,6.0,1.0,12.0,2.0,14.0,4.0,0.0,167.0,1.0,113.0,6.0,9.0,35.0,11.0,20.0,38.0,7.0,0.0,4.0,16.0,5.0,2.0,1.0,30.0,95.0,4.0,8.0,1.0,26.0,2.0,51.0
93,280522436.0,8.0,1.0,0.0,59.0,57.0,14.0,6.0,3.0,11.0,0.0,1.0,0.0,12.0,153.0,0.0,2.0,16.0,41.0,5.0,6.0,7.0,169.0,2.0,6.0,2.0,127.0,14.0,1.0,10.0,13.0,0.0,131.0,2.0,49.0,0.0,3.0,0.0,303.0,20.0,238.0,30.0,5.0,6.0,4.0,102.0,23.0,82.0,207.0,8.0,146.0,0.0,18.0,65.0,2.0,0.0,108.0,55.0,43.0,0.0,9.0,11.0,43.0,34.0,0.0,1.0,10.0,75.0,34.0,2.0,93.0,63.0,126.0,99.0,4.0,24.0,4.0,258.0,0.0,120.0,7.0,73.0,10.0,328.0,200.0,154.0,17.0,0.0,5.0,45.0,27.0,26.0,120.0,0.0,0.0,0.0,70.0,130.0,0.0,93.0,220.0,83.0,94.0,9.0,2.0,47.0,6.0,12.0,10.0,0.0,337.0,4.0,132.0,9.0,8.0,56.0,5.0,35.0,154.0,11.0,0.0,4.0,34.0,5.0,1.0,2.0,105.0,174.0,2.0,10.0,0.0,67.0,2.0,50.0
94,281930659.0,0.0,0.0,0.0,0.0,0.0,0.0,0.0,0.0,0.0,0.0,0.0,0.0,0.0,0.0,0.0,0.0,0.0,0.0,0.0,0.0,0.0,0.0,0.0,0.0,0.0,0.0,0.0,0.0,0.0,0.0,0.0,0.0,0.0,0.0,0.0,0.0,0.0,0.0,0.0,0.0,0.0,0.0,0.0,0.0,0.0,0.0,0.0,0.0,0.0,0.0,0.0,0.0,0.0,0.0,0.0,0.0,0.0,0.0,0.0,0.0,0.0,0.0,0.0,0.0,0.0,0.0,0.0,0.0,0.0,0.0,0.0,0.0,0.0,0.0,0.0,0.0,0.0,0.0,0.0,0.0,0.0,0.0,0.0,0.0,0.0,0.0,0.0,0.0,0.0,0.0,0.0,0.0,0.0,0.0,0.0,0.0,0.0,0.0,0.0,0.0,0.0,0.0,0.0,0.0,0.0,0.0,0.0,0.0,0.0,0.0,0.0,0.0,0.0,0.0,0.0,0.0,0.0,0.0,0.0,0.0,0.0,0.0,0.0,0.0,0.0,0.0,0.0,0.0,0.0,0.0,0.0,0.0,0.0
95,282259323.0,0.0,0.0,0.0,0.0,0.0,0.0,0.0,0.0,0.0,0.0,0.0,0.0,0.0,0.0,0.0,0.0,0.0,0.0,0.0,0.0,0.0,0.0,0.0,0.0,0.0,0.0,0.0,0.0,0.0,0.0,0.0,0.0,0.0,0.0,0.0,0.0,0.0,0.0,0.0,0.0,0.0,0.0,0.0,0.0,0.0,0.0,0.0,0.0,0.0,0.0,0.0,0.0,0.0,0.0,0.0,0.0,0.0,0.0,0.0,0.0,0.0,0.0,0.0,0.0,0.0,0.0,0.0,0.0,0.0,0.0,0.0,0.0,0.0,0.0,0.0,0.0,0.0,0.0,0.0,0.0,0.0,0.0,0.0,0.0,0.0,0.0,1.0,0.0,0.0,0.0,0.0,0.0,0.0,0.0,0.0,0.0,0.0,0.0,0.0,0.0,0.0,0.0,0.0,0.0,0.0,0.0,0.0,0.0,0.0,0.0,0.0,0.0,0.0,0.0,0.0,0.0,0.0,0.0,0.0,0.0,0.0,0.0,0.0,0.0,0.0,0.0,0.0,0.0,0.0,0.0,0.0,0.0,0.0
96,283022885.0,14.0,2.0,1.0,128.0,90.0,21.0,2.0,6.0,7.0,0.0,1.0,1.0,24.0,83.0,0.0,4.0,23.0,33.0,7.0,0.0,13.0,66.0,5.0,2.0,7.0,149.0,31.0,0.0,16.0,13.0,0.0,20.0,3.0,85.0,2.0,1.0,0.0,109.0,23.0,32.0,10.0,4.0,17.0,5.0,32.0,17.0,97.0,167.0,8.0,19.0,1.0,31.0,131.0,8.0,0.0,149.0,21.0,55.0,0.0,19.0,20.0,63.0,30.0,0.0,2.0,11.0,84.0,42.0,0.0,184.0,54.0,74.0,58.0,9.0,12.0,2.0,88.0,0.0,144.0,7.0,84.0,6.0,122.0,140.0,33.0,4.0,0.0,11.0,63.0,37.0,41.0,42.0,70.0,0.0,0.0,0.0,85.0,0.0,26.0,233.0,42.0,58.0,5.0,1.0,41.0,3.0,14.0,21.0,0.0,100.0,9.0,108.0,1.0,6.0,8.0,9.0,60.0,8.0,31.0,1.0,1.0,50.0,1.0,6.0,2.0,32.0,138.0,4.0,8.0,0.0,60.0,1.0,27.0
97,287755830.0,20.0,5.0,3.0,155.0,149.0,44.0,25.0,8.0,13.0,1.0,1.0,0.0,58.0,118.0,0.0,8.0,59.0,57.0,32.0,23.0,15.0,216.0,5.0,9.0,21.0,217.0,110.0,2.0,20.0,10.0,0.0,107.0,6.0,109.0,0.0,11.0,0.0,246.0,62.0,91.0,25.0,51.0,47.0,15.0,90.0,68.0,132.0,144.0,27.0,72.0,2.0,46.0,108.0,11.0,0.0,217.0,37.0,128.0,0.0,43.0,32.0,177.0,29.0,0.0,26.0,66.0,146.0,141.0,6.0,155.0,74.0,111.0,104.0,28.0,32.0,20.0,354.0,2.0,267.0,23.0,170.0,6.0,210.0,149.0,123.0,19.0,0.0,11.0,49.0,88.0,75.0,103.0,130.0,0.0,0.0,85.0,0.0,0.0,67.0,335.0,78.0,138.0,10.0,4.0,74.0,6.0,20.0,43.0,9.0,250.0,18.0,212.0,11.0,16.0,61.0,15.0,102.0,32.0,45.0,0.0,18.0,21.0,3.0,28.0,17.0,86.0,182.0,10.0,18.0,3.0,60.0,4.0,65.0
98,288599704.0,0.0,0.0,0.0,0.0,0.0,0.0,0.0,0.0,0.0,0.0,0.0,0.0,0.0,0.0,0.0,0.0,0.0,0.0,0.0,0.0,0.0,0.0,0.0,0.0,0.0,0.0,0.0,0.0,0.0,0.0,0.0,0.0,0.0,0.0,0.0,0.0,0.0,0.0,0.0,0.0,0.0,0.0,0.0,0.0,0.0,0.0,0.0,0.0,0.0,0.0,0.0,0.0,0.0,0.0,0.0,0.0,0.0,0.0,0.0,0.0,0.0,0.0,0.0,0.0,0.0,0.0,0.0,0.0,0.0,0.0,0.0,0.0,0.0,0.0,0.0,0.0,0.0,0.0,0.0,0.0,0.0,0.0,0.0,0.0,0.0,0.0,0.0,0.0,0.0,0.0,0.0,0.0,0.0,0.0,0.0,0.0,0.0,0.0,0.0,0.0,0.0,0.0,0.0,0.0,0.0,0.0,0.0,0.0,0.0,0.0,0.0,0.0,0.0,0.0,0.0,0.0,0.0,0.0,0.0,0.0,0.0,0.0,0.0,0.0,0.0,0.0,0.0,0.0,0.0,0.0,0.0,0.0,0.0
99,289104235.0,1.0,1.0,0.0,25.0,20.0,10.0,3.0,2.0,4.0,0.0,1.0,0.0,3.0,55.0,0.0,2.0,6.0,16.0,6.0,4.0,1.0,76.0,0.0,4.0,1.0,61.0,11.0,1.0,4.0,2.0,0.0,56.0,0.0,20.0,0.0,2.0,0.0,110.0,9.0,85.0,11.0,6.0,5.0,1.0,61.0,15.0,35.0,63.0,9.0,51.0,0.0,4.0,29.0,0.0,0.0,41.0,22.0,18.0,0.0,4.0,8.0,21.0,16.0,0.0,2.0,4.0,33.0,15.0,1.0,28.0,25.0,46.0,46.0,4.0,9.0,3.0,106.0,0.0,52.0,3.0,33.0,6.0,84.0,63.0,62.0,5.0,0.0,3.0,24.0,11.0,20.0,50.0,93.0,0.0,0.0,26.0,67.0,0.0,0.0,87.0,33.0,53.0,8.0,1.0,15.0,1.0,7.0,6.0,0.0,125.0,0.0,56.0,8.0,4.0,37.0,3.0,12.0,35.0,5.0,1.0,4.0,9.0,2.0,2.0,2.0,43.0,64.0,5.0,11.0,0.0,18.0,3.0,27.0
100,290039931.0,31.0,9.0,4.0,306.0,279.0,61.0,27.0,20.0,23.0,1.0,2.0,3.0,86.0,222.0,0.0,9.0,96.0,96.0,39.0,18.0,36.0,269.0,7.0,11.0,39.0,418.0,193.0,5.0,39.0,21.0,0.0,122.0,5.0,186.0,1.0,8.0,0.0,448.0,87.0,150.0,34.0,59.0,56.0,28.0,128.0,65.0,291.0,419.0,39.0,104.0,3.0,91.0,265.0,22.0,0.0,342.0,65.0,189.0,0.0,63.0,51.0,331.0,57.0,0.0,25.0,78.0,230.0,156.0,5.0,455.0,121.0,209.0,142.0,63.0,37.0,33.0,443.0,5.0,403.0,23.0,270.0,9.0,397.0,309.0,168.0,22.0,0.0,22.0,165.0,124.0,112.0,138.0,220.0,0.0,0.0,233.0,335.0,0.0,87.0,0.0,99.0,204.0,17.0,5.0,115.0,9.0,27.0,79.0,8.0,356.0,29.0,385.0,10.0,17.0,73.0,22.0,161.0,53.0,81.0,2.0,16.0,89.0,5.0,27.0,35.0,129.0,407.0,15.0,17.0,6.0,130.0,5.0,74.0
101,290751321.0,7.0,1.0,2.0,42.0,33.0,11.0,7.0,5.0,3.0,0.0,3.0,0.0,9.0,81.0,0.0,1.0,9.0,20.0,6.0,4.0,7.0,76.0,1.0,8.0,9.0,86.0,17.0,0.0,7.0,9.0,0.0,30.0,1.0,32.0,0.0,4.0,0.0,80.0,13.0,61.0,12.0,7.0,8.0,6.0,38.0,13.0,56.0,61.0,9.0,35.0,0.0,10.0,25.0,3.0,0.0,61.0,19.0,27.0,0.0,9.0,11.0,29.0,25.0,0.0,6.0,13.0,43.0,19.0,1.0,36.0,38.0,42.0,52.0,4.0,7.0,3.0,83.0,1.0,75.0,6.0,47.0,7.0,53.0,87.0,54.0,16.0,0.0,4.0,24.0,18.0,17.0,60.0,83.0,0.0,0.0,42.0,78.0,0.0,33.0,99.0,0.0,49.0,5.0,1.0,21.0,2.0,10.0,11.0,1.0,116.0,4.0,77.0,6.0,5.0,24.0,6.0,26.0,25.0,12.0,1.0,4.0,16.0,3.0,8.0,2.0,26.0,67.0,2.0,8.0,1.0,19.0,2.0,33.0
102,290840403.0,10.0,1.0,0.0,61.0,77.0,15.0,8.0,3.0,7.0,0.0,0.0,0.0,26.0,81.0,1.0,2.0,15.0,23.0,10.0,7.0,10.0,129.0,2.0,5.0,1.0,140.0,30.0,1.0,10.0,12.0,0.0,60.0,2.0,51.0,0.0,3.0,0.0,178.0,22.0,73.0,9.0,14.0,8.0,6.0,60.0,27.0,87.0,105.0,13.0,50.0,0.0,13.0,65.0,4.0,0.0,115.0,26.0,43.0,0.0,17.0,21.0,61.0,36.0,0.0,7.0,12.0,81.0,45.0,3.0,90.0,60.0,75.0,70.0,16.0,11.0,7.0,202.0,0.0,136.0,9.0,94.0,3.0,124.0,103.0,87.0,3.0,0.0,4.0,43.0,27.0,44.0,73.0,94.0,0.0,0.0,58.0,138.0,0.0,53.0,204.0,49.0,0.0,11.0,1.0,44.0,0.0,14.0,8.0,2.0,160.0,6.0,136.0,8.0,8.0,27.0,9.0,43.0,23.0,13.0,0.0,4.0,33.0,3.0,2.0,7.0,57.0,144.0,5.0,10.0,1.0,39.0,3.0,43.0
103,292999669.0,0.0,0.0,0.0,7.0,7.0,1.0,1.0,0.0,0.0,0.0,0.0,0.0,1.0,10.0,0.0,0.0,2.0,2.0,1.0,1.0,0.0,11.0,0.0,2.0,0.0,12.0,1.0,1.0,0.0,3.0,0.0,6.0,0.0,8.0,0.0,0.0,0.0,10.0,3.0,7.0,0.0,1.0,1.0,1.0,8.0,2.0,6.0,8.0,0.0,5.0,0.0,0.0,7.0,0.0,0.0,14.0,2.0,6.0,0.0,1.0,0.0,5.0,5.0,0.0,0.0,1.0,9.0,4.0,1.0,10.0,6.0,6.0,8.0,0.0,1.0,1.0,14.0,0.0,12.0,1.0,8.0,0.0,11.0,8.0,6.0,1.0,0.0,2.0,8.0,5.0,5.0,6.0,9.0,0.0,0.0,5.0,10.0,0.0,8.0,17.0,5.0,11.0,0.0,0.0,4.0,0.0,4.0,1.0,0.0,14.0,0.0,7.0,1.0,0.0,3.0,1.0,5.0,3.0,0.0,0.0,1.0,3.0,1.0,0.0,1.0,2.0,12.0,3.0,2.0,0.0,5.0,1.0,5.0
104,295878517.0,1.0,5.0,6.0,53.0,9.0,10.0,4.0,8.0,3.0,0.0,0.0,0.0,5.0,1.0,0.0,3.0,1.0,5.0,3.0,2.0,1.0,5.0,0.0,2.0,4.0,3.0,24.0,0.0,3.0,0.0,0.0,1.0,0.0,4.0,2.0,1.0,0.0,4.0,2.0,1.0,4.0,16.0,33.0,24.0,3.0,4.0,9.0,1.0,0.0,0.0,1.0,5.0,0.0,1.0,0.0,13.0,1.0,4.0,0.0,8.0,4.0,23.0,2.0,0.0,3.0,4.0,3.0,5.0,0.0,4.0,3.0,1.0,2.0,4.0,3.0,1.0,5.0,2.0,6.0,1.0,14.0,1.0,7.0,3.0,1.0,3.0,0.0,13.0,1.0,10.0,5.0,1.0,2.0,0.0,0.0,1.0,4.0,0.0,1.0,5.0,1.0,1.0,0.0,0.0,5.0,5.0,1.0,6.0,3.0,2.0,4.0,6.0,1.0,1.0,2.0,8.0,10.0,0.0,13.0,0.0,4.0,2.0,0.0,1.0,4.0,3.0,1.0,9.0,0.0,0.0,0.0,0.0,2.0
105,296358688.0,12.0,6.0,2.0,208.0,187.0,67.0,25.0,10.0,22.0,1.0,0.0,6.0,54.0,65.0,1.0,19.0,48.0,66.0,41.0,36.0,24.0,50.0,0.0,12.0,44.0,113.0,156.0,1.0,12.0,11.0,1.0,27.0,5.0,221.0,1.0,7.0,0.0,152.0,49.0,21.0,39.0,73.0,45.0,36.0,42.0,42.0,143.0,103.0,22.0,6.0,1.0,50.0,73.0,24.0,0.0,210.0,26.0,156.0,0.0,76.0,31.0,176.0,18.0,0.0,33.0,74.0,114.0,139.0,0.0,98.0,55.0,58.0,47.0,16.0,45.0,40.0,114.0,6.0,171.0,16.0,103.0,4.0,153.0,82.0,33.0,39.0,0.0,22.0,40.0,97.0,59.0,12.0,47.0,0.0,0.0,41.0,74.0,0.0,15.0,115.0,21.0,44.0,4.0,5.0,0.0,6.0,14.0,80.0,1.0,53.0,15.0,121.0,2.0,9.0,24.0,6.0,125.0,27.0,51.0,0.0,10.0,15.0,1.0,25.0,43.0,62.0,59.0,5.0,10.0,1.0,52.0,3.0,6.0
106,302144631.0,4.0,0.0,4.0,38.0,9.0,1.0,4.0,1.0,5.0,0.0,28.0,0.0,4.0,9.0,0.0,2.0,4.0,1.0,7.0,1.0,1.0,5.0,0.0,2.0,0.0,6.0,10.0,0.0,6.0,0.0,0.0,2.0,2.0,13.0,0.0,1.0,0.0,3.0,3.0,2.0,2.0,2.0,12.0,7.0,2.0,4.0,68.0,3.0,3.0,0.0,34.0,83.0,6.0,0.0,0.0,10.0,1.0,11.0,0.0,7.0,3.0,14.0,1.0,0.0,4.0,7.0,7.0,9.0,0.0,9.0,2.0,2.0,3.0,2.0,0.0,0.0,17.0,2.0,21.0,1.0,14.0,0.0,13.0,8.0,4.0,1.0,0.0,2.0,2.0,12.0,28.0,2.0,6.0,0.0,0.0,3.0,6.0,0.0,1.0,9.0,2.0,0.0,0.0,5.0,6.0,0.0,1.0,6.0,1.0,11.0,1.0,11.0,0.0,0.0,5.0,0.0,15.0,1.0,117.0,46.0,1.0,1.0,0.0,0.0,1.0,0.0,4.0,0.0,1.0,7.0,11.0,1.0,2.0
107,306380299.0,5.0,2.0,0.0,33.0,22.0,4.0,1.0,3.0,5.0,0.0,0.0,1.0,15.0,12.0,0.0,2.0,5.0,14.0,2.0,6.0,5.0,23.0,0.0,6.0,2.0,32.0,10.0,0.0,6.0,11.0,0.0,5.0,0.0,31.0,0.0,1.0,0.0,18.0,5.0,7.0,8.0,3.0,6.0,3.0,6.0,7.0,33.0,20.0,2.0,5.0,1.0,6.0,12.0,2.0,0.0,32.0,5.0,9.0,0.0,9.0,10.0,16.0,5.0,0.0,4.0,4.0,30.0,19.0,0.0,23.0,24.0,4.0,9.0,1.0,1.0,3.0,23.0,2.0,31.0,2.0,21.0,2.0,22.0,19.0,8.0,4.0,0.0,4.0,6.0,13.0,19.0,14.0,12.0,0.0,0.0,14.0,20.0,0.0,7.0,27.0,10.0,14.0,4.0,1.0,14.0,1.0,0.0,9.0,0.0,16.0,2.0,28.0,1.0,0.0,4.0,4.0,23.0,5.0,15.0,1.0,3.0,6.0,1.0,2.0,1.0,4.0,20.0,2.0,2.0,1.0,13.0,1.0,11.0
108,313379422.0,24.0,8.0,2.0,210.0,106.0,32.0,18.0,5.0,17.0,1.0,2.0,0.0,57.0,23.0,1.0,13.0,35.0,26.0,42.0,29.0,14.0,22.0,1.0,9.0,53.0,52.0,144.0,4.0,17.0,6.0,0.0,6.0,0.0,38.0,0.0,4.0,0.0,60.0,49.0,2.0,19.0,44.0,56.0,16.0,16.0,31.0,135.0,65.0,17.0,2.0,5.0,93.0,43.0,8.0,0.0,95.0,10.0,163.0,0.0,99.0,28.0,185.0,9.0,0.0,28.0,73.0,62.0,93.0,0.0,78.0,11.0,25.0,19.0,11.0,32.0,24.0,64.0,12.0,89.0,7.0,73.0,0.0,75.0,30.0,15.0,30.0,0.0,12.0,27.0,72.0,34.0,4.0,10.0,0.0,0.0,21.0,43.0,0.0,6.0,79.0,11.0,8.0,1.0,6.0,80.0,6.0,9.0,0.0,18.0,22.0,14.0,78.0,0.0,5.0,13.0,7.0,123.0,9.0,110.0,4.0,11.0,11.0,0.0,25.0,21.0,30.0,28.0,7.0,4.0,2.0,23.0,2.0,1.0
109,313799444.0,52.0,1.0,0.0,56.0,52.0,3.0,0.0,1.0,0.0,0.0,0.0,0.0,2.0,4.0,0.0,3.0,0.0,1.0,0.0,1.0,1.0,3.0,1.0,0.0,24.0,2.0,125.0,1.0,8.0,1.0,0.0,1.0,0.0,4.0,0.0,0.0,0.0,2.0,8.0,1.0,0.0,32.0,12.0,1.0,2.0,15.0,2.0,0.0,23.0,1.0,0.0,24.0,0.0,0.0,0.0,14.0,0.0,146.0,0.0,31.0,13.0,502.0,0.0,0.0,10.0,4.0,3.0,5.0,0.0,0.0,1.0,1.0,2.0,75.0,0.0,2.0,2.0,2.0,5.0,0.0,11.0,0.0,0.0,0.0,2.0,4.0,0.0,3.0,1.0,74.0,0.0,0.0,0.0,0.0,0.0,0.0,9.0,0.0,0.0,8.0,1.0,2.0,0.0,3.0,1.0,1.0,0.0,18.0,0.0,0.0,2.0,4.0,3.0,1.0,0.0,2.0,17.0,1.0,56.0,1.0,0.0,0.0,0.0,0.0,12.0,0.0,0.0,2.0,0.0,3.0,0.0,0.0,0.0
110,315474461.0,14.0,3.0,3.0,88.0,82.0,20.0,11.0,6.0,13.0,1.0,4.0,0.0,19.0,161.0,0.0,3.0,23.0,53.0,13.0,11.0,7.0,241.0,2.0,6.0,5.0,219.0,35.0,1.0,15.0,16.0,0.0,213.0,3.0,66.0,0.0,5.0,0.0,394.0,34.0,226.0,25.0,20.0,16.0,9.0,126.0,36.0,132.0,196.0,22.0,202.0,0.0,28.0,89.0,9.0,0.0,151.0,54.0,53.0,0.0,15.0,31.0,71.0,55.0,0.0,8.0,24.0,96.0,54.0,4.0,117.0,76.0,177.0,128.0,20.0,34.0,3.0,454.0,2.0,193.0,13.0,120.0,13.0,268.0,234.0,228.0,20.0,0.0,9.0,59.0,47.0,58.0,167.0,337.0,0.0,0.0,100.0,250.0,0.0,125.0,356.0,116.0,160.0,14.0,2.0,53.0,11.0,16.0,22.0,0.0,0.0,10.0,235.0,13.0,11.0,92.0,13.0,54.0,133.0,31.0,5.0,6.0,38.0,6.0,10.0,4.0,101.0,225.0,8.0,19.0,1.0,57.0,4.0,81.0
111,317268919.0,5.0,2.0,1.0,61.0,35.0,18.0,5.0,4.0,8.0,0.0,0.0,2.0,32.0,11.0,0.0,5.0,17.0,12.0,7.0,3.0,6.0,15.0,0.0,1.0,13.0,31.0,45.0,2.0,7.0,0.0,0.0,4.0,1.0,32.0,0.0,0.0,0.0,24.0,14.0,0.0,6.0,9.0,16.0,7.0,5.0,13.0,33.0,26.0,3.0,2.0,1.0,18.0,20.0,1.0,0.0,40.0,1.0,31.0,0.0,19.0,6.0,57.0,2.0,0.0,16.0,25.0,27.0,27.0,0.0,38.0,4.0,15.0,10.0,1.0,4.0,5.0,26.0,1.0,36.0,6.0,40.0,0.0,21.0,20.0,4.0,5.0,0.0,13.0,11.0,24.0,16.0,1.0,4.0,0.0,0.0,9.0,18.0,0.0,0.0,29.0,4.0,6.0,0.0,4.0,15.0,1.0,2.0,14.0,2.0,10.0,0.0,23.0,0.0,3.0,9.0,3.0,32.0,0.0,20.0,0.0,0.0,4.0,0.0,9.0,7.0,9.0,10.0,5.0,1.0,3.0,11.0,1.0,0.0
112,317401345.0,47.0,9.0,5.0,308.0,229.0,72.0,37.0,12.0,30.0,4.0,2.0,6.0,64.0,145.0,0.0,20.0,81.0,102.0,55.0,29.0,34.0,188.0,2.0,17.0,62.0,260.0,270.0,6.0,21.0,22.0,2.0,90.0,4.0,132.0,4.0,9.0,0.0,317.0,65.0,98.0,38.0,115.0,97.0,65.0,98.0,62.0,287.0,212.0,36.0,60.0,2.0,111.0,138.0,38.0,0.0,350.0,45.0,160.0,0.0,148.0,48.0,327.0,50.0,0.0,56.0,99.0,205.0,179.0,5.0,230.0,95.0,120.0,104.0,51.0,36.0,83.0,287.0,4.0,289.0,18.0,186.0,8.0,266.0,199.0,124.0,28.0,0.0,29.0,87.0,162.0,124.0,113.0,132.0,0.0,0.0,108.0,212.0,0.0,56.0,385.0,77.0,136.0,7.0,6.0,121.0,11.0,28.0,78.0,4.0,235.0,23.0,0.0,8.0,18.0,58.0,22.0,142.0,40.0,130.0,3.0,15.0,59.0,5.0,41.0,90.0,105.0,221.0,15.0,12.0,4.0,70.0,5.0,66.0
113,327844651.0,0.0,0.0,0.0,3.0,0.0,2.0,0.0,0.0,0.0,0.0,0.0,0.0,0.0,5.0,0.0,0.0,1.0,3.0,0.0,0.0,0.0,12.0,0.0,0.0,0.0,9.0,0.0,0.0,2.0,1.0,0.0,5.0,0.0,3.0,0.0,0.0,0.0,13.0,0.0,9.0,2.0,0.0,0.0,0.0,8.0,0.0,7.0,7.0,2.0,6.0,0.0,0.0,0.0,0.0,0.0,6.0,4.0,2.0,0.0,0.0,1.0,3.0,2.0,0.0,0.0,0.0,2.0,0.0,1.0,2.0,3.0,3.0,5.0,1.0,2.0,0.0,17.0,0.0,8.0,1.0,3.0,1.0,11.0,5.0,11.0,1.0,0.0,0.0,0.0,1.0,2.0,6.0,9.0,0.0,0.0,1.0,11.0,0.0,8.0,10.0,6.0,8.0,1.0,1.0,2.0,0.0,1.0,0.0,3.0,13.0,0.0,8.0,0.0,1.0,9.0,0.0,1.0,6.0,0.0,0.0,0.0,0.0,0.0,0.0,0.0,8.0,7.0,0.0,2.0,0.0,1.0,0.0,4.0
114,329409390.0,2.0,2.0,1.0,55.0,32.0,21.0,4.0,22.0,5.0,0.0,0.0,1.0,3.0,10.0,0.0,11.0,5.0,6.0,4.0,4.0,5.0,18.0,0.0,1.0,5.0,16.0,49.0,1.0,3.0,0.0,1.0,3.0,0.0,22.0,1.0,2.0,0.0,15.0,3.0,4.0,4.0,23.0,23.0,24.0,6.0,4.0,14.0,7.0,2.0,1.0,0.0,3.0,10.0,1.0,0.0,30.0,1.0,14.0,0.0,35.0,6.0,47.0,4.0,0.0,14.0,6.0,24.0,20.0,0.0,13.0,10.0,5.0,8.0,7.0,5.0,7.0,12.0,0.0,18.0,3.0,25.0,0.0,7.0,13.0,5.0,3.0,0.0,27.0,4.0,9.0,8.0,9.0,8.0,0.0,0.0,6.0,16.0,0.0,4.0,17.0,5.0,8.0,0.0,1.0,9.0,0.0,0.0,5.0,1.0,11.0,3.0,18.0,1.0,0.0,5.0,0.0,20.0,1.0,11.0,0.0,6.0,0.0,0.0,5.0,7.0,6.0,12.0,11.0,3.0,0.0,4.0,1.0,7.0
115,349146547.0,6.0,2.0,0.0,36.0,37.0,14.0,14.0,0.0,11.0,1.0,0.0,0.0,20.0,42.0,0.0,6.0,22.0,49.0,10.0,15.0,9.0,63.0,0.0,1.0,10.0,52.0,26.0,1.0,2.0,0.0,0.0,45.0,2.0,28.0,0.0,4.0,0.0,85.0,25.0,53.0,18.0,11.0,16.0,2.0,45.0,32.0,46.0,39.0,10.0,21.0,1.0,22.0,28.0,3.0,0.0,50.0,13.0,42.0,0.0,9.0,9.0,49.0,7.0,0.0,8.0,36.0,36.0,47.0,0.0,42.0,11.0,42.0,36.0,2.0,29.0,3.0,133.0,2.0,68.0,11.0,39.0,0.0,102.0,34.0,56.0,13.0,0.0,2.0,17.0,28.0,21.0,35.0,56.0,0.0,0.0,8.0,61.0,0.0,37.0,73.0,24.0,27.0,3.0,2.0,24.0,5.0,4.0,13.0,0.0,92.0,9.0,58.0,9.0,5.0,0.0,2.0,31.0,28.0,16.0,1.0,3.0,1.0,1.0,19.0,9.0,43.0,44.0,2.0,9.0,2.0,14.0,1.0,16.0
116,359174134.0,2.0,5.0,4.0,47.0,21.0,11.0,5.0,6.0,4.0,0.0,0.0,0.0,5.0,10.0,0.0,11.0,8.0,16.0,4.0,1.0,1.0,14.0,0.0,1.0,5.0,27.0,24.0,0.0,4.0,0.0,1.0,6.0,1.0,9.0,1.0,0.0,0.0,15.0,5.0,4.0,3.0,6.0,16.0,12.0,5.0,5.0,18.0,8.0,3.0,7.0,1.0,17.0,8.0,2.0,0.0,24.0,1.0,10.0,0.0,9.0,3.0,22.0,5.0,0.0,6.0,15.0,16.0,14.0,0.0,16.0,10.0,7.0,6.0,1.0,2.0,5.0,14.0,1.0,16.0,4.0,23.0,1.0,13.0,13.0,7.0,4.0,0.0,12.0,1.0,9.0,12.0,11.0,5.0,0.0,0.0,9.0,15.0,0.0,3.0,22.0,6.0,9.0,1.0,8.0,6.0,0.0,4.0,7.0,2.0,13.0,3.0,22.0,0.0,0.0,2.0,0.0,13.0,0.0,11.0,0.0,3.0,5.0,0.0,2.0,3.0,9.0,12.0,5.0,0.0,0.0,3.0,1.0,9.0
117,362973396.0,45.0,9.0,1.0,429.0,251.0,74.0,22.0,21.0,23.0,2.0,4.0,5.0,95.0,61.0,0.0,33.0,71.0,81.0,58.0,38.0,28.0,72.0,4.0,8.0,50.0,172.0,244.0,2.0,53.0,17.0,2.0,14.0,2.0,142.0,6.0,7.0,0.0,145.0,108.0,14.0,34.0,80.0,96.0,32.0,35.0,70.0,186.0,112.0,35.0,5.0,11.0,108.0,118.0,14.0,0.0,287.0,15.0,290.0,0.0,113.0,60.0,362.0,17.0,0.0,71.0,139.0,211.0,178.0,0.0,176.0,61.0,52.0,42.0,25.0,45.0,36.0,136.0,8.0,249.0,20.0,173.0,2.0,137.0,105.0,37.0,33.0,0.0,48.0,52.0,160.0,82.0,20.0,35.0,0.0,0.0,60.0,102.0,0.0,12.0,161.0,26.0,43.0,5.0,10.0,125.0,15.0,23.0,123.0,17.0,54.0,32.0,142.0,1.0,20.0,31.0,13.0,0.0,7.0,168.0,4.0,13.0,23.0,0.0,49.0,31.0,40.0,101.0,14.0,7.0,4.0,74.0,6.0,17.0
118,368712590.0,5.0,0.0,0.0,10.0,7.0,2.0,2.0,2.0,5.0,0.0,0.0,1.0,2.0,37.0,0.0,0.0,1.0,27.0,2.0,2.0,1.0,57.0,0.0,3.0,1.0,28.0,2.0,0.0,1.0,3.0,0.0,63.0,0.0,8.0,0.0,1.0,0.0,107.0,0.0,96.0,14.0,3.0,5.0,0.0,49.0,4.0,30.0,62.0,3.0,67.0,0.0,1.0,5.0,2.0,0.0,14.0,35.0,7.0,0.0,1.0,5.0,6.0,6.0,0.0,0.0,3.0,7.0,2.0,1.0,11.0,9.0,40.0,33.0,1.0,30.0,3.0,105.0,1.0,29.0,2.0,16.0,3.0,180.0,64.0,74.0,25.0,0.0,2.0,16.0,4.0,5.0,38.0,154.0,0.0,0.0,8.0,32.0,0.0,35.0,53.0,25.0,23.0,3.0,0.0,27.0,1.0,5.0,9.0,1.0,133.0,0.0,40.0,6.0,1.0,28.0,0.0,7.0,0.0,6.0,0.0,0.0,3.0,2.0,0.0,0.0,75.0,31.0,0.0,5.0,0.0,3.0,0.0,18.0
119,369028288.0,64.0,7.0,4.0,255.0,169.0,28.0,16.0,19.0,38.0,3.0,28.0,4.0,35.0,32.0,0.0,11.0,33.0,45.0,62.0,11.0,16.0,35.0,5.0,19.0,44.0,77.0,271.0,2.0,40.0,9.0,1.0,7.0,0.0,67.0,5.0,2.0,0.0,52.0,42.0,2.0,19.0,96.0,162.0,48.0,17.0,23.0,386.0,49.0,30.0,3.0,78.0,291.0,39.0,10.0,0.0,146.0,4.0,196.0,0.0,204.0,43.0,306.0,13.0,0.0,60.0,78.0,79.0,83.0,0.0,105.0,23.0,24.0,15.0,37.0,16.0,39.0,66.0,23.0,119.0,6.0,110.0,0.0,90.0,70.0,16.0,33.0,0.0,50.0,22.0,99.0,76.0,7.0,11.0,0.0,0.0,31.0,45.0,0.0,5.0,81.0,12.0,13.0,0.0,13.0,51.0,117.0,15.0,110.0,56.0,31.0,20.0,130.0,0.0,11.0,16.0,11.0,168.0,6.0,0.0,40.0,14.0,15.0,0.0,17.0,35.0,36.0,40.0,25.0,4.0,16.0,39.0,3.0,10.0
120,370501016.0,3.0,0.0,0.0,4.0,3.0,0.0,1.0,0.0,2.0,0.0,10.0,0.0,0.0,4.0,0.0,0.0,0.0,1.0,2.0,0.0,1.0,0.0,0.0,2.0,0.0,1.0,3.0,0.0,0.0,1.0,0.0,0.0,0.0,2.0,0.0,1.0,0.0,1.0,2.0,1.0,0.0,1.0,1.0,0.0,0.0,0.0,26.0,1.0,0.0,0.0,14.0,19.0,2.0,0.0,0.0,3.0,0.0,2.0,0.0,4.0,2.0,5.0,1.0,0.0,0.0,1.0,1.0,1.0,0.0,3.0,2.0,0.0,0.0,1.0,0.0,0.0,2.0,0.0,7.0,0.0,1.0,0.0,2.0,2.0,1.0,0.0,0.0,0.0,1.0,3.0,9.0,0.0,0.0,0.0,0.0,1.0,0.0,0.0,1.0,2.0,1.0,0.0,0.0,0.0,0.0,46.0,1.0,4.0,1.0,5.0,0.0,3.0,0.0,0.0,1.0,0.0,4.0,0.0,40.0,0.0,0.0,1.0,0.0,0.0,0.0,0.0,1.0,0.0,0.0,6.0,1.0,0.0,0.0
121,371026175.0,2.0,5.0,1.0,25.0,19.0,10.0,9.0,5.0,9.0,0.0,0.0,0.0,6.0,7.0,0.0,3.0,9.0,11.0,11.0,4.0,6.0,10.0,1.0,4.0,7.0,10.0,23.0,0.0,1.0,1.0,0.0,1.0,0.0,7.0,0.0,6.0,0.0,13.0,3.0,2.0,4.0,16.0,18.0,9.0,7.0,11.0,17.0,7.0,6.0,1.0,0.0,4.0,6.0,2.0,0.0,22.0,3.0,14.0,0.0,12.0,7.0,24.0,2.0,0.0,11.0,13.0,15.0,26.0,0.0,14.0,8.0,6.0,7.0,1.0,4.0,6.0,18.0,1.0,18.0,3.0,14.0,0.0,15.0,9.0,7.0,4.0,0.0,6.0,5.0,14.0,9.0,4.0,4.0,0.0,0.0,1.0,18.0,0.0,4.0,16.0,4.0,4.0,1.0,4.0,10.0,1.0,3.0,11.0,0.0,6.0,0.0,15.0,0.0,6.0,3.0,3.0,13.0,0.0,14.0,0.0,0.0,3.0,0.0,7.0,3.0,9.0,7.0,3.0,2.0,0.0,6.0,2.0,4.0
122,373157754.0,7.0,2.0,0.0,123.0,51.0,4.0,2.0,7.0,4.0,0.0,0.0,1.0,7.0,28.0,0.0,1.0,8.0,9.0,4.0,0.0,7.0,23.0,1.0,3.0,8.0,69.0,46.0,0.0,6.0,11.0,0.0,7.0,0.0,30.0,1.0,0.0,0.0,47.0,8.0,16.0,3.0,5.0,20.0,12.0,18.0,3.0,58.0,79.0,6.0,3.0,0.0,14.0,42.0,1.0,0.0,65.0,7.0,30.0,0.0,27.0,17.0,85.0,15.0,0.0,6.0,7.0,38.0,18.0,0.0,88.0,30.0,21.0,17.0,6.0,3.0,5.0,18.0,1.0,46.0,0.0,35.0,3.0,60.0,51.0,5.0,1.0,0.0,4.0,21.0,24.0,12.0,16.0,34.0,0.0,0.0,50.0,21.0,0.0,9.0,89.0,16.0,33.0,3.0,2.0,15.0,1.0,6.0,11.0,0.0,38.0,4.0,59.0,0.0,0.0,1.0,5.0,23.0,3.0,15.0,1.0,3.0,0.0,0.0,2.0,7.0,8.0,79.0,7.0,1.0,1.0,28.0,1.0,11.0
123,374225825.0,0.0,0.0,0.0,6.0,0.0,0.0,0.0,1.0,0.0,0.0,0.0,0.0,0.0,2.0,0.0,0.0,0.0,1.0,0.0,0.0,0.0,3.0,0.0,0.0,0.0,3.0,0.0,0.0,0.0,0.0,0.0,1.0,0.0,1.0,0.0,0.0,0.0,4.0,1.0,5.0,1.0,0.0,0.0,0.0,1.0,0.0,3.0,4.0,0.0,3.0,0.0,0.0,3.0,0.0,0.0,4.0,0.0,0.0,0.0,0.0,0.0,1.0,1.0,0.0,0.0,0.0,1.0,0.0,0.0,2.0,2.0,4.0,2.0,0.0,0.0,0.0,3.0,0.0,5.0,0.0,3.0,0.0,4.0,5.0,2.0,0.0,0.0,0.0,1.0,0.0,1.0,5.0,5.0,0.0,0.0,1.0,3.0,0.0,2.0,5.0,3.0,3.0,1.0,0.0,1.0,0.0,1.0,0.0,0.0,6.0,0.0,5.0,0.0,0.0,1.0,0.0,0.0,2.0,0.0,0.0,0.0,0.0,0.0,0.0,0.0,1.0,5.0,0.0,0.0,0.0,0.0,0.0,3.0
124,385135079.0,7.0,2.0,1.0,50.0,33.0,21.0,11.0,1.0,7.0,1.0,1.0,1.0,16.0,19.0,0.0,14.0,22.0,18.0,22.0,23.0,11.0,13.0,2.0,3.0,25.0,21.0,42.0,2.0,2.0,0.0,1.0,5.0,0.0,13.0,1.0,6.0,0.0,37.0,23.0,2.0,14.0,28.0,24.0,7.0,17.0,30.0,28.0,19.0,9.0,1.0,1.0,11.0,16.0,4.0,0.0,43.0,7.0,52.0,0.0,10.0,5.0,57.0,1.0,0.0,16.0,39.0,28.0,81.0,0.0,35.0,2.0,15.0,14.0,1.0,22.0,10.0,38.0,1.0,45.0,7.0,27.0,0.0,38.0,11.0,9.0,17.0,0.0,7.0,12.0,46.0,13.0,2.0,1.0,0.0,0.0,6.0,28.0,0.0,2.0,27.0,8.0,2.0,0.0,1.0,25.0,0.0,2.0,25.0,0.0,10.0,9.0,41.0,0.0,5.0,19.0,2.0,49.0,0.0,17.0,0.0,7.0,2.0,0.0,0.0,12.0,14.0,11.0,2.0,1.0,3.0,8.0,3.0,0.0
125,387368241.0,4.0,2.0,3.0,181.0,240.0,31.0,19.0,13.0,2.0,0.0,2.0,5.0,13.0,9.0,0.0,12.0,32.0,15.0,24.0,11.0,6.0,12.0,0.0,5.0,37.0,29.0,507.0,2.0,4.0,0.0,0.0,8.0,0.0,24.0,3.0,2.0,0.0,51.0,11.0,2.0,3.0,69.0,33.0,51.0,12.0,13.0,75.0,18.0,7.0,0.0,1.0,24.0,17.0,17.0,0.0,109.0,7.0,54.0,0.0,107.0,13.0,497.0,1.0,0.0,32.0,15.0,69.0,48.0,0.0,29.0,1.0,7.0,8.0,617.0,10.0,73.0,24.0,3.0,41.0,3.0,44.0,0.0,36.0,9.0,7.0,13.0,0.0,19.0,14.0,78.0,30.0,1.0,2.0,0.0,0.0,2.0,17.0,0.0,2.0,35.0,2.0,7.0,1.0,4.0,43.0,1.0,1.0,21.0,12.0,4.0,7.0,90.0,0.0,7.0,9.0,3.0,31.0,0.0,35.0,0.0,3.0,7.0,0.0,12.0,0.0,20.0,9.0,2.0,0.0,2.0,5.0,1.0,0.0
126,388466657.0,14.0,5.0,1.0,74.0,77.0,29.0,17.0,4.0,17.0,1.0,0.0,3.0,23.0,77.0,0.0,8.0,42.0,59.0,28.0,12.0,12.0,70.0,8.0,6.0,17.0,76.0,74.0,1.0,4.0,4.0,0.0,59.0,0.0,42.0,0.0,9.0,0.0,140.0,31.0,77.0,17.0,37.0,27.0,16.0,93.0,28.0,106.0,107.0,22.0,32.0,1.0,30.0,55.0,11.0,0.0,101.0,61.0,68.0,0.0,35.0,15.0,90.0,11.0,0.0,16.0,27.0,66.0,69.0,1.0,90.0,22.0,69.0,63.0,9.0,43.0,17.0,140.0,4.0,112.0,8.0,68.0,1.0,261.0,74.0,73.0,17.0,0.0,8.0,43.0,42.0,38.0,30.0,105.0,0.0,0.0,32.0,86.0,0.0,43.0,129.0,26.0,57.0,2.0,3.0,62.0,0.0,4.0,30.0,0.0,101.0,9.0,105.0,8.0,6.0,43.0,9.0,40.0,75.0,36.0,0.0,9.0,8.0,1.0,14.0,20.0,0.0,87.0,5.0,4.0,0.0,27.0,3.0,14.0
127,402037439.0,10.0,2.0,2.0,166.0,145.0,35.0,9.0,7.0,16.0,1.0,1.0,1.0,45.0,151.0,0.0,7.0,48.0,32.0,21.0,12.0,13.0,171.0,3.0,5.0,10.0,304.0,50.0,1.0,15.0,15.0,0.0,72.0,4.0,149.0,1.0,4.0,0.0,256.0,57.0,99.0,18.0,18.0,15.0,8.0,76.0,27.0,189.0,267.0,20.0,50.0,1.0,58.0,199.0,6.0,0.0,269.0,39.0,111.0,0.0,20.0,37.0,95.0,51.0,0.0,8.0,27.0,175.0,83.0,5.0,276.0,108.0,125.0,84.0,29.0,23.0,7.0,232.0,1.0,305.0,14.0,160.0,7.0,262.0,221.0,85.0,12.0,0.0,8.0,95.0,71.0,79.0,95.0,174.0,0.0,0.0,138.0,182.0,0.0,64.0,407.0,67.0,144.0,12.0,1.0,59.0,4.0,20.0,28.0,0.0,225.0,10.0,221.0,7.0,12.0,44.0,12.0,101.0,31.0,40.0,1.0,7.0,79.0,5.0,11.0,9.0,87.0,0.0,11.0,11.0,1.0,157.0,5.0,63.0
128,405452697.0,2.0,6.0,1.0,132.0,16.0,19.0,3.0,16.0,4.0,0.0,0.0,1.0,2.0,5.0,0.0,4.0,4.0,6.0,1.0,2.0,0.0,10.0,0.0,2.0,2.0,9.0,37.0,1.0,2.0,0.0,0.0,4.0,0.0,15.0,5.0,1.0,0.0,8.0,3.0,3.0,4.0,36.0,59.0,45.0,5.0,3.0,29.0,4.0,2.0,2.0,4.0,10.0,14.0,0.0,0.0,30.0,1.0,8.0,0.0,28.0,7.0,40.0,1.0,0.0,8.0,9.0,13.0,7.0,0.0,13.0,3.0,3.0,3.0,1.0,2.0,2.0,12.0,2.0,16.0,2.0,20.0,0.0,9.0,8.0,2.0,3.0,0.0,28.0,3.0,7.0,7.0,4.0,2.0,0.0,0.0,4.0,10.0,0.0,5.0,15.0,2.0,5.0,3.0,9.0,5.0,0.0,2.0,7.0,2.0,8.0,5.0,15.0,0.0,11.0,2.0,5.0,14.0,0.0,25.0,0.0,3.0,7.0,0.0,2.0,2.0,5.0,11.0,0.0,1.0,0.0,6.0,2.0,3.0
129,412663554.0,0.0,1.0,0.0,9.0,9.0,6.0,1.0,0.0,1.0,0.0,0.0,0.0,5.0,10.0,0.0,1.0,6.0,5.0,2.0,2.0,1.0,15.0,1.0,1.0,1.0,14.0,5.0,0.0,1.0,1.0,0.0,9.0,0.0,10.0,0.0,2.0,0.0,24.0,8.0,8.0,3.0,3.0,3.0,0.0,9.0,4.0,7.0,9.0,1.0,5.0,0.0,2.0,9.0,0.0,0.0,14.0,3.0,9.0,0.0,4.0,7.0,9.0,3.0,0.0,1.0,5.0,10.0,7.0,0.0,10.0,4.0,10.0,10.0,2.0,4.0,2.0,21.0,0.0,15.0,1.0,11.0,0.0,17.0,11.0,10.0,2.0,0.0,0.0,2.0,6.0,6.0,8.0,10.0,0.0,0.0,8.0,18.0,0.0,11.0,17.0,8.0,10.0,2.0,0.0,10.0,1.0,2.0,4.0,0.0,19.0,1.0,12.0,2.0,3.0,9.0,0.0,7.0,5.0,4.0,0.0,2.0,1.0,0.0,1.0,0.0,4.0,11.0,1.0,0.0,0.0,5.0,1.0,5.0
130,425840443.0,8.0,0.0,0.0,10.0,5.0,2.0,1.0,1.0,3.0,0.0,1.0,0.0,7.0,4.0,0.0,1.0,4.0,4.0,2.0,1.0,0.0,2.0,0.0,0.0,2.0,9.0,8.0,0.0,2.0,1.0,0.0,2.0,2.0,7.0,1.0,0.0,0.0,3.0,0.0,1.0,4.0,2.0,1.0,0.0,1.0,6.0,11.0,3.0,0.0,0.0,5.0,12.0,2.0,0.0,0.0,7.0,1.0,6.0,0.0,2.0,0.0,9.0,1.0,0.0,2.0,7.0,6.0,7.0,0.0,8.0,1.0,2.0,3.0,2.0,1.0,0.0,9.0,0.0,7.0,1.0,8.0,0.0,4.0,5.0,2.0,1.0,0.0,0.0,1.0,3.0,5.0,1.0,0.0,0.0,0.0,0.0,3.0,0.0,0.0,6.0,1.0,1.0,0.0,0.0,1.0,7.0,1.0,2.0,3.0,1.0,3.0,4.0,0.0,0.0,2.0,0.0,4.0,0.0,16.0,6.0,0.0,1.0,0.0,3.0,2.0,0.0,1.0,0.0,0.0,0.0,5.0,0.0,1.0
131,428140124.0,8.0,1.0,0.0,120.0,107.0,24.0,8.0,1.0,10.0,1.0,2.0,0.0,32.0,63.0,0.0,6.0,47.0,30.0,15.0,10.0,5.0,36.0,9.0,4.0,5.0,157.0,30.0,1.0,9.0,9.0,0.0,11.0,2.0,105.0,0.0,4.0,0.0,78.0,41.0,21.0,13.0,12.0,9.0,1.0,27.0,34.0,91.0,90.0,15.0,5.0,1.0,35.0,109.0,3.0,0.0,175.0,9.0,129.0,0.0,15.0,17.0,71.0,16.0,0.0,6.0,20.0,121.0,66.0,1.0,137.0,46.0,52.0,27.0,2.0,14.0,3.0,76.0,0.0,200.0,10.0,97.0,1.0,122.0,88.0,21.0,6.0,0.0,6.0,43.0,53.0,47.0,26.0,67.0,0.0,0.0,60.0,60.0,0.0,18.0,130.0,19.0,39.0,5.0,0.0,52.0,11.0,13.0,23.0,0.0,57.0,11.0,70.0,1.0,4.0,14.0,3.0,74.0,3.0,39.0,1.0,6.0,28.0,0.0,8.0,5.0,27.0,157.0,6.0,5.0,5.0,0.0,4.0,12.0
132,428463995.0,0.0,0.0,1.0,9.0,6.0,4.0,2.0,0.0,0.0,0.0,0.0,0.0,1.0,5.0,0.0,2.0,5.0,3.0,2.0,5.0,2.0,2.0,0.0,1.0,1.0,4.0,5.0,1.0,0.0,0.0,1.0,2.0,0.0,3.0,0.0,2.0,0.0,5.0,2.0,3.0,2.0,4.0,4.0,1.0,3.0,4.0,3.0,2.0,4.0,1.0,0.0,1.0,3.0,0.0,0.0,8.0,2.0,5.0,0.0,2.0,2.0,5.0,1.0,0.0,2.0,4.0,5.0,6.0,0.0,4.0,1.0,3.0,3.0,0.0,3.0,1.0,5.0,0.0,8.0,1.0,2.0,0.0,6.0,4.0,4.0,3.0,0.0,1.0,2.0,3.0,3.0,2.0,2.0,0.0,0.0,1.0,4.0,0.0,3.0,5.0,2.0,3.0,1.0,0.0,3.0,1.0,1.0,2.0,0.0,4.0,1.0,5.0,0.0,1.0,1.0,1.0,6.0,0.0,3.0,0.0,2.0,1.0,0.0,3.0,1.0,3.0,5.0,2.0,1.0,0.0,4.0,0.0,1.0
133,432922414.0,2.0,0.0,0.0,22.0,22.0,4.0,1.0,5.0,2.0,0.0,0.0,0.0,3.0,37.0,0.0,0.0,1.0,8.0,1.0,0.0,4.0,68.0,1.0,2.0,0.0,66.0,2.0,0.0,2.0,5.0,0.0,28.0,0.0,24.0,0.0,0.0,0.0,61.0,8.0,41.0,3.0,1.0,5.0,5.0,21.0,10.0,38.0,41.0,7.0,23.0,0.0,4.0,22.0,0.0,0.0,53.0,9.0,5.0,0.0,1.0,9.0,11.0,20.0,0.0,1.0,2.0,34.0,4.0,1.0,19.0,35.0,28.0,25.0,4.0,1.0,0.0,64.0,0.0,52.0,2.0,42.0,3.0,34.0,53.0,35.0,2.0,0.0,6.0,8.0,8.0,19.0,51.0,50.0,0.0,0.0,27.0,65.0,0.0,27.0,74.0,33.0,43.0,5.0,2.0,6.0,2.0,11.0,1.0,0.0,81.0,0.0,66.0,4.0,7.0,16.0,9.0,17.0,18.0,10.0,0.0,4.0,11.0,3.0,0.0,0.0,14.0,63.0,3.0,5.0,1.0,12.0,1.0,0.0
